R,I,A,S,E,C,numerical_reasoning,analytical_thinking,creativity,communication,risk_tolerance,domain_exposure,career_cluster
0.35367665723356584,0.8358063516339028,0.4159590873381714,0.15996757580999196,0.5502830780616322,0.3425690014233152,0.899685405502124,0.7752151634295227,0.5812943491748087,0.5096277019622844,0.6291504168088582,0.4296963773712838,software_engineering
0.3579287927839609,0.9633915943626714,0.3696702089193077,0.11289324446052358,0.41694116517508917,0.7455225179391815,0.9690719165334674,0.946407565976403,0.4544676719273947,0.2871110056993302,0.28218393053161095,0.6694432096826319,data_science
0.33471508910589176,0.7315562035773905,0.305600711977921,0.8574750494021699,0.6815384586576341,0.6860953950774359,0.7115055278307082,0.8064947340024017,0.09889969521729242,0.6141330224896295,0.1354029308883513,0.7041596010267334,medicine
0.2549589519887453,0.507898888285735,0.5049192750609933,0.7959568601227854,0.9189264342086221,0.32374111131923866,0.6293731990530645,0.28100323893408413,0.6390157022725876,0.8718338960764862,0.7096520260171881,0.6641338032340685,marketing
0.1910615508475541,0.21625503371277896,0.9391390955464862,0.29837284269070247,0.4526890617616879,0.1642916485213648,0.4492030159138238,0.22263584401226508,0.7527845954153989,0.7245829847561505,0.6904654627061493,0.2749638446952494,graphic_design
0.41152983870163845,0.9166799528844729,0.43735984567456837,0.1919060869796734,0.2442321333367091,0.5012581786583336,0.9551406110712587,0.9197418364428138,0.5042917537898038,0.11393320081688506,0.5970673993917593,0.7020564558244768,software_engineering
0.08781088221343694,0.9805704237644577,0.46358893444305543,0.45950640724990544,0.5152813229197306,0.5589010810844265,0.7944034749940478,0.8622219537978794,0.3254519817151318,0.620221362570025,0.364742244715913,0.44034876983439075,data_science
0.8731181016157961,0.8958283012661838,0.13074143774186434,0.8327821105538566,0.3412357481377884,0.697871685553175,0.6822782432371584,0.6811751079489197,0.44628536344013203,0.7539993853694318,0.051563621355059396,0.6221917387817745,medicine
0.35616315015346384,0.42208730394830857,0.7137802043307168,0.8843324156095349,0.6301480452599778,0.3173404781106411,0.40065888427206325,0.8460048821788312,0.8403812643118731,0.9855928408767471,0.8311232182868007,0.5464906274380404,marketing
0.4192629630395157,0.3486963413748374,0.8781385279184408,0.1624319638482325,0.6212577907437663,0.21889229488659329,0.2735735678116609,0.5700551544550196,0.9796875575234512,0.2645587336743577,0.3594220123366988,0.3888254544100826,graphic_design
0.15769075846845668,0.7676412776059969,0.04383395727507158,0.48195935877054447,0.3848992043172526,0.42800353059245827,0.9759161137683459,0.7144787732314659,0.8671374308778078,0.1873924569222671,0.14981968514587324,0.7542642250109848,software_engineering
0.1837694031233273,0.9872590868801393,0.3032797256505657,0.24338580632153756,0.2308648237008342,0.6137365441313347,0.9231671592069112,0.9802864818089013,0.3588692786068694,0.44629886009071135,0.05062501017668802,0.5887857534070572,data_science
0.34988547306476225,0.5790597382959835,0.4634658172395474,0.650608358984459,0.3708981646774659,0.7367449864985974,0.625458505847336,0.7962432451291213,0.12304511072998166,0.8645038963111676,0.09501919665131466,0.7244576096715418,medicine
0.3187515769728325,0.28209380760832237,0.7581467888314815,0.8973647719677955,0.868591390060015,0.5037071666778182,0.3742619290450364,0.33132103427809284,0.8333708293552884,0.8586412203354276,0.716492048330863,0.7797786795530957,marketing
0.5257112922038701,0.2625756147869277,0.9597629469001886,0.49453403379860883,0.5158203828697923,0.319706275524256,0.4737813523307363,0.2835686170299428,0.5999910665253406,0.7136303530002066,0.5738310563021682,0.4390026780950452,graphic_design
0.10347650339355974,0.512423536141594,0.24828138477374673,0.1313003660488081,0.01326208265709197,0.5417029977766661,0.7120939330733723,0.9155033133488355,0.7491767946074066,0.4443709666285652,0.4231842449582782,0.3521759544772772,software_engineering
0.06773392854751507,0.7829498946662894,0.27161935544077864,0.11910027770778647,0.2998701249375907,0.7990899564469196,0.9636515417066573,0.9733818340701318,0.43380966265056137,0.305792948220118,0.4515386726253808,0.33128652868431635,data_science
0.2511949697887858,0.39428431323495244,0.15924986868506363,0.8104302773728373,0.6323920661646688,0.7496194585493552,0.6539185087351762,0.8401762108153816,0.37240521870448534,0.6142956967010768,0.049310578023547394,0.7408585484697126,medicine
0.3076570372812911,0.12289190557285355,0.6319756230235515,0.771633074810938,0.9937946073569671,0.1737125169067227,0.34006253966039696,0.7666275973024046,0.9064373372778283,0.85885510733771,0.6289138283362006,0.5471914920078512,marketing
0.5408223313445231,0.5215723653283192,0.9657331020924409,0.06881156982684974,0.2561537213304204,0.5828492903215645,0.3694187824742829,0.47406719480059517,0.9513734456711301,0.5928379942269839,0.6917078284168358,0.4671430992918565,graphic_design
0.157576078601011,0.7170951090743588,0.34764480412422966,0.3050820962749862,0.4110151238583872,0.5135291542305529,0.7290954838501685,0.8549540770345254,0.4936185951496361,0.6569890394955166,0.3180622814104622,0.6607163227449204,software_engineering
0.1535906531023021,0.929231730701766,0.12170890771045247,0.10195907755313903,0.29154314883466725,0.5588120764767063,0.8681050705413903,0.8574419390194443,0.37042128319087364,0.45595315757472094,0.09262280894029488,0.30537494314282054,data_science
0.33071446891164347,0.6945070603495325,0.3645006819029479,0.8792702676162563,0.37292522933940747,0.6871315191167865,0.41316616009234275,0.6244471778776318,0.3172086398210996,0.8360444912422056,0.03857155701555742,0.7110472114010227,medicine
0.2963863789818734,0.3519536998446082,0.5898559161756733,0.7157571236613436,0.9904116996426752,0.5273313080187849,0.5816226864682508,0.47026150026317687,0.5909767155315474,0.7359948507753264,0.6850926071649842,0.632040138076886,marketing
0.6507252734042207,0.2793559745056506,0.9067404963359885,0.20081953032872976,0.41762673226935737,0.3977583849607771,0.15852198606435383,0.3478299842168888,0.9253266348385387,0.5426369893274277,0.43425439111322023,0.7014177631035362,graphic_design
0.09008163433495986,0.8790331122088385,0.0724330079045627,0.03273815550661531,0.08358317217511885,0.7072530377040263,0.9048395246358727,0.8670949109605933,0.4649743516987973,0.22438613294735985,0.630474595233157,0.4610428453461507,software_engineering
0.2450449682353012,0.9657979312497144,0.1379299979661232,0.39399743206671656,0.2796879328655124,0.6836844321881642,0.9414447233659362,0.898470369993908,0.6378378719934314,0.2535193948960973,0.35161792518845636,0.7257360985832975,data_science
0.4919859085756714,0.9576081133419194,0.22650191954925245,0.8489568779244501,0.6671021836887355,0.5140670808572676,0.5874885974061924,0.8856724615540242,0.3156937271326197,0.7172414361111685,0.3255044882498315,0.6896662861323781,medicine
0.41019293380539773,0.356363321321619,0.562390924002754,0.8958658653610319,0.9734281273778174,0.20809124163768655,0.22977270136767758,0.3811652351696075,0.6481955409305912,0.80817183115989,0.7441133180850091,0.5613913092730168,marketing
0.2541628387125632,0.15515760341113544,0.9906584286457114,0.22368562157833471,0.5153191441689353,0.41486319852294423,0.3163042122164638,0.4879904755009838,0.9877740526830233,0.5002230082659748,0.5693800141659626,0.29372598372018993,graphic_design
0.2750086185191396,0.8061183134955314,0.11601733753096195,0.5878548997680135,0.14184427607987107,0.49432162361616977,0.7127032322450831,0.9264618195428772,0.7254845346525037,0.415795183289389,0.6483636471806562,0.5638979951735422,software_engineering
0.33001023491704745,0.9397580078798857,0.2787200291917616,0.6434081488109457,0.04248275741983095,0.6486965140201978,0.7206410052459955,0.9081754850481817,0.2389742050839624,0.42363045791213366,0.2461137085962701,0.6088726360907951,data_science
0.23046869727567051,0.78406619420666,0.29886020484924836,0.7839352170351719,0.34508380503396024,0.8501509563798538,0.5004575919478549,0.6080565138982199,0.06638113564314159,0.7110391272318953,0.42169784048600123,0.48793138787746354,medicine
0.23654807484795481,0.14475750036526394,0.5722143696030263,0.5875081394635465,0.9826394415216398,0.41452244507148206,0.38384472930908353,0.4453910232410125,0.6342745034717076,0.9125622102629988,0.6211524459872841,0.4678948033584157,marketing
0.4576042919925689,0.4480792389173006,0.9650606697188441,0.2532223606984298,0.4772551937266487,0.35639372193893865,0.12028671531376357,0.21822180103098587,0.9072482765185222,0.36985284484591946,0.43984132567815154,0.36336165112230645,graphic_design
0.508518443276443,0.6949411070190844,0.19321942612217052,0.13296735647492133,0.36129563323290564,0.1793950417317107,0.9168737418164542,0.9222638626160146,0.5691055708941347,0.24790957611272502,0.5946440383974161,0.19291665289614124,software_engineering
0.15407207867050762,0.9013451837500045,0.37910101802873214,0.066028107172517,0.46286222361640217,0.45898073132188255,0.9586056403057356,0.9826477934737193,0.5564000689544683,0.7345454073364782,0.283925279557443,0.6380404499551011,data_science
0.5027297512618227,0.6632683823069825,0.5394673997804647,0.8554516723775132,0.6372561116264096,0.5629876509913092,0.4065343785040054,0.8005647545883159,0.26174016177165216,0.6971867260833522,0.19620881728362402,0.5436167508810053,medicine
0.19593964966880872,0.1793723593331212,0.6457243887378457,0.6269471961756607,0.8412665754511367,0.20384927158519933,0.39964985686082677,0.3647978455987716,0.8900801060391696,0.9020477622574745,0.5102405416187721,0.7522200298768164,marketing
0.391525801000143,0.23981238356347886,0.9417100889218304,0.29955307817041876,0.38047784337405105,0.5024463779946094,0.15740944915912036,0.560127061677152,0.9231562228097852,0.8194280886707722,0.46740310538489044,0.22356159450986712,graphic_design
0.15185759677553526,0.8968859227842594,0.36235328394777183,0.24274258800425302,0.18542703272923547,0.6355903735558184,0.7567481996950255,0.8056290951489792,0.6489182720770048,0.43411161062243075,0.3171040434502336,0.47093286896860864,software_engineering
0.4701386966285343,0.8561776861570215,0.388381793150282,0.05263737518198621,0.5052811888269514,0.5433437623287208,0.9264589716558048,0.7807171128640199,0.29725173697493523,0.4593287038004777,0.1924290042537322,0.6861893531370015,data_science
0.8036378646528413,0.6417606226160163,0.13564106328018455,0.8607952734284349,0.3919274059790714,0.6432147886374395,0.4064288162556421,0.613304724730167,0.33975196811827507,0.736909118018831,0.3446192387941173,0.4359070404304833,medicine
0.17188397734674285,0.21017356578408541,0.6535809417316139,0.4023989713054869,0.9433796210730928,0.37083333292505216,0.37867900392090875,0.5699349480138195,0.5917604964387113,0.9946363685984709,0.8339107548989936,0.6205564648379643,marketing
0.5991484491763501,0.21695372024211126,0.947550213757204,0.6160565690235656,0.4906602545019135,0.12598603371079212,0.33131607432977284,0.2466619798336981,0.9011564549235749,0.549735962235838,0.36900106013150963,0.5675927756107031,graphic_design
0.4145262260245681,0.8127974658681774,0.48911681822414144,0.07138373772435837,0.11744327156347463,0.7631222650436743,0.6297044455218295,0.7201733354706313,0.5297377802152418,0.47790668762163885,0.18845453637903656,0.4352577897328142,software_engineering
0.1898860722024825,0.9263282445426507,0.2774288400844077,0.5264086385938195,0.36404837877046187,0.5663952652641618,0.9795337916769561,0.9948961356508262,0.3135531640246073,0.544083409380581,0.17008567152438217,0.33628146667477127,data_science
0.5456363117820928,0.8024670671883986,0.310809260614259,0.7147261142328996,0.4523362703091879,0.6872523419367685,0.35471977282456807,0.6538467314736421,0.14204136966703773,0.7929150486808376,0.35764338003178997,0.8499477196264253,medicine
0.27170217319000567,0.19582472657237576,0.6087935545896652,0.8731865078349247,0.8448026147343166,0.31259326010683286,0.20424505091485,0.6352067680750407,0.5804677198271788,0.8943086987827773,0.7427068934725178,0.7043924973073155,marketing
0.358442807345977,0.5337618941211054,0.9782928532801147,0.16231943376354982,0.6626863479308138,0.10204168860856118,0.2813269463661402,0.4609569156659918,0.8642855055354093,0.5976349555916955,0.40106447218578317,0.3501294946503546,graphic_design
0.05369951548994858,0.8556320078728917,0.2794224044294483,0.3066911814390244,0.34303308364673246,0.638219302789624,0.8042429143750978,0.9613161772672941,0.529912627946356,0.18925248001504222,0.5659211876011978,0.3918252831089785,software_engineering
0.29980310270744265,0.9764422290708406,0.3880271259130662,0.25762943131535104,0.1666443672957474,0.8077407666039202,0.9350554407121988,0.9936027312634473,0.5065325793969159,0.5083554690188821,0.2664109304094879,0.3957053349840675,data_science
0.6284735823246451,0.7544264402272063,0.3876771247992241,0.7678008869653011,0.2626699245954081,0.781865325460158,0.6803372075307882,0.8092027727170139,0.1712412117655016,0.8225533919617782,0.16053161883344175,0.8272184455593672,medicine
0.20637165080479947,0.11417236517598567,0.6512281003516605,0.4183085618817578,0.7434400949291342,0.5269376535298702,0.6665341087349508,0.40362477796176016,0.6523342793183734,0.9235147538136429,0.5995387590812777,0.6241897085331636,marketing
0.40612018527137905,0.45388079736614956,0.776628236680506,0.07709237473738904,0.5427519960400837,0.4674355152035755,0.1658910126352401,0.4895362970608229,0.7767894854462777,0.7301664658807603,0.5086178174273164,0.43038084021453255,graphic_design
0.15231369526667302,0.7747667516802101,0.02028770672331838,0.0959430303712714,0.21752351739020506,0.38511706964252884,0.889868065104401,0.6669920248233797,0.6239617111909265,0.2491444213777257,0.47064647970829554,0.862672516599424,software_engineering
0.17613828915465354,0.9961764219105305,0.19624503588794182,0.37923562094967306,0.18776428792989602,0.49663285503694665,0.9821590438694641,0.9620532363157795,0.4828621533195037,0.5357462570835373,0.21234414165486934,0.5854370067738663,data_science
0.6324993984382881,0.7757477992414342,0.18035041428788406,0.6847210573741876,0.3378101418442313,0.9214638454363634,0.5268907428598083,0.6896508586859127,0.27415346676325075,0.5754592252130073,0.3956729860321742,0.7279158195340184,medicine
0.16973758904288572,0.2392823982238523,0.5705311133842565,0.7924566804008626,0.8820213714194775,0.43504679470107327,0.1654076423239969,0.5473706376440227,0.8721617188748447,0.8559730982451189,0.7744784115090699,0.6043003499287195,marketing
0.3533396349603515,0.5882604597838873,0.8782059507089409,0.26861207844770135,0.5151196917083085,0.024422496267400954,0.15157769750617117,0.3853241462162272,0.9826352015866943,0.253530303080145,0.351759750374882,0.21119516410327036,graphic_design
0.09426047501250534,0.9204006675413676,0.0405952160464261,0.5013100171730703,0.125480123667906,0.5192704272590392,0.8403661048797902,0.7445741244885654,0.5632876363602112,0.5206669302699156,0.360110559926123,0.8827308862863714,software_engineering
0.17653263115212867,0.8444244490787471,0.40757927510179803,0.23454909158629697,0.21945719752611637,0.6699916439164478,0.8138582351894246,0.9074749256716574,0.4878836874978832,0.30052227803838166,0.42719391677585483,0.6734426140483456,data_science
0.5110007277688378,0.9383567853056914,0.34707346861984734,0.8095984298292161,0.34612445894041804,0.7486369377275097,0.5556288150349208,0.5044247617829051,0.24998061116913148,0.5281695651152329,0.24389907528075505,0.7054766499494508,medicine
0.3234538332036665,0.3049193677754559,0.7825334750381503,0.9066533580848569,0.9026858817030259,0.5073874267041686,0.40246404174359024,0.515101894058776,0.6564468809942284,0.9011758468994231,0.6686458038867009,0.5438370242530388,marketing
0.4525220750141101,0.6420261698076387,0.9630577472071636,0.2341148669261949,0.39974690229909954,0.09595128593448145,0.35166371117505474,0.2833892835570201,0.7769347420392388,0.505564051718994,0.16072822423552866,0.15805459030824368,graphic_design
0.035803578246787426,0.7919926676985072,0.24383281385531005,0.2213303199280783,0.2997716427647808,0.536811996409146,0.8049587938822772,0.8047296596127209,0.43198795301543697,0.21609093950498157,0.3361676783272851,0.8353778530732866,software_engineering
0.18409853067518725,0.7185277104799676,0.25350315443332616,0.6453239454240364,0.06898778353666153,0.35475403996330895,0.8378514801018471,0.8036579020028868,0.519496732817666,0.5967881842242304,0.40894663452251817,0.3051732482588275,data_science
0.28856202083591237,0.8631481148929596,0.06792109399286941,0.8338576432566356,0.44355808185644285,0.8139522897715697,0.6520302168194199,0.7021890479956358,0.21227570056248404,0.9536258218774104,0.1600171084882865,0.8350500802403692,medicine
0.14751099829025166,0.26347185128788514,0.7100009635054559,0.5663583700696566,0.9702487066138576,0.5564902856479611,0.22243235571315068,0.6360427127633157,0.8415375455577409,0.8951553288404932,0.7000986678348551,0.6576962320813456,marketing
0.56410894054432,0.39656454217520487,0.9605968577685461,0.2649039191445624,0.49528543272880554,0.20430937519228762,0.28143551934373895,0.45973713415218725,0.907766538232445,0.6586639678901064,0.2538835548699325,0.6675392565572835,graphic_design
0.402055849828295,0.8231511495892334,0.10487597750144124,0.38732356578007404,0.18573085115580862,0.45189208912486206,0.7460589899621013,0.8487907461951555,0.44312587733179254,0.5727028349954156,0.3699754157851964,0.8292409404480974,software_engineering
0.170026276168447,0.9815363444753961,0.061320546902070706,0.03460834988837926,0.1970882903642891,0.7205887534665971,0.9430275676136656,0.7892499824079873,0.27064021993120824,0.3926225571360971,0.45033910099034136,0.6395203389891314,data_science
0.5510804490274972,0.7947986385389519,0.21810105618598996,0.7420942053608096,0.3802710712098381,0.644721186721007,0.8027539728337608,0.7705029452445372,0.33527912522338865,0.8013337312106026,0.13422349343332568,0.44581208623402724,medicine
0.4173677494081522,0.5610480503976737,0.8014047446510846,0.9144127026633082,0.8840845801702417,0.49573829757597077,0.5944244685268817,0.42338751610431447,0.6059243388800971,0.998349225728904,0.749489412927926,0.5574532976008749,marketing
0.3556396186005301,0.23038207096023033,0.9679447715099219,0.21427885470996333,0.47993611676800985,0.23320414628000993,0.20678943524953247,0.6510266735743686,0.9097476692714772,0.7743793817720763,0.49972902532512453,0.6745798702123772,graphic_design
0.6027458853453898,0.8779117439991331,0.33845649566823327,0.25470188033259733,0.41650937611680433,0.47936340577293984,0.7266637086824468,0.9656446666987534,0.4960578492979638,0.44872347532126333,0.5531406282410641,0.4512595029703688,software_engineering
0.40693614527896116,0.9081820338185015,0.12841835931114595,0.3400878088283524,0.22364087557231513,0.7587187118442993,0.9298537431908936,0.9179883695654302,0.27346372277766984,0.32519935913187276,0.5834682789092023,0.5637315461353631,data_science
0.3481520265963805,0.7957287653548801,0.38256661568693123,0.8096109218558517,0.3365617843526427,0.8097983212826438,0.5663737525759456,0.8587001491890324,0.35306670271339036,0.82465759667113,0.29355370866480185,0.7950480646671073,medicine
0.13525495524082082,0.4134974358547067,0.8330512007456824,0.9225704412928207,0.8566797005595491,0.44413467360812015,0.6070750017636755,0.3107837021279107,0.39240130895204417,0.9915744111984716,0.8324823159086813,0.6520570221104431,marketing
0.19788424974268146,0.516417292519765,0.8655910166365893,0.27510481077185883,0.3562261889249554,0.1806540756473318,0.4060332917425434,0.42156234215118044,0.9695727630527912,0.7782419233088003,0.38934640620018435,0.37575955466602395,graphic_design
0.17713755075876503,0.9122621052010367,0.05988625613699209,0.33221933021243255,0.13282509332979364,0.5245131453172356,0.7559331608651554,0.6538881360359304,0.5399270872196311,0.33958121374682404,0.21250982079884,0.5880067202750856,software_engineering
0.19460414633823603,0.9908886971577721,0.20022510866450144,0.32049117521478193,0.46691329568454343,0.8689078783889019,0.9804345889449734,0.9247117803078736,0.37410021105404384,0.58815679128258,0.20082800126719597,0.20294472099423994,data_science
0.5070705457282176,0.7009840517997237,0.13942182895883667,0.8945506624547582,0.6784874545499234,0.6841512529082094,0.7177439561968734,0.8493029302818089,0.49166390370812785,0.8919703563096191,0.09829224830748824,0.7946011383095061,medicine
0.37806400893475217,0.12389112517717783,0.5713819683053275,0.8183649176342201,0.9056264164169446,0.751139323277807,0.16743375506166316,0.5786724714320715,0.6966853602313845,0.9082948645468998,0.4338372181242812,0.4640449619196421,marketing
0.6191866596179837,0.48742338680165276,0.9987073945405391,0.049816159720121,0.5563396447554001,0.38177956293399523,0.40126102757660176,0.3233473877226869,0.7620122657236579,0.7783469919915453,0.34918330258366714,0.21952153185199066,graphic_design
0.4761884770283981,0.6615591315294341,0.4550904824592667,0.3646707258553313,0.23760219409750846,0.48937516820960525,0.8434979824574976,0.7953024593623235,0.6152837866516638,0.3447085072665634,0.4784937960439895,0.5142822292736972,software_engineering
0.047654715173492866,0.9725665009763944,0.4218154762752328,0.3013859442558872,0.23770559787377085,0.501497802204568,0.8284590721684255,0.8654852675887832,0.539167437228637,0.762950842253067,0.2996087579489098,0.7602711092853597,data_science
0.44537988963506964,0.7802576588889492,0.24718246875504576,0.8801449745241036,0.3057904986310502,0.8310624146248229,0.5602609723853492,0.6831283151101959,0.19549134864991474,0.6280326790462144,0.14856522650838175,0.6428700608653994,medicine
0.5933355123267492,0.66348731055548,0.8017606896661132,0.6076675694923399,0.9762911535911166,0.2658821181314114,0.39041009898593426,0.36815807043892135,0.669632155408978,0.9418152100879421,0.9286105210614477,0.6968023802557021,marketing
0.3201460901754059,0.326914542334759,0.9993846259430509,0.13883213905665712,0.7269437968907412,0.3678015253189207,0.14971175275698942,0.3322419556976512,0.9455315874921958,0.7621048348164471,0.5075731951848389,0.3100325008869449,graphic_design
0.171892970512924,0.8235344882192894,0.2024517443898647,0.22863765281597825,0.46349070456281477,0.3998440698857655,0.7750945113782516,0.9279258539011543,0.6643995613884627,0.4187854098740209,0.4994302439021943,0.5817135284619159,software_engineering
0.2453787438648542,0.8493466067509892,0.16428791916318525,0.23342900039260484,0.11008242681211902,0.7412904527785981,0.9966922980784162,0.9673173842548299,0.4728853508759241,0.46647905151467867,0.16367940192245656,0.6662166103195264,data_science
0.4235063582676707,0.7323486809553491,0.3352880651214446,0.9581309335345857,0.30477911463429425,0.46927518977671934,0.5125225332961943,0.675689637388773,0.3884963933608324,0.8419449969883369,0.5332266690819621,0.7303530117659638,medicine
0.19559380047597558,0.060082717341418346,0.5992973980432456,0.671932727373409,0.8205151933577212,0.36286622155389797,0.43042535867693776,0.7485015350827832,0.7039602909965441,0.9105931452297217,0.5526551563021249,0.3160455030038346,marketing
0.5818410895806163,0.4556873723273336,0.8803558649255246,0.31110915681733314,0.5182134489872504,0.47778713196255596,0.7396482902975002,0.5200115235829674,0.9797190542534023,0.4541799872869596,0.35558372559016443,0.23831948752209434,graphic_design
0.23764147756820928,0.6556053512852186,0.4069820359310805,0.3146013379899874,0.16827445972325167,0.30355954178839356,0.8169755038935071,0.9221620645805544,0.45289857272436884,0.325957919040005,0.592942296238429,0.8551021387517318,software_engineering
0.07789800054220204,0.9675863366541858,0.4431575370388088,0.21613956681479898,0.3270787410046182,0.6832042554202747,0.9874423672035401,0.9768604833008373,0.38689619668566383,0.6454528850142457,0.22337329331378275,0.48988575187424505,data_science
0.8506322764139386,0.8951755004627607,0.38579893959303424,0.5406887959702981,0.6495335540537883,0.8210374246844145,0.5411458895500587,0.7109100789882099,0.1699104876062816,0.8639602242318067,0.41708575271181114,0.8217996429038079,medicine
0.18582648585372022,0.43141177028348904,0.3428543631193451,0.7384145357339635,0.7793662303764715,0.31453075964638527,0.49395988771855553,0.41066071236525997,0.6522200708589765,0.6858698449030729,0.7590259042002231,0.78044132319592,marketing
0.3903582238042912,0.29569719083317403,0.9869582845628109,0.08947230106240427,0.6264051031439504,0.1734976968188687,0.4223282738876654,0.455933585842144,0.9667745847175218,0.698419959256692,0.5879863621440411,0.7930347879172386,graphic_design
0.27387726539046764,0.977322106528419,0.22399869125647953,0.5931486747954159,0.547442654509771,0.376644755164354,0.8613040288594525,0.4992125929702255,0.5947701461669189,0.5681500885987562,0.26107420245833707,0.4971945287399102,software_engineering
0.27347491456198403,0.9920377714206352,0.22772054018691365,0.23835491325395058,0.161216626562411,0.7293630711891151,0.9348124705058933,0.9298750386846779,0.24837363482873093,0.42275486371038734,0.4608506734234607,0.4363439690636947,data_science
0.6869833811215985,0.8026919318455892,0.09198248689876844,0.7379630986780898,0.5124227775832078,0.6194611110097069,0.6668286196589761,0.8955412844083166,0.13239075306797618,0.5390588187544129,0.2412127285272316,0.696458106644816,medicine
0.40370219004063607,0.08188945300478066,0.925714781004982,0.928041484429696,0.7092349694973524,0.3733406903181877,0.39788585874396787,0.4055256052844463,0.6650093421539301,0.9690462643205013,0.7350138918058224,0.6395083314484339,marketing
0.4299951105079562,0.4808398128013756,0.8809463325372293,0.2664796725019962,0.6930448751495375,0.08699303958123515,0.360935837536529,0.5327046884810097,0.8669239043928276,0.3629756911318308,0.5904082501166718,0.2949410282502716,graphic_design
0.03316185968887018,0.6236468079629729,0.20751728977006056,0.17562129150423586,0.35923113446640154,0.7267289141428631,0.6572525148168216,0.8647835935875634,0.6192138914360615,0.4686607208995406,0.7126596721136966,0.5200133907039248,software_engineering
0.09410682923380724,0.7495269208035344,0.17118230566747386,0.36847770164693944,0.39346038903608305,0.8079522861659294,0.9726252640264172,0.9865982210034014,0.3120641832660905,0.5711715744096527,0.2927821057355943,0.7193938267074617,data_science
0.35401113730243616,0.7627613924274044,0.24589500274433598,0.880360126054985,0.2905023163976627,0.582747239332754,0.5740539972498869,0.6589117624085591,0.43391503644607515,0.5993879270441798,0.07211667704157632,0.5674100215487062,medicine
0.6228419696011507,0.19051415802047938,0.6140019011711484,0.6967166952697472,0.861345342841236,0.45946815727894236,0.7462776310932365,0.42314968677372417,0.769369216728396,0.9834781875933771,0.8349507046084722,0.6739827101834361,marketing
0.4967445487245311,0.2540388205392336,0.9312294483593169,0.0668476442721551,0.3112425522490871,0.08201916906989012,0.19776822071556083,0.22178586837034764,0.96980219559089,0.510371868372309,0.36090313771165333,0.32323012204999474,graphic_design
0.21893111788688133,0.9062099727036893,0.4604493989406266,0.30110227435041076,0.24097964885512327,0.33782711789921044,0.6280753153432452,0.7315254780788342,0.5046064360587587,0.2931990201594894,0.5120035959512711,0.6093580425616005,software_engineering
0.09456427882565704,0.7606762708542533,0.16805392540061698,0.27806978567280294,0.600599765017067,0.41307207321618133,0.9741318363948502,0.7057637857616608,0.4723836136857772,0.37707866177412913,0.3632465514062264,0.3808115392189957,data_science
0.438555910531836,0.7980051340299085,0.39882726694654624,0.8449328925862359,0.24244774741794786,0.9180994467745309,0.7675488034725946,0.7965867507073565,0.2460598896375401,0.718211070565289,0.33691756131597467,0.39965747385340034,medicine
0.49359917689801525,0.22311834651635903,0.436946146336476,0.6973551482186746,0.985644427089605,0.43582842530156796,0.4690554151301491,0.37242220796784725,0.7003664556158931,0.9253151057666892,0.7827815253566782,0.6908314947082418,marketing
0.3321585122799487,0.4565881690836677,0.9294380115959895,0.4031675737816288,0.6895178882199974,0.4599431294093182,0.3461000272306916,0.4988791197212391,0.6900482380634995,0.5233990278028682,0.3713041122774027,0.5823374285791685,graphic_design
0.28041178717207565,0.9398662837802977,0.08767755363010783,0.1503939190011696,0.44130336052315194,0.32135939529499974,0.8784911035974613,0.8931296187754763,0.7700031050604966,0.31627453802956906,0.31197782200295743,0.6948683861325711,software_engineering
0.6176872187953555,0.9863123242301662,0.2840914808810871,0.5754859263203815,0.4197998513601295,0.818821889308957,0.889963620696859,0.842695869521427,0.3060163272159936,0.3106768206566947,0.37807406968221624,0.46066313375534396,data_science
0.7709394493309191,0.6690026446733528,0.2992083215716564,0.7869045976415722,0.47221839485904915,0.5632412766618131,0.39797885049559073,0.7535737858947312,0.35374755409975744,0.5665769071878242,0.13342123418926902,0.4235507740581399,medicine
0.4167176195864318,0.13047393554110664,0.6692206381521852,0.8995375525439577,0.8395243059673391,0.6620249335925275,0.2061193214526391,0.3246028233872633,0.7664809131263444,0.941053680202392,0.9502231531767713,0.6835161107390436,marketing
0.3922355197979783,0.740240699424571,0.9629980296332367,0.3359034438983629,0.5184667021481935,0.18181032268743014,0.2543124457127542,0.3159995575874957,0.8800323194844287,0.2741032319310774,0.42215868133698037,0.38862965424520146,graphic_design
0.38762730112288585,0.7116782585643007,0.04255493968319861,0.7027228461514909,0.20317663544645967,0.6861210052134874,0.7685566123641807,0.8376073793485156,0.4489263021602095,0.6997613423691127,0.310454100589527,0.4199240560767721,software_engineering
0.5452485679678547,0.9666367904583199,0.3329434319586859,0.16123849930236214,0.39037259225219273,0.5675320283950426,0.85221622846318,0.9213947379582836,0.3658290242641227,0.4166622293785437,0.4118566986281968,0.5720950994762262,data_science
0.4219023827627281,0.9035519088900478,0.13574504446091049,0.7781289977109827,0.3375793684191449,0.5405153603399304,0.6339148268808651,0.540019508966742,0.507690831746772,0.538558325647337,0.3005501369845644,0.473761088555583,medicine
0.5502466552653651,0.11803829345449954,0.5721661836489129,0.9467781458426671,0.994231731855567,0.14115822443303394,0.2523771649375679,0.288772499638481,0.8045119836419329,0.9338784193154103,0.8411119228688883,0.5905894862559532,marketing
0.3026542946859959,0.2862341436969552,0.8435173408173298,0.24705663431730757,0.27405194464856436,0.1052625577537221,0.1321501366020573,0.6242019902864793,0.8860677222112736,0.7007557836600025,0.6903891080659195,0.30928712462607777,graphic_design
0.2515908928612635,0.6908786079724527,0.09186901063519616,0.5840392095394881,0.3051488265277075,0.37094053504447494,0.6853609149086587,0.7279699803375822,0.7356637887296542,0.6443858041598861,0.710935941549926,0.7911052203358369,software_engineering
0.27470029412662283,0.9567991756054082,0.06348819916643651,0.186983021766014,0.2562863695452873,0.6742444185695782,0.8120693133129367,0.9742686264034404,0.3576314899004017,0.44880870492988895,0.10424705293154089,0.5855494393213974,data_science
0.4717088503670701,0.6514915041021666,0.5390471040258038,0.8351194287983148,0.6038159151582211,0.7835447790178545,0.7710834984064361,0.39155126400457796,0.31887119606680236,0.9276538352601211,0.09048919328282298,0.6419651655567729,medicine
0.09442851918802522,0.594894149526744,0.5471902708665236,0.7931501102811994,0.8634422340174822,0.49189521441976086,0.4540045346159488,0.6230203630346014,0.9159024458508589,0.6869294980632451,0.921040584083941,0.5736015624678094,marketing
0.5832244362221032,0.584676764448821,0.8319165547843127,0.2615358713723137,0.4249536516341553,0.5566001526992631,0.14099391274607592,0.17789964533085217,0.9487457598235555,0.7139709233617278,0.3453987296221788,0.33515052600977907,graphic_design
0.04375613708658546,0.8358774942005011,0.22518798013922264,0.6289129813352421,0.2909125537723906,0.5585340777781013,0.8137066840673456,0.9216229870701254,0.6946209053341112,0.3841409978615547,0.48956707981432057,0.6500961686263071,software_engineering
0.2712905727524124,0.9063712508392948,0.37270648822008895,0.35135154073592856,0.24579391624153457,0.6662773205498049,0.8079882389181383,0.9542056526208726,0.7325297365255449,0.5147376723148164,0.42277488388801343,0.5525293046763979,data_science
0.4152080735851583,0.8061489892377386,0.5748956828804463,0.6938535079054651,0.46029345690678447,0.8723977358601884,0.704217819017548,0.46717543737967476,0.14561429783437052,0.7822770398645477,0.21803064596853156,0.47964991276653407,medicine
0.10985069787993142,0.5690808040096794,0.8734149333779323,0.8430780286124888,0.9193255081580425,0.47246903994984824,0.3627265245786061,0.373030263297007,0.6501971939598238,0.9879993822458286,0.8424886558778623,0.7943394615495785,marketing
0.13396639837971303,0.28294629710154817,0.9865367517228086,0.11486396932670669,0.3325390333917043,0.19617030791144446,0.43911925072179214,0.685044251459485,0.9961101702370112,0.8635271488997441,0.49747003845894555,0.47158465010303124,graphic_design
0.45106062434713606,0.8959635555638699,0.3699868620451042,0.011562417561293163,0.11192688888737036,0.42642970597974017,0.8748342699516038,0.6247230643817058,0.46927810518646385,0.41384386888185204,0.36101486084579554,0.5937828390417293,software_engineering
0.02976464190408341,0.8514998308535099,0.38485404924085365,0.08817666749276759,0.2991130470953742,0.6361952596117615,0.9302726191602433,0.9525204043923619,0.37052263031311666,0.46375840616401076,0.20326410039687393,0.6853784401838818,data_science
0.43158535624227284,0.9345965716993457,0.3409126237251116,0.6759787852598531,0.3476170391223438,0.7612280426505443,0.8200366559618677,0.8502269834649364,0.37510962248335544,0.7001195896652673,0.1339042031969198,0.3813753894255871,medicine
0.07395397427923826,0.23624581959439708,0.4997429961099431,0.6553339731403425,0.9303212594309307,0.20850858505645598,0.27270395752561694,0.606071341390036,0.8064908608374686,0.993522172232913,0.82190603189281,0.3896063745524861,marketing
0.6696121069439828,0.7100988668293662,0.9249658041639621,0.03901858277736632,0.3590293902394484,0.1100129318417727,0.4064868977402077,0.6601742715127832,0.9955494799533506,0.6734028021775897,0.4919798915132729,0.3057919319106417,graphic_design
0.18236175387586814,0.7612808779998153,0.04065240918944571,0.3578187963663263,0.15550326169247852,0.609610533727455,0.8825299519211993,0.883503381800635,0.2009283297032998,0.40598369394984996,0.23107576193340032,0.40495783386002165,software_engineering
0.22047169333908986,0.9975159343305775,0.40239836080332436,0.4577467175014152,0.591337709278917,0.5356842498622053,0.9679305909569274,0.8149680536892447,0.44074603723497424,0.39391705623060225,0.424992779990822,0.7686503647742221,data_science
0.3559892052116201,0.7642376163800779,0.1460083546129573,0.8575234014577742,0.5662554598509901,0.650627640008001,0.744883952059104,0.5162782282872892,0.2882099974484124,0.892946147818421,0.12153078570110383,0.30668335213691056,medicine
0.10548840324025711,0.4415516354168649,0.40452093037978054,0.8745998358110538,0.809868445636814,0.4043054425647264,0.405627706156461,0.37544552823502997,0.5158145653407558,0.9836389273293255,0.6726509589860165,0.3541351666741007,marketing
0.48648589203168313,0.6477847750872316,0.8549689844809537,0.06624407042208695,0.5602255843708314,0.35463495367398534,0.19676791613748942,0.28092630233877863,0.9022728413526165,0.3975645756927757,0.6260914524119059,0.47655560191968394,graphic_design
0.178859895078156,0.8174247895053649,0.23968692587649323,0.19213378580178747,0.2808486378653038,0.4513527979633296,0.8208466687233955,0.9272167821662887,0.7448051386477164,0.45154612043337683,0.17731587938378846,0.8007455601756768,software_engineering
0.325781827534648,0.9977102659054996,0.47904812807052644,0.19639232316728122,0.2350386777445597,0.6598577775251931,0.9999537837873184,0.9723302710549833,0.382530671365724,0.5292714155691373,0.34602999386894184,0.42241891773404155,data_science
0.7214698020577113,0.7586472566301918,0.3413790661984561,0.9303914618450125,0.5402332618718386,0.8006177534101012,0.45580322230610415,0.8862682885279389,0.036326741496528384,0.7361553606283503,0.17327163940253726,0.6048951518108486,medicine
0.19538293948857569,0.3975652168233735,0.7312454054898735,0.9333432897820557,0.9495811144738298,0.3699980877865908,0.5568813293739379,0.5259845935558293,0.347949488774317,0.9160163351277292,0.7050809005090988,0.4801319338960842,marketing
0.13247004725598466,0.6397165508854097,0.9868500878765927,0.07836452882045625,0.36226421627972344,0.08385986907079464,0.4040639369034646,0.35175990434396215,0.8794270723177504,0.46239441972408374,0.4900297096405475,0.21170490696318328,graphic_design
0.13766859448242402,0.6404633750882356,0.2637039916695148,0.2999989955419524,0.02798350076654308,0.4887158943573622,0.6465422499855552,0.9374296276851029,0.7144899516392392,0.4893991340610714,0.5422257872915481,0.598135143915071,software_engineering
0.41973697615822614,0.9949312824845857,0.20720951246871336,0.3710691219914514,0.11080997751033117,0.7965561899846015,0.9307127765923301,0.8916786657197758,0.7058881092395147,0.44731181709203116,0.11084263105436801,0.35424594684085825,data_science
0.48983783638203365,0.8431899949007929,0.6169928598711879,0.9346914517797715,0.4185516007709925,0.6475381385088419,0.3622614550878042,0.6129688716833731,0.27709860213338794,0.8244701357917156,0.20934641328364526,0.5411899668993895,medicine
0.15357905196838312,0.23085735528056536,0.43921303721589433,0.7917503396527348,0.9393512489345457,0.27618804252566775,0.29046729946759997,0.4015657302276845,0.6234627622502888,0.8172952884341482,0.9146459978924589,0.8156080901872396,marketing
0.2871773784950564,0.45912533530808913,0.9096438618515517,0.21590349868407135,0.5302538757504075,0.3005203478208468,0.565621370184732,0.5462369690420197,0.9846061287924767,0.5051631702739604,0.24984559946739174,0.8273498956800618,graphic_design
0.058405899955161225,0.6119849299053423,0.21805902309978983,0.18450276628264947,0.20445861019629388,0.436532146939594,0.6308609367740879,0.4714699112513175,0.6152673535406362,0.22109719749534765,0.36357702431049144,0.7670530895362138,software_engineering
0.5168561346474458,0.5927663511155601,0.16531452552189901,0.041566308234091735,0.21762364817709734,0.6804307446377038,0.7236956206335984,0.9129556668244706,0.22126188293747134,0.49468418382961205,0.28344119809262397,0.8195532283086299,data_science
0.578977462381436,0.9151544313736958,0.23368255004054264,0.7879474253161083,0.5593936136095465,0.9438216145702526,0.7064254888022005,0.4437056689909327,0.6324395596676247,0.7924009381680887,0.130594261968944,0.6177809574314248,medicine
0.34563722106028966,0.17308317349576152,0.4705695163614766,0.8646015505821012,0.9365266665760623,0.4625567220777736,0.31417100065675435,0.6569061236408744,0.8853279662512956,0.8728293236952614,0.6191231035301134,0.7515902175666112,marketing
0.26435691519261517,0.3848767370890696,0.9427334879730552,0.17360986213224197,0.5638771567416272,0.36375524218572924,0.22083593978439864,0.26845605079024354,0.8821696819438799,0.4004957548702612,0.4204719507245661,0.33011706685347425,graphic_design
0.48814650018623307,0.9465045527838977,0.5098772553009548,0.12310986037732494,0.5340564936477953,0.5782968175281039,0.8830901551994937,0.7473251131851081,0.7912004177674906,0.05698597367408353,0.3362925149269177,0.8502961201428118,software_engineering
0.19688526916152252,0.9203778848164963,0.5755017021000175,0.16397973777077698,0.28352858156715666,0.7745004480925646,0.9364229867929765,0.9070462483088433,0.24574126728048412,0.7935549307943995,0.12793940005769425,0.4487710570805656,data_science
0.495619254596051,0.49538629142113977,0.22725692467018208,0.8056394343178876,0.5411944318983671,0.8451863103618766,0.569060597077434,0.611172157428554,0.0751897223210419,0.8486252102635073,0.19723923607238864,0.2714179578275451,medicine
0.13378273157486514,0.49062129383401587,0.6141266014388077,0.8800227760924035,0.9666862104402272,0.4931019750088622,0.35626916889873006,0.3862061246341491,0.6237448164298943,0.9890953406011984,0.6651821624130674,0.694175577351908,marketing
0.5144264341479797,0.2936879112535452,0.9106036510511383,0.22718156586128285,0.5914572426791714,0.46530925974868814,0.5217810456889121,0.4254434382266584,0.8875520654257709,0.5349671672020997,0.2802870965448205,0.25573568018705733,graphic_design
0.44381078965564463,0.6548181779497605,0.25366514027494835,0.6217119229428877,0.6645913867609113,0.7548236218492241,0.9155141403846475,0.852188041018158,0.6599279972988791,0.2877533301585488,0.40879615250981466,0.5603429944403383,software_engineering
0.2532480207651408,0.8201590301491881,0.42986674180702056,0.04735502183409085,0.31874798285913875,0.7136926724078634,0.9694495524109628,0.666289556022637,0.26486319293217153,0.218279333068482,0.16399466095789234,0.6075562900838063,data_science
0.5402764910748671,0.6912723137759335,0.32790493126195686,0.7869240562033163,0.38823620089352684,0.4632055170377169,0.8662999823050407,0.5238566058923613,0.20514239284341468,0.5627651434927083,0.12680669526139465,0.628235222808892,medicine
0.02686304690351182,0.4418522660851818,0.6663877433661273,0.6542232440425627,0.8149294617799608,0.41022503512252056,0.1775470385607165,0.26214906027219564,0.5547464626182694,0.9377873067147062,0.6468589027142997,0.527006573660787,marketing
0.23427594344483932,0.3669286134928018,0.9217740697414635,0.5411190772796683,0.3627440588996925,0.1553410283323512,0.2895948875857441,0.5484213155532353,0.8598347307232889,0.6253942566468214,0.5249108438598128,0.5133040964813773,graphic_design
0.4634281692866867,0.6495327361031206,0.2216669158299189,0.22661367700726837,0.2584065917858716,0.37623594051813447,0.8950790840409839,0.6776103296563109,0.6319846226512686,0.3550588823109492,0.24672277297002748,0.5641975038847402,software_engineering
0.39991775561691667,0.7889551665174163,0.4186361901754055,0.3243483049903616,0.32792390611543554,0.819986085910444,0.9535242126114926,0.9308640889351133,0.3855518014722485,0.8162101841062642,0.1821953111423273,0.48204391469270685,data_science
0.5353078207762324,0.9256139821995942,0.1457937263681166,0.7645741938100358,0.6525993978722174,0.5714334813522323,0.6422008783754655,0.7343809796696649,0.18118683597077812,0.6000100148893429,0.07450969107333959,0.6637930928139638,medicine
0.1883569969763341,0.5875106002626451,0.6923387027401054,0.7319218930296737,0.9864799503728636,0.6140905957607516,0.4179669866894786,0.18052790364481527,0.7740751272292558,0.9732047787985235,0.8030050972116376,0.35419198003555585,marketing
0.5332105896761316,0.19012078747682373,0.958712713143916,0.5537420329437532,0.5831048533602053,0.27018494321410325,0.1524066866998106,0.5292570776401507,0.9688605118851995,0.7138513956745739,0.5237065358504405,0.30233435063804076,graphic_design
0.6733363023365608,0.9608767945479385,0.22877693201659766,0.27158982466254894,0.126118667803428,0.7062651913190592,0.9264623518779114,0.7370576823058334,0.7221903979378397,0.41200094723247405,0.2579103402523644,0.6598596755765852,software_engineering
0.2925555678002268,0.8438949996190522,0.30678980367096054,0.4688335591908051,0.2750052162715527,0.509008471956713,0.8726418328387767,0.9825014137147577,0.16498368036353075,0.2629794591804457,0.2264642347821697,0.32092864341272725,data_science
0.8847848841758214,0.814102261612746,0.22967342138208813,0.9338913007498603,0.3164954478722638,0.7631873096994379,0.520328746622667,0.5596668688767575,0.2549088896441465,0.9664539513077807,0.21486805340093593,0.7034886534971465,medicine
0.14154232907559453,0.3676585439486384,0.6687439341040269,0.8149011057481212,0.8484000134459361,0.5044175820185453,0.3676917921334223,0.26403824774417256,0.7855149434380317,0.9410764102561872,0.6725082587719645,0.7413051886119026,marketing
0.4778890917919561,0.4414338376973091,0.9949309764744705,0.13426438892635745,0.4434820061697856,0.2518561286520874,0.16331517246214558,0.23034381049193864,0.995859490838232,0.5906744615219429,0.7482827663880679,0.4839948901811366,graphic_design
0.11605761118979938,0.9304134413407191,0.3202449016408759,0.3727884423006114,0.46293765041442997,0.525109753320751,0.7891889426515863,0.8638500572005605,0.6590528881700541,0.5110701488502696,0.35035375653328243,0.5712772620473986,software_engineering
0.17816691055291842,0.9623581903942322,0.18494708752514666,0.2550470939171907,0.38357288584933164,0.6207566053724097,0.9418704428285394,0.9938038231247542,0.38236724336951206,0.7275697922812013,0.24993443695332984,0.5498447436672326,data_science
0.4700210837801825,0.9024775918819395,0.7051345474409769,0.8340602023287819,0.6415794991334056,0.5958430790991073,0.7490165306177408,0.8082604464684066,0.23520700550086832,0.6558861880415728,0.38737373866210567,0.7089998930578014,medicine
0.4315786388223158,0.3117228705421564,0.5507672190902533,0.6564970807639534,0.926189661429395,0.24126390047237947,0.1903666246851528,0.5669147983603635,0.6489473603572551,0.9799870533100749,0.6205960620009946,0.8471611945313129,marketing
0.3301205801181576,0.4535193986825639,0.9589075036394075,0.4871259736927597,0.4522906541626249,0.1881101007522715,0.5210763973689763,0.2606067867005702,0.9155374784556733,0.7159563163997604,0.47370743216611316,0.313947736937376,graphic_design
0.4754700679502412,0.7061694195874668,0.05321822733493019,0.34152479750542747,0.33643457975975005,0.42421872363983354,0.6159984343657875,0.7677530013821978,0.7730242207080741,0.25764439834561925,0.4584093760741553,0.9069884091046129,software_engineering
0.15066358183922243,0.6957672421429407,0.22889809131925123,0.26825781427280815,0.22256394230997564,0.20354288482680075,0.9226682452530727,0.8301563569581855,0.19795493183567475,0.8246155700747432,0.193557444083998,0.36107514968854204,data_science
0.46319948372116937,0.8749337620783801,0.16439571211088194,0.7665593641537225,0.2648430917762043,0.8681862974435437,0.6502361150114385,0.6717240429488728,0.2438764463122035,0.7506193393633418,0.09294764173473055,0.5948845425087897,medicine
0.060055006757578536,0.17017169854256098,0.8117282193407634,0.6363004240662058,0.7091305689935026,0.7565486977450873,0.33673026327755734,0.44705348329959216,0.7686108700523886,0.9750612412366643,0.8594370540722377,0.5052492494106656,marketing
0.44429042758676734,0.2373653561586825,0.9615451038670988,0.29585762182652725,0.5665380842555134,0.3458663848808894,0.21827706229155808,0.39312251581816493,0.9008367424353338,0.671802022817731,0.4723536719726291,0.536933174162111,graphic_design
0.07481741644834426,0.9145502647472059,0.30733510152467397,0.3947673712026059,0.1512084421902838,0.4932332376331756,0.8682165887510411,0.8224295271409295,0.524995066758231,0.24503653523576696,0.2256798681935005,0.3553356594785289,software_engineering
0.1201867153746156,0.9575472069429687,0.28331783555757695,0.4006279976404403,0.4160728596782115,0.43265431969990725,0.8750271612037681,0.8574100636530485,0.2348560363422088,0.14264103447738724,0.3282300835165029,0.1796666517707847,data_science
0.38266400095451897,0.8089201368197569,0.058918171565168306,0.6756883493458394,0.29298663635832006,0.7988665396585576,0.8320228342343496,0.34902405990755675,0.426910935268749,0.5955272140762933,0.08445380036328279,0.5002792609921479,medicine
0.6071916407611678,0.2852431900693219,0.5677609980812859,0.8235889632232356,0.9695418680135076,0.23229635178844368,0.38736737025012535,0.6167724195792219,0.7990031245710358,0.7877296541375103,0.7370836076007375,0.6895197459601554,marketing
0.032568030450100545,0.3644781940704572,0.9648563052646343,0.3903189145471523,0.3307181051060919,0.4073982795830809,0.2746530148884287,0.3984396204255143,0.9799854548288404,0.3371791429189133,0.5615818447625639,0.7186748232451347,graphic_design
0.30420226764183617,0.7232768788115634,0.1740203920098286,0.2550638539939978,0.07064157138654234,0.4167561389380372,0.8853464545663939,0.7292157139284339,0.9402249723937548,0.34418511206434044,0.5287823698988805,0.8834224866458873,software_engineering
0.1736169932828987,0.784263298153783,0.05817360167496388,0.35274868197834897,0.7303867500197938,0.6840007573077417,0.9991083560014807,0.9700979678634871,0.5222154680947181,0.2403433336451976,0.4706990600549861,0.5330638468515778,data_science
0.13175218390635868,0.7686523908789314,0.48554830262467197,0.8833526234556331,0.5939144531151431,0.6222893658775316,0.8331138820974274,0.8992533648279408,0.5206863606377046,0.8524230031392602,0.07411553420215074,0.7578205975787937,medicine
0.245447524327769,0.3402939452205782,0.6265400714604061,0.4825935370889459,0.9855282201293216,0.39238875388317523,0.1369193622476058,0.3655409552345462,0.5978172591278463,0.8859476938892802,0.7071691850225674,0.6901241422051121,marketing
0.2936240418818078,0.2958841879856965,0.8371785468674484,0.07557070932759377,0.32634307008727625,0.20960811932619433,0.5183182269575941,0.42852899624654356,0.8780387135241438,0.49217560843561053,0.2998789629713909,0.5749990385335753,graphic_design
0.36742553964492153,0.7542279040939126,0.34372073883584386,0.477036922066283,0.2380338351439049,0.5628393184776422,0.9076725588483197,0.8642313169685424,0.6215990318058047,0.5326221517833515,0.43086581020878173,0.7715986524546384,software_engineering
0.44942450524901867,0.8042332599162488,0.07204009027510799,0.07466967461470808,0.16112449996252606,0.6725465276087225,0.9128182865389424,0.9791880862723793,0.2196221267890181,0.482969924702531,0.4334469449759348,0.7531991193851505,data_science
0.2665472081068897,0.7897483441570669,0.3928699669634143,0.919928523300721,0.39104010017725965,0.8606250706307578,0.6461322124460636,0.708661840183937,0.284256921918067,0.5381699565553467,0.2767894173298519,0.40795623903141665,medicine
0.4781537687500245,0.2638770086178801,0.712633813300894,0.7068078529030177,0.8981653949254731,0.27067570062305235,0.15813939530823068,0.6242897783003568,0.9136100625606229,0.919105501812878,0.7780208029277346,0.491314405823934,marketing
0.4458670631402195,0.33993446984907966,0.9947532298103567,0.08184439725126999,0.34376180266546164,0.770639706372513,0.1806544518499505,0.3731609453673887,0.8284971985519507,0.3066290536933343,0.6145342260432656,0.2847560726171589,graphic_design
0.28882987151403294,0.907377488560556,0.12374689549003934,0.15331801911858728,0.1467138160780115,0.6194221434982455,0.8176345655106951,0.7927643094350177,0.3858020422755962,0.4837828724649157,0.4056690319828696,0.7093950084239554,software_engineering
0.08617850350055599,0.9943527255021354,0.12367099268186343,0.16709537736963567,0.2652150893710405,0.6311132011827939,0.9862624832372784,0.9760256227005917,0.24944981864137367,0.6155123781637466,0.2389927666191779,0.4255699158565657,data_science
0.5402632565029881,0.6571038823225115,0.2881557546953736,0.8615667286301099,0.43094325081229257,0.627974648117873,0.5465053974767704,0.48945529557898027,0.1693202722214407,0.5497811853172361,0.29469802478856,0.47266807059429916,medicine
0.2867243602555089,0.2775871905100494,0.5219048741044292,0.7441684431988728,0.7373421970916455,0.558927795068641,0.4584552273224846,0.5274980514852244,0.6824897966181126,0.9666262613344893,0.7633697297469743,0.8173174334422696,marketing
0.3336478107921928,0.41124618119614714,0.9142446810769507,0.07874365916152397,0.2978403035694811,0.42176007017628586,0.30211722502560645,0.44396580303516303,0.8552755887083863,0.6344525879691439,0.39991638766345977,0.5645202760023433,graphic_design
0.12254149173912325,0.8108920633955139,0.19363262766618522,0.5840364554906169,0.035345614946842505,0.481709786845464,0.7738190770466256,0.8720440539466471,0.7113570523231322,0.3826297358235512,0.4810120086882588,0.37336682174157876,software_engineering
0.2958076505489145,0.7857594169363629,0.23633086889546928,0.566765317581613,0.23440745836924637,0.6246363539904327,0.6594186572890123,0.8444546505856808,0.5272893512482156,0.78252480401766,0.3052383246187238,0.641879638220354,data_science
0.6376557556820345,0.8084044959996556,0.452368737856345,0.9006929841780825,0.21890393392044272,0.7191952059910675,0.6323715619588907,0.6496623445106611,0.17230209174521438,0.7296622232117937,0.13491540294361556,0.6371958423877312,medicine
0.42247535562903055,0.12910674004684733,0.6156175262511002,0.8832555443426637,0.8745292267972645,0.38040820703292566,0.3815646041954826,0.46881934632206884,0.8405980105704502,0.9168648008360306,0.8780315065915366,0.6045901541779448,marketing
0.1904265477307014,0.21649339943070814,0.8894506944914393,0.2837464071231553,0.45233374018101136,0.3823559637905708,0.5318044570421666,0.5481247204303131,0.9513372278526916,0.5024463487238725,0.43246539535461875,0.3400268027978287,graphic_design
0.16659174248867065,0.6545500607371311,0.25926635058867137,0.32625357268167804,0.07979168832164223,0.30055432392208936,0.792553185305503,0.9296952144742826,0.5523014793655054,0.4384772950304016,0.48849467491151577,0.2878942943042071,software_engineering
0.2550216422663869,0.9871781995851221,0.11490544553513314,0.25098821527313986,0.1559432457138228,0.6836852698437075,0.9495160894975292,0.9781004319545128,0.41604461151415084,0.5786735708160446,0.47596433036401975,0.5100997930635144,data_science
0.5583890795297402,0.8291820176318835,0.15226984612263797,0.8637143289480517,0.22729987814726632,0.7231854146313191,0.8309354019020255,0.7797004982696671,0.21599109551776063,0.5202140862618005,0.12607927711254857,0.5886220229265844,medicine
0.45939990989543045,0.34281293422048903,0.6767260048121938,0.65605985196776,0.7596395640229717,0.2562000255293227,0.43766286678902955,0.32846889294735865,0.7386818908171002,0.9181668511107939,0.7590584324964595,0.8042987385571603,marketing
0.26308815307812305,0.24042681818845196,0.702057744353369,0.1684033770697867,0.2575754709284728,0.22271454158314424,0.17065778862297895,0.4365249543832557,0.9123162589730277,0.6884166041419992,0.43388302009238816,0.11373382119485625,graphic_design
0.18221612065880127,0.8872156817084341,0.21766650405328314,0.29259324461313113,0.4708015855518126,0.5988994888273166,0.8956464686077866,0.8107286521306952,0.7249236863940559,0.27094994714011,0.33886381971667184,0.5135041693196635,software_engineering
0.09709889064601379,0.8014656017741032,0.05724730384964678,0.392907840947582,0.16036935977406958,0.4092196902860174,0.9844996787503734,0.9109212119948973,0.2806111731767104,0.501056888244767,0.6181948842286377,0.3480325324683212,data_science
0.4235676003063743,0.8774684177786591,0.20946835270999398,0.8894497872007412,0.468844003939829,0.6934249751809464,0.5396507995826881,0.8893212279871958,0.09416240341910088,0.7011931197735781,0.1394465582489472,0.3746371249417513,medicine
0.3324374865812484,0.260909034171747,0.4805994755719358,0.9910002501754288,0.8744188893210016,0.5216510633034783,0.5216566641992523,0.3218655770531592,0.6649777331056967,0.9841372824580836,0.70470950182205,0.598187005489769,marketing
0.454300506998861,0.5184786368836113,0.9497738353780929,0.49622505178117,0.7993815501982352,0.401172186711996,0.1665126100974902,0.3444117831424269,0.9521863294039712,0.6895628766812472,0.4901648355508651,0.40829137905315877,graphic_design
0.27294327103548816,0.8483241443033716,0.1685745684425936,0.5433744283360893,0.4394492702923378,0.6136749984912484,0.7754824894535994,0.4846771246113211,0.6352566777544268,0.23449824912111464,0.6069638450911299,0.5440432839679272,software_engineering
0.5653790181941235,0.9790059615789748,0.43258404867733885,0.4096809169149772,0.2930136903268359,0.46240959460129955,0.731284302610308,0.9030594520065764,0.24983874043295362,0.6415766997220095,0.15270449144757633,0.649732984625911,data_science
0.6567449654591482,0.7084938448718567,0.268106013205653,0.9344718567561477,0.30009309443834514,0.7570919622416564,0.3827865234177877,0.7319735770889827,0.19245866383142315,0.7888878847285951,0.23349142192768108,0.5843544587522682,medicine
0.27073589587688,0.17319359905175424,0.8076750386538512,0.9824712936709128,0.9144046512150209,0.2317005814721811,0.1419820875586521,0.5409136651821194,0.6423347480528855,0.8184864749861941,0.8656236084177278,0.793976398071428,marketing
0.3118160081525882,0.26706054025574605,0.8931485576475715,0.4099306291596672,0.38907656101774024,0.2584748405167031,0.3146534296535801,0.14193384188364475,0.9012047671869711,0.570000623728889,0.43341492878755966,0.37966868921532787,graphic_design
0.4539409033559079,0.6988915321053397,0.2898707080576563,0.3698673335247538,0.3057074692454862,0.7848845822318827,0.8488810081921091,0.7953092853503013,0.4073495365041658,0.4554034789479791,0.5323592344059628,0.6143922640580199,software_engineering
0.17741513044104867,0.9496604455959591,0.37274456253930544,0.5008812213390089,0.13776738860655965,0.4354841535492512,0.9601494319584197,0.9778622322193472,0.5652838123333798,0.6071877814971146,0.12616670765932111,0.6743519639453243,data_science
0.6849899738554838,0.6539141784222257,0.10647411080764439,0.8152163560656354,0.5325998891930879,0.7979701131479304,0.4789870588453904,0.8649780555161304,0.27090311065623657,0.9271430933506342,0.3011510880939173,0.4578534967759292,medicine
0.2945384009138923,0.2100666276248304,0.6434577330763618,0.992739067934346,0.8055945619938597,0.3412757961968324,0.5277508595389996,0.5311843140737803,0.8293970118583522,0.9929865314002368,0.7897554425530344,0.385635137002537,marketing
0.32230892957848567,0.5606958101816494,0.8156114690870094,0.3540501511722909,0.6586233243616636,0.3137577006604724,0.09229484220152659,0.2107900015009025,0.9049182534290905,0.6979811474181653,0.5246075033973054,0.35831771068539037,graphic_design
0.1481296596096642,0.7615744969543604,0.40661985862427047,0.2405867530959992,0.08407769239056731,0.6027851537338041,0.8527512048752078,0.7972882854463657,0.7338183648447653,0.25670133863490685,0.5206111142992368,0.3971410664936581,software_engineering
0.13465139637544732,0.867715365258181,0.3742954472547552,0.20893203581061723,0.4365143685482748,0.5959046917507831,0.9979474733337974,0.9298113509117937,0.2252428982397318,0.7093523036371656,0.30200658986024365,0.530775951587134,data_science
0.6864776096399698,0.8651743196135055,0.31600212059689525,0.7752593223402584,0.30772826273232873,0.8584305985685577,0.5950678806361505,0.7674341963118485,0.11768236050596129,0.796162274478986,0.22303449291282842,0.4160250596905942,medicine
0.40114268130399333,0.27190262433414475,0.6461461847162302,0.7538468366393781,0.8508895903520257,0.5328843688531854,0.35715183372804604,0.3348557644142704,0.7724498886462998,0.9852052434071341,0.7725434254599705,0.64412006986555,marketing
0.4234766108635232,0.7327127923895917,0.9595385267807873,0.4261353950697218,0.6944738979394629,0.1100896038083681,0.24011732580941395,0.1946020282847747,0.9806076855582089,0.6725130540849202,0.2498270866721527,0.3458590619965792,graphic_design
0.2483381893458687,0.9669911333237096,0.7212255221637432,0.43398413035096833,0.1612453190505989,0.5955425574269609,0.7166488879876499,0.699703683899274,0.4537436057056924,0.4912188587703479,0.30811559235730507,0.5162439171753258,software_engineering
0.3164068111774079,0.9860865551536495,0.21552000017754394,0.23702370423108582,0.1316802826619093,0.6646630568824838,0.9584063204802648,0.7094946458154897,0.6253473031285338,0.24978698443735456,0.5020286148055129,0.8626730952528594,data_science
0.3848061440485251,0.8346275096257159,0.1897242156796167,0.8230418474203747,0.5007577413736999,0.9005593863925808,0.6105799067819357,0.7390207513074859,0.23030321023732972,0.8159911606458912,0.30261279514583983,0.4301743227417914,medicine
0.07690148708186235,0.37903002878519976,0.688380598863102,0.8521659809303871,0.9172682669695138,0.481242451337352,0.35115789998775176,0.4268703620520524,0.7349348075773602,0.8666109694408107,0.6284683638411456,0.4458929165816489,marketing
0.3756450615865141,0.46471654836240733,0.9084384222449075,0.363356313316081,0.22144068992833504,0.13052436193575317,0.325902641652362,0.38384429968713735,0.9812040539381613,0.5739656837932475,0.5760425031425503,0.33549241472436203,graphic_design
0.38871998085777226,0.8108306740831309,0.09525520581795448,0.11750358289075634,0.2772455747006247,0.45755122920227725,0.4976480609597366,0.863165140231667,0.8914826789370911,0.4566433007279197,0.263850687939192,0.6934250356463323,software_engineering
0.47130970328355715,0.9820810700288785,0.1146287404965311,0.3697019535963749,0.14159787424695502,0.7291452623726554,0.909364163652976,0.9516280443953836,0.5348080683993811,0.42597465427149483,0.0883612341340887,0.5412038368816647,data_science
0.48912451794743117,0.9286366817596948,0.11849084709823264,0.7068358196808107,0.5487963047285467,0.7560572086852573,0.6096490105006516,0.75770630219055,0.20149077209489372,0.6688910168405965,0.10097581979079943,0.6682546425941264,medicine
0.16711142591087105,0.48693670819540247,0.8932119976902785,0.7958452115207072,0.8307821909213196,0.6660139347219461,0.3521527818205238,0.5798194909375196,0.42892941564745624,0.9184144793358723,0.6944870731050758,0.8011365515581974,marketing
0.5261121363634047,0.37669016461365834,0.9115376681773191,0.22786390268631665,0.2452000964288976,0.12645117810239098,0.4168099031961284,0.7064718683786143,0.9562929042812285,0.6123653506758062,0.2472104757389455,0.5124361350922053,graphic_design
0.06744657643777896,0.9174437925016103,0.317795982750838,0.3737883036035394,0.5367684871602825,0.290845773108941,0.8567871082845846,0.584368096879105,0.29977884847317987,0.524428424461499,0.7047308862551551,0.668763011124971,software_engineering
0.29436068223925765,0.8172649827487318,0.09319749374432085,0.6244661644440432,0.19372946856725198,0.7143912504640617,0.958670090821968,0.9908957204538824,0.3406393335004225,0.45580148544053584,0.11344909785896673,0.32890647033995535,data_science
0.595660447393382,0.8412762303411805,0.295656680353419,0.5872050422702654,0.2607692389573926,0.917312283560679,0.33577473166888233,0.7460809597778802,0.1236404969804475,0.7683830241188543,0.27107815617403597,0.409447433835847,medicine
0.21587381553516727,0.13355485306242063,0.19920391069952892,0.9457034887822181,0.8382260656201944,0.6157067426150035,0.5897052437178192,0.28171096326187545,0.5304459521689464,0.9714166096348514,0.5737261472335023,0.6744770455526051,marketing
0.533926015864353,0.3368554899635026,0.9605172761702294,0.06845947540634661,0.30529745594375707,0.3992739052031364,0.06263204765473349,0.34487674999501394,0.8912537161483627,0.9113281557317329,0.6628429248588044,0.4596709973949902,graphic_design
0.7539395333628399,0.9263143673077637,0.22179373633248936,0.4437191669151813,0.16500606749163632,0.41746995593249575,0.4541587852532958,0.6014320921763512,0.7373098150864887,0.4163532067213995,0.6885437866822943,0.48278034540814124,software_engineering
0.08821085402579461,0.8593330614482502,0.2931513458280168,0.42534495533628036,0.20926314271162536,0.629933195904685,0.9745925149985046,0.9897311148492914,0.3596121120052025,0.4880033233759567,0.17233925093978741,0.3929668309035573,data_science
0.5053981114566938,0.8201159371043988,0.21713794238872236,0.8606628533952139,0.24198851473335703,0.7098182021332351,0.6600213911624672,0.5410326954424042,0.2409982552413558,0.8354731859739001,0.19549888881189012,0.43289531152599386,medicine
0.1298859627538416,0.3210416428582567,0.9022768377442986,0.8554235688331397,0.8610170920001209,0.3556399374273303,0.17143483925886802,0.372681216299994,0.8177778879733684,0.9984514912405852,0.7068301999605371,0.8110672575785309,marketing
0.3952847131460593,0.1792932707698345,0.9830996885436368,0.16160968922749805,0.5837832133767251,0.3482194284393344,0.08704294320808259,0.10055470396963324,0.8119806989516171,0.23529697977971661,0.6148661444090419,0.2481380016904414,graphic_design
0.11284936414923404,0.8010987295769698,0.30332528529273184,0.14117593613065424,0.48580403259754473,0.5634921093721881,0.7246789306514433,0.9072321310729494,0.28704442108095385,0.29467140409904696,0.48508685718719063,0.5728609125790377,software_engineering
0.20958474516443662,0.8113216594066256,0.4282854354366252,0.3366238427875718,0.5205981042499945,0.44855785778382257,0.8766110194381377,0.9669631591445829,0.464621865587532,0.3097795422937328,0.2884387112758483,0.49376498508926847,data_science
0.46570184910945617,0.6798046127772952,0.40305549761942805,0.7995092588927131,0.5687357774824885,0.41579465299417995,0.5417759034399315,0.7770645234734329,0.4804125537836071,0.8086939417227449,0.3564450797978904,0.917834709715829,medicine
0.44270759438356416,0.22913954362547959,0.8358988713536223,0.6686465276059032,0.860876109539919,0.46383149892100983,0.5634800723217425,0.47950492518681465,0.5290429271683335,0.5418854048094098,0.736882920276333,0.6557990745658965,marketing
0.3030220840637984,0.3713303125336551,0.9353318090118535,0.14339369319607262,0.7262415597101642,0.17839887036341878,0.3645073597969251,0.6437697770765805,0.9534240872939512,0.7835263147084316,0.5659392097824051,0.27828232349974846,graphic_design
0.35278213542023973,0.9296999147913232,0.4188489707151806,0.38612473548671,0.35892958207003794,0.2818707751626274,0.9232946279968632,0.7002911844168338,0.5959727495855905,0.7129380639791232,0.14074293970871848,0.574418172767358,software_engineering
0.2682410176642265,0.7278252347769093,0.4801226428548737,0.21306203471824303,0.7099473613995595,0.5790073657496331,0.8098852239423389,0.6541270595437046,0.3634930045435411,0.5039155810410697,0.22655825279403807,0.6420743707185083,data_science
0.5355952915041977,0.8955956410333065,0.11091409829136567,0.7247495404529455,0.4497061145789851,0.8675457256721193,0.5388738084343693,0.868471446067418,0.15694540331121717,0.6765205418262652,0.41623637785229634,0.802378487922,medicine
0.22832377350470118,0.10777013583379211,0.515448171965679,0.8757433222885543,0.7056067426343616,0.5709272770558411,0.475386273663744,0.684903109732635,0.6474623743408194,0.8216495277046524,0.7329484177369385,0.5622843826435621,marketing
0.36226337983405377,0.34579738650401043,0.9038390514180783,0.3081258146658748,0.7779830823069841,0.16290554666776505,0.30451141655455016,0.4071902116161879,0.9805978199341399,0.536526899117555,0.6997025093564945,0.2761973058203276,graphic_design
0.1828852267377238,0.5445216958185034,0.3250716779766962,0.18894378189908487,0.3391060436733489,0.49493787503541425,0.8767895901458651,0.9196654984662601,0.5374237576331438,0.4338580755812319,0.32789732790618614,0.7973878628978084,software_engineering
0.3340292391694477,0.8868631292538708,0.42985774875342936,0.30430918730473094,0.08797387065222069,0.575360904418784,0.9181476404530224,0.6678214152243452,0.39602744465617845,0.43381059469818767,0.3457292614704773,0.5011968543676754,data_science
0.3667436383372536,0.9052895700224409,0.19879907714284992,0.8480152112247634,0.2800810928958244,0.7363647581529728,0.7991490791842178,0.7256095991044499,0.19325026738893097,0.7139435127865156,0.14987203135135574,0.5853535734045717,medicine
0.08575462345408377,0.2033278216982641,0.7766090903907085,0.9207266868673719,0.784057655767691,0.388920405972184,0.5804861087861277,0.44006267469570814,0.7412325797267173,0.8624272852381174,0.748728189349196,0.26844919328308864,marketing
0.3647002514193895,0.22857223686855016,0.8445847984405863,0.19909985476744557,0.4366524333004429,0.19715204438705516,0.33462666884216347,0.46387659157899336,0.8598311895770112,0.4170659389368648,0.4001908524651271,0.42568306671510714,graphic_design
0.6315198751416798,0.8805449453191726,0.5656975822865379,0.6420299221182524,0.32838431446506366,0.5791959132134121,0.6127933072692617,0.8849078351653106,0.524175224880718,0.2634547802540239,0.5720426464382878,0.43932792045655855,software_engineering
0.3112703131543445,0.9469587719226025,0.17509347476413648,0.4449105276983858,0.24030075570940426,0.44432706996491106,0.7721609501777286,0.7891992522671066,0.3371490965517807,0.6028843241956966,0.43990450653798735,0.17797939916682048,data_science
0.5452987065158849,0.8755099620119821,0.539635274432829,0.9155009157098865,0.6425913638575181,0.5606553878440989,0.6846612307572081,0.8774201014634349,0.22319646671942056,0.6444224053293606,0.052247265321208235,0.7832185033415202,medicine
0.07638227535382135,0.5042644883820442,0.5493049783265604,0.8495798301362691,0.9950516503653984,0.48356035157182076,0.2775549493060595,0.6775788451174534,0.6689929449390196,0.9669520903046795,0.8059536609026436,0.6693728582033287,marketing
0.6283539411175154,0.42282887034809896,0.878450163180962,0.19880966597338215,0.34370501873863446,0.23753153471321636,0.2206383631571958,0.49687907731921854,0.9184060131032249,0.46115218614769055,0.366191359793778,0.4910952082689364,graphic_design
0.2238812572345786,0.6901111692939603,0.2516715005447896,0.12918212227669934,0.3548295045066658,0.6164641215564567,0.6259639971176414,0.7542192123091775,0.8311860586487182,0.35710563333625844,0.5911157481360411,0.7369241466136595,software_engineering
0.588338042473053,0.801179366310003,0.34489482472536037,0.34626747296832683,0.03127898757990406,0.8900587080733873,0.8154483611989929,0.9292705689327968,0.4012537462227751,0.5382962291859598,0.3435757577805716,0.4755960568609116,data_science
0.40135187649962123,0.6202635532716374,0.14322256875175168,0.7581101842217325,0.32326207331918844,0.9586928755718506,0.602597520285091,0.5344442058755855,0.19551827869061564,0.483883003729287,0.1799891056931049,0.542447634511436,medicine
0.6950088505414233,0.25452545721432784,0.7171820270396307,0.8542175676853017,0.7588625179771613,0.1764849074324496,0.4889475757069499,0.39591727873678545,0.2147996368924374,0.8772548131940965,0.744584847636264,0.843049573958923,marketing
0.523942877959082,0.17417754271483793,0.9671702366323931,0.3376192255610182,0.3082654619752688,0.15448584131302764,0.20834752543724241,0.47175480418149446,0.939239612648837,0.6922968492444682,0.6376520651861338,0.5656495236636522,graphic_design
0.35183866342012465,0.7768877314856607,0.5684506782564406,0.32621531237697254,0.2330848381636334,0.406695494621307,0.9386192939025363,0.949002980202451,0.9365293046104327,0.21805814649835284,0.10507051988347718,0.6022077395190853,software_engineering
0.3734644158357922,0.9482080328152497,0.2627323153113503,0.16272668837699325,0.35946456997226695,0.4869992426839005,0.9810509528134509,0.8808652653268788,0.5105952570331317,0.4080178809163843,0.3401374332342258,0.7187829089944594,data_science
0.5468277384970808,0.8387172496804911,0.16476272268108638,0.9407694196711938,0.44101752263124666,0.6085501872800418,0.5656373174531679,0.7876497575768883,0.458636928992439,0.8427075960214176,0.06928961994138146,0.593564599511576,medicine
0.17794224110510262,0.1977734493271601,0.7177934358552293,0.9503816547434459,0.9921114720467283,0.3998782466667471,0.23864690507985706,0.6631967236127674,0.66089343620074,0.8970702218311114,0.5085320334317683,0.7729640483362192,marketing
0.29038077009458485,0.29219304696231024,0.8393160608185124,0.329717387133984,0.6148278428182093,0.18252413078409574,0.10777668350221206,0.5312587602807191,0.9707022785060734,0.22647988039781755,0.4642958538594705,0.3866947705738058,graphic_design
0.3599929677949445,0.7432006463916838,0.261059756186534,0.29184754031871807,0.4625784473089338,0.47200856413191755,0.8983074316746062,0.8697725803016767,0.7063684586034208,0.37889094341063156,0.16253252610290408,0.7635572928310601,software_engineering
0.07076829164893489,0.94204739054965,0.1401082167474958,0.28786440649417105,0.16855091365116132,0.8101112841950778,0.9559869001803973,0.9956326816935263,0.14293720263932977,0.6675264066062027,0.2825253994201214,0.43789986052571295,data_science
0.46848330447694325,0.9378745007712335,0.35648684214363263,0.924031402340011,0.22624221744649975,0.81575059130138,0.32386087462154034,0.4900394457762704,0.2222781299533184,0.6053876148781571,0.32814577721136895,0.7386611003084322,medicine
0.11771975615954777,0.5668371325050338,0.6615629710996108,0.6682557874936407,0.7413921849951307,0.43092359842391165,0.4437920157744682,0.5810164672181519,0.6623052290244351,0.9691512134530784,0.8148793948706571,0.6153598982392866,marketing
0.2837909890867288,0.21103391945651445,0.9449636862280766,0.12853357480160685,0.831927113286206,0.369178835258951,0.07965007621373847,0.5250260327475554,0.9377015830400356,0.43878672327650287,0.44899348012662543,0.6579576080585365,graphic_design
0.47077544067789745,0.9274657446601532,0.3399508101650585,0.08187101390689405,0.08248890406098905,0.34516992629502014,0.9203218236636416,0.9225673314321229,0.5837623442679826,0.3684131520023234,0.18811951525945012,0.5904988561709447,software_engineering
0.20892590100414116,0.9383007617341284,0.22807829880097483,0.392108340268093,0.2926405304700289,0.5735145492631167,0.9706515768023474,0.8101652954420225,0.4283234392343147,0.6439874700731647,0.3880555801286542,0.53694600405948,data_science
0.6990970355188437,0.8805140879187023,0.29083855888073235,0.791041916593034,0.45098418208557783,0.8603541563057445,0.5705818582532001,0.7753627403643341,0.20903526626156452,0.6647433317865797,0.04966432065097331,0.43200744089852494,medicine
0.26996684744528676,0.2897896419454516,0.533383501022477,0.9142849655208831,0.9721815230873256,0.2254549170097028,0.43294272988073806,0.48795072452954336,0.8023190174710187,0.9357280737094966,0.40656912940028284,0.5175078782500325,marketing
0.36582585679123786,0.30137777303300944,0.9292202719942686,0.5395357244577708,0.5586227731355385,0.2784461492488703,0.41232598563858475,0.3451298578358393,0.6557633937394985,0.3960096604890141,0.48524980564850123,0.4980796680132523,graphic_design
0.22973119936701492,0.7454588087608227,0.12162662685201575,0.049136517045769074,0.21199034438527106,0.6173827507204241,0.8586883878413019,0.7153615439227339,0.43094852355178165,0.5952260264400874,0.37399544227530196,0.5976498823765392,software_engineering
0.3855649209836862,0.9543382525417333,0.4450203255117388,0.33230173537533647,0.44642182213733694,0.7189770485165115,0.7534136759500901,0.9572591324845287,0.6978565467469807,0.6089911546057749,0.053797593343273734,0.6078026392196629,data_science
0.43769106670706975,0.5590532463075911,0.37635888008213264,0.7777582656109148,0.5780727221903387,0.857403352433017,0.5717497776659133,0.7348042968046293,0.5354603259422872,0.7445671514334651,0.12227982187139098,0.557120557229081,medicine
0.49461697420695505,0.31992279312231636,0.8150611331422604,0.9145964769517428,0.6146866967056203,0.47571158926740675,0.6137399997430263,0.4324431719715843,0.8080006789889931,0.9334156239072965,0.6783340836188929,0.5378593801167126,marketing
0.20788220004255045,0.2103195201906866,0.9688333118104872,0.3610056469367955,0.5520245337923907,0.05391245200353699,0.1758548616760118,0.3543672400190985,0.9591124716997339,0.5833457895072806,0.22841213473248692,0.690830510710617,graphic_design
0.30351689986724883,0.8537085384665776,0.10081380565507211,0.28458832520113836,0.384546067295955,0.4718235992142316,0.7775391192056621,0.5824534148288492,0.5383213780581381,0.12337866294767358,0.5174937096901957,0.8465581121118322,software_engineering
0.347131814977862,0.9746543774387775,0.22152151573046663,0.15302869967265093,0.6032317284795911,0.688606385843003,0.9165082860982596,0.6470551328227855,0.5109267849687706,0.48781753096253677,0.5673210611250865,0.7284725470042889,data_science
0.5451810271154821,0.6645879364714189,0.048605603013658426,0.6076459780887569,0.31792911408389024,0.7684029809351649,0.479695674258873,0.7597741550373698,0.23293051426294548,0.7114808528960642,0.14243999250918793,0.501811278167612,medicine
0.05546888646756753,0.24689316731280586,0.3334257655325732,0.789215511166591,0.9969692049658185,0.4732554900081344,0.21710735090047645,0.3875728490491184,0.6309228489235624,0.7271244033226305,0.6856389391441047,0.7095755696059857,marketing
0.3404274313021125,0.18036242884259698,0.9900562619279911,0.05296464971008359,0.47617758629903295,0.5338679930240018,0.3165875563874797,0.28985728515779746,0.8822480873609421,0.43736751093033926,0.6117075589431727,0.31765724868739753,graphic_design
0.32343351392196074,0.6209382173396237,0.46367778318171216,0.28368227474820756,0.0749578501394529,0.6857927327026347,0.9321601984022753,0.8227704019806129,0.7179030373559422,0.3712116985229046,0.22709813804724496,0.7665735399031178,software_engineering
0.44605089807610176,0.830513600190531,0.30858699232229275,0.43943934567850823,0.19594159487406337,0.635360199696694,0.9878925442091231,0.8789100170826397,0.1936111093496014,0.4737509996657883,0.26014060898397934,0.4886180070065555,data_science
0.389409820389648,0.894526729376286,0.5400853840631544,0.8997413415619007,0.6429245585266246,0.7645396892208906,0.5734156973086278,0.7263451096984751,0.5151758179283932,0.5579537618151655,0.15598241518554684,0.5942106198186109,medicine
0.2165087424575855,0.3013288471888146,0.4744076417536051,0.7686294296107745,0.9189276966445085,0.38262141197276384,0.5044551556448947,0.5436643817110226,0.5671395663061163,0.9165347064056131,0.5930246258335173,0.5395207762668247,marketing
0.11988615645110659,0.3534078678420133,0.9750399939870557,0.2800955037412297,0.47481885611942587,0.1697719340033571,0.4454219293496427,0.2821037151257424,0.975117488022537,0.7414641273565106,0.5903795984562507,0.38007493289451816,graphic_design
0.22575802555031912,0.8014992709255091,0.3556309879235232,0.4174029017923686,0.26175299523724505,0.6755004581159743,0.8496237113172025,0.8506965688582184,0.4765984923882744,0.23721628731009742,0.3907857727823863,0.6545523295721996,software_engineering
0.5198424886831704,0.993142854065794,0.47145735364257646,0.2381966851116,0.254217882608289,0.6437424194905119,0.690827435961313,0.8856106149872854,0.43867070885616044,0.6752073153567337,0.4268440606122944,0.3406052541131314,data_science
0.6509006394339744,0.6806118699784363,0.15991388280175514,0.8702039981892774,0.2260244203887197,0.6941371421517333,0.7107324865188777,0.7832015180587087,0.278559941397301,0.769970197924127,0.4192634224207627,0.5051642713425614,medicine
0.28830931876078225,0.2136072205274136,0.6622199398142627,0.943475375067733,0.6430914620292904,0.3975519127453644,0.3528939340268808,0.19960799283599814,0.6519595023903294,0.6769392398122037,0.8040218898794194,0.5717904234488811,marketing
0.5794289455145817,0.47689337985860236,0.9950854519437193,0.2920355344822554,0.32467419310944445,0.18641296888236875,0.587611098509043,0.4367511385241036,0.902464823258966,0.6166910312443609,0.609005212918434,0.45796228650471493,graphic_design
0.11091151944719002,0.8063853201660822,0.3011384694349493,0.32590570971318655,0.4163283454220877,0.5287926626456472,0.9555598020231622,0.9450474072931225,0.755920274041502,0.18071608262548294,0.5364215612163624,0.6238285339631456,software_engineering
0.10449516873418033,0.86512775386612,0.4565104824720746,0.5658126309121009,0.28462010056400483,0.7707317033609232,0.8322304494283753,0.7969663583225531,0.1767680916645789,0.6223856837033145,0.2581679984609748,0.3707289483581997,data_science
0.37845557975186206,0.564248214073542,0.2662629765679497,0.7719689026431421,0.47630584796282327,0.6172842376974532,0.6722893801142443,0.850707800668855,0.38392918443742874,0.6851324630065495,0.3940173496107952,0.33311155040301615,medicine
0.3036718246824823,0.06673355759810765,0.5925463200576355,0.8810072233333845,0.8605485203644667,0.7224091544065683,0.2935172198877722,0.6999447674538841,0.5865051992470982,0.7561980952911598,0.270955997578892,0.5055286846597828,marketing
0.3296350947826626,0.29695902099601584,0.8764924100659115,0.03241346467611919,0.5337565744517435,0.436373254830683,0.46913692918242633,0.3708804213436732,0.983985436260341,0.6052681765478524,0.5344756715409468,0.17253407289197342,graphic_design
0.3383821154225105,0.8763335390397473,0.4348456895846717,0.2683688924968802,0.21791157040859774,0.2741681134717044,0.8492928713460257,0.6732114100397713,0.5142505500482678,0.5746010502954022,0.23111677030525474,0.4387053465350656,software_engineering
0.3071982456844271,0.955829896865635,0.32263391403644404,0.46001764100406134,0.3927279766044566,0.65487924947501,0.9448829763768706,0.8803188430927498,0.6541523543955794,0.5648573035438861,0.13067661765164598,0.5268135103615299,data_science
0.6099778307540193,0.48048563057598487,0.20867527572667657,0.7897674356610841,0.27859892172939593,0.7779355128485833,0.6627629529565683,0.4328449898260034,0.18291620430489378,0.7491477897760137,0.1454557987573551,0.48434972096672696,medicine
0.3151014900596799,0.4268623598639165,0.4528696066885309,0.7769328174142527,0.9827012557663716,0.699441864992056,0.3721376504158141,0.6231795993118031,0.8046066262959646,0.8498524310752396,0.41952827067838144,0.6656785735271036,marketing
0.499934797080352,0.5780704000656863,0.9969684758971853,0.14899215168950802,0.28148028258022223,0.026212431558327004,0.16900446664982885,0.23755095310293683,0.980831200034961,0.7099394983422282,0.6627455148947831,0.18279967406819292,graphic_design
0.3059583542086841,0.6575162943421287,0.6066639403011266,0.056185316668372766,0.16141546217341393,0.3011923077060161,0.8963941476054831,0.7791254349339022,0.7027609257712616,0.24553073422257893,0.32792185514754696,0.4676175650991921,software_engineering
0.5796182897964359,0.8920317851988667,0.31116327052104414,0.1219510004197437,0.3689064636640626,0.619388155135085,0.8957364738344246,0.8199457655481618,0.3778933703934786,0.3285639707718527,0.47211786742368717,0.2668684752868219,data_science
0.4702510596262941,0.8410793288436932,0.18796959481129233,0.6214261268514211,0.3819339436486265,0.6118026919509745,0.759998341186381,0.6011111351025105,0.06679461405791247,0.5710728281367823,0.11922057231989522,0.7023837609118178,medicine
0.5392554641703033,0.32213890436237286,0.6894002023855167,0.8901996667462425,0.9595669126857941,0.2997216001245724,0.7258020344974935,0.4833252610068537,0.859030646144013,0.9845003986050135,0.5655693714211371,0.5554787645935618,marketing
0.34003732562796873,0.6156521235147845,0.9446392427443295,0.09135978403140757,0.4760625820518417,0.23221857421264072,0.07627430656170031,0.17826748195499237,0.77977655626756,0.6635992078567484,0.7505872959174292,0.6098400129179768,graphic_design
0.4618040239811042,0.6401569673373491,0.03524187917795534,0.1071629985401468,0.1083166181884555,0.39134776486151646,0.8797420259578151,0.7285059762329255,0.4813152083639082,0.4573877267691699,0.3411293687872325,0.4877627354557029,software_engineering
0.2733579919745653,0.7612025860728867,0.5652637470790015,0.6841255134043264,0.30902551324247446,0.5796128156004895,0.9471437848687865,0.9172963797224246,0.40168300798765744,0.6021444297136713,0.35393412314400247,0.37894089576648654,data_science
0.5693495749763267,0.7202470305314874,0.18773131659903788,0.6982248765630519,0.46708087988879815,0.5453195009532774,0.5151802240263827,0.6264564474192565,0.29650056349260445,0.9058251907507802,0.1290351904711119,0.581879335110027,medicine
0.5140219512416863,0.25259683760247575,0.45205659943694226,0.7747516520569381,0.9973202052833919,0.40570851531229696,0.45010203231630885,0.41274275004790556,0.5579830572642103,0.9940362567577755,0.824938319942911,0.3878839060992415,marketing
0.6335995860767355,0.3928977748312151,0.9943233789785337,0.10875022690887927,0.365057709469314,0.40709365558127736,0.10023759671366632,0.37963905157816513,0.8035786723395505,0.5328374513173442,0.45428625063465516,0.0836030906283705,graphic_design
0.3224533706013182,0.9383743953626282,0.39128980601123103,0.3825882848279675,0.032447113786194956,0.35709788136389725,0.8463685934625047,0.7832184154588557,0.7248743916554272,0.26296776618410167,0.23641812055353487,0.3053373240866927,software_engineering
0.6218629571284419,0.7730688727003237,0.5735332271285599,0.11714971777962145,0.43897007536299,0.34245335195138116,0.8566304558369432,0.8612500478792163,0.3666025887065048,0.4538678307684254,0.2727394691422888,0.4969797879639652,data_science
0.38317018620343957,0.8483901096918555,0.4712890586622962,0.9268489706692279,0.3532736262566887,0.6279775904604933,0.44368662656637775,0.6432554286672754,0.2501293678874307,0.7111616399569227,0.11330956823809538,0.4594921622996571,medicine
0.18185234068674527,0.2746776922184694,0.4614962317075499,0.58458834553318,0.7542693356606184,0.6203641867760386,0.5307886669067367,0.7177845623895106,0.7401050578732008,0.9660348477667654,0.8338658973144576,0.7378991506267224,marketing
0.3861054048942737,0.36778790663379424,0.9727788502538118,0.40763392988797603,0.4858143600285782,0.21498662381195716,0.3748340082028206,0.5276935928541592,0.933316970792448,0.46201126463740694,0.3885902945728091,0.5682959428042991,graphic_design
0.2991965086051254,0.6648117015848777,0.2419005204268172,0.23227284955333916,0.0924789451774552,0.5014369544402452,0.7672766639199676,0.44982145407639706,0.7865864293833363,0.24475325137226633,0.5388099728170385,0.6330328145066525,software_engineering
0.11727088410926091,0.9018959852529008,0.2679841236838774,0.3628660394108222,0.170159185912358,0.6107231380589548,0.9804368934454094,0.8493693771921157,0.1609555274220652,0.6413071051821222,0.3564432328758904,0.5875414510494217,data_science
0.4528552843675599,0.9247329059759685,0.08340996552147698,0.8882198398988875,0.5546801246971425,0.5339260716487475,0.26244596099971734,0.8722613321967613,0.013850769915348895,0.5441171194839516,0.26978856696959097,0.7295948787814288,medicine
0.11467154258647635,0.2118068696809366,0.6142161735274315,0.91454357512086,0.9585824330079068,0.39338863355980347,0.40259464361907976,0.23132865716265466,0.7647322957872729,0.9516851505771445,0.8366249208075257,0.629741169632317,marketing
0.08562992722502599,0.3816254686729414,0.9672704194158065,0.4774448680084231,0.501497595440592,0.48017464890894485,0.15035737256247567,0.41026695240823735,0.9799173212035978,0.6549810796552926,0.13049123421282038,0.2864838516430746,graphic_design
0.4506898142298487,0.9001241270551495,0.19085317008402675,0.6533477364560135,0.10726959542568475,0.27999061223817573,0.599760283107419,0.7182700682998086,0.6633479470724143,0.31752693598724796,0.37256376387251605,0.35185124115159766,software_engineering
0.5110978257222417,0.9162069145597406,0.20452272221187964,0.39698247667810405,0.40903044166512853,0.5867345375494661,0.7596715053812079,0.7284470139156389,0.45925761579460916,0.6767328454243594,0.3795551671268465,0.5810927364069413,data_science
0.3420685210823724,0.46783906777827106,0.3730164555662757,0.9611017468658334,0.2924788392866374,0.7936502900896792,0.5645686389184172,0.7352867200287947,0.06063194073437542,0.6842941918892659,0.20662016673001035,0.6357229817953701,medicine
0.12741699314593288,0.3868167756831347,0.8659553019083112,0.9449922459789392,0.9780396508807006,0.25112081126704927,0.4712215930305766,0.40467670835116804,0.7045029904829037,0.7995741105582573,0.781796205935207,0.6335175369968222,marketing
0.03325111222861207,0.786582959581422,0.9213535941045434,0.2843583706762273,0.283228985720397,0.13207491840823563,0.3117770138548156,0.3470112785279619,0.8990715605708463,0.7467772168972279,0.5028814361759951,0.3341090316931828,graphic_design
0.1897443288020604,0.7888241826573155,0.08321789847626347,0.1314672613425625,0.42983009255253873,0.7009080565163259,0.9432914041177661,0.7400951155002251,0.5783983805634221,0.4624484068521164,0.4527186775976627,0.7003595807147635,software_engineering
0.2986858516961289,0.874172493048772,0.2090634051444123,0.530814543664461,0.21383906532175562,0.5599210735328399,0.6717245101005511,0.9655404362582135,0.3521661553464743,0.7712811018824967,0.5561698554265684,0.7142830892399579,data_science
0.37556050734532004,0.6921433058757012,0.43585603167156395,0.856676380156561,0.08459107940441882,0.6913209897340807,0.5910816117971119,0.807953987909474,0.16544286321234666,0.940509067028077,0.3253382688522521,0.8851940993245297,medicine
0.3209002474880712,0.043674146684612045,0.5847033791877345,0.8080075545702718,0.9369227986826788,0.16508275874031728,0.397728360449083,0.5373222641182799,0.615890803388673,0.9783990903463624,0.7140503179587866,0.713776753980803,marketing
0.42384363628996224,0.47602813842096253,0.819849625972524,0.43652369648285744,0.5073914878700897,0.3419959151578064,0.5186049089539798,0.6838543547505616,0.9533969509438431,0.49393584758497816,0.649718142205419,0.5181928348382148,graphic_design
0.5023040332470274,0.7184524001095989,0.118492254278714,0.07841856751264205,0.22318291088641085,0.45807888810301856,0.970489474328354,0.8362320377121755,0.6358968724154245,0.5117072597309437,0.43563631854066887,0.6196028941438052,software_engineering
0.07328728126216671,0.9841887378271637,0.5336362993950258,0.3055352404636401,0.12391630094902284,0.7743955001410829,0.5344182967230716,0.9974358089788857,0.47559929679225466,0.4794256254818325,0.4175561893774053,0.426482826665525,data_science
0.5669771673147223,0.7585833132709756,0.48962084732680944,0.716273923948327,0.38099328454062525,0.7611810903015338,0.6025036508344584,0.6671291300483845,0.08410569217847996,0.7734035594501106,0.006167020892298229,0.530006102883478,medicine
0.4171087582259614,0.5432749063818084,0.6110447826738215,0.971492434061894,0.9192603719117703,0.2650334407669017,0.35097756781021383,0.9083952025832631,0.4891828530787102,0.935575756586025,0.871334568982821,0.4899586724824641,marketing
0.3779881440223126,0.2134535735433851,0.8792072737338932,0.6021773495105779,0.3911762865165147,0.518205062784403,0.4396984066629559,0.22656150679411488,0.8787671107969252,0.7762340510382879,0.6122952348330443,0.30161464337187904,graphic_design
0.6692268475728904,0.6384468988881662,0.3195628780905094,0.20339951618062507,0.1313384361240845,0.5520880502420984,0.4610012914396235,0.7402241480186028,0.7937107666992896,0.3282976798281898,0.49203102967233064,0.6366561333189656,software_engineering
0.272377787143326,0.9195622035071157,0.32654270120945933,0.537972021860345,0.3065956929888617,0.7313864504705858,0.8992737902781446,0.9843720095314266,0.5227739754751138,0.18175381302620444,0.38453724410009604,0.3820206722755178,data_science
0.5142247351108207,0.5888737648878795,0.17344909498785147,0.8887744036175466,0.3948731747250049,0.60469187330518,0.6084564200757543,0.7778625441780316,0.3099154080961444,0.5749787793399147,0.05893780982646508,0.720850932613946,medicine
0.37592502545739853,0.3432860897859844,0.5143762262331806,0.8856438500266965,0.9907827141945252,0.053860448079705296,0.3315116184358955,0.7282197032711898,0.4942075760793931,0.5069654945271853,0.7784005819578436,0.4264398337184904,marketing
0.4427316452147047,0.5731855016236482,0.9684327474939182,0.13992486842134458,0.2992559503269004,0.06583487416133511,0.338256666495306,0.731033995896124,0.7498085517163395,0.6235118650235829,0.41421074139871067,0.23224526043950092,graphic_design
0.4527864973957908,0.7872866987329162,0.4227091047519126,0.03330090965321854,0.4519973788460489,0.6742003924504872,0.8995942079944438,0.5608754500880375,0.5841590280189735,0.42842550479477076,0.3569651635858815,0.5488705441094115,software_engineering
0.4774375078148343,0.7637562962414186,0.5074475401654035,0.4109167846444594,0.43280035597859906,0.7321767668867766,0.9981907261069066,0.7515644007019252,0.4205223118091876,0.27259972561491624,0.39141733698645764,0.34403315979488075,data_science
0.4029680910009607,0.8265644938339946,0.2832529381070565,0.9128179894163959,0.6200407139097438,0.8852908705320762,0.5114615726694117,0.870427886454165,0.22783225798061088,0.5565168422022336,0.025176412336284162,0.7182639929969343,medicine
0.3019753781122514,0.15258849682865328,0.8269502565918139,0.6419693456360506,0.7578893919177767,0.41433630517409903,0.21222816447301818,0.2994799477169692,0.8376179338737695,0.9735251802085716,0.62608980583612,0.7434717083125202,marketing
0.2906792673914314,0.5121529610373793,0.8147293733656401,0.2683638569358053,0.34142309216944516,0.532160689004942,0.13446269147507783,0.42803140098303577,0.9295826480026362,0.6169484635459169,0.6724417457660332,0.42939007127999285,graphic_design
0.20689194374341824,0.7006835125397495,0.4660554887933858,0.3463164516408418,0.5714605173700718,0.8443450932949644,0.9427202068864596,0.8076243687735618,0.5111804505752573,0.5288492741929952,0.5682396116641906,0.41059231317085154,software_engineering
0.1475641556982986,0.8596880007730858,0.2191568112519274,0.08812269539684565,0.5178708745171894,0.8221502215472898,0.9196744699570113,0.9775153727397744,0.3192947077553443,0.4805734263679081,0.23681124308262833,0.3910682426389344,data_science
0.4468953102358748,0.8686267169491165,0.523717668770191,0.9502127800314996,0.44629034070010076,0.7042640472704513,0.7263181551525801,0.6698844992141425,0.20598518864213083,0.5591222832198961,0.228058334225582,0.7622429846743687,medicine
0.29892151439832493,0.19310760732926496,0.4135958084763612,0.9157991672158141,0.6705990650653719,0.5379363859754844,0.6730999990321141,0.3512767193475672,0.8070802951476018,0.8002709460564361,0.4934408666677335,0.4168126892934454,marketing
0.24790851921199314,0.22037964652736816,0.9893861531907041,0.3216994393682228,0.2052773228682703,0.5640174259692392,0.16440558013918832,0.5375009472047845,0.7425668262245789,0.682050566012832,0.35724996098357203,0.26508084126356996,graphic_design
0.40771865618988107,0.8630219313697659,0.27744819998085657,0.12064827471996896,0.22269096074182418,0.5193155653528994,0.6059770839978532,0.8392893356202838,0.5434244213795488,0.3046609042368599,0.4157073671026386,0.7338504166670673,software_engineering
0.37939157038451693,0.9333308149513224,0.09374224386023372,0.45178532946757594,0.3326148387337368,0.3424631737496859,0.9974668902879151,0.9495735202378796,0.24656811069690518,0.4138071663249051,0.21254226639903423,0.6630768761439227,data_science
0.24300260291351117,0.9101906240884148,0.043808841097883536,0.90742495055529,0.2064112446346295,0.8636440744917304,0.5835579705872683,0.72566786830598,0.41309147975743205,0.6092885086625741,0.007304394111890528,0.5909660184295562,medicine
0.13328696112223296,0.3119392163115625,0.5068345989850901,0.7212255028846662,0.9919449561318726,0.48649194304304577,0.35540911180665613,0.8105699150402321,0.8687319443304241,0.8650691763059959,0.4922949152220828,0.9027553069173211,marketing
0.3281137236323264,0.6515847341486994,0.9738594848705561,0.6348730584278515,0.41350408080679335,0.42373933741455516,0.08579281076180872,0.6053646723882034,0.9407940571439345,0.7735042951871397,0.267800117224972,0.4125824341075867,graphic_design
0.6420820209881531,0.7926215699782565,0.1698565638657041,0.5260180521028018,0.2542509880829962,0.4914565551592557,0.7907583579938552,0.6879067665060957,0.6531185096442111,0.3237564132966571,0.17742591337010405,0.6333642554983132,software_engineering
0.3255449884555756,0.9933308980534772,0.17896592803862654,0.11978452980356472,0.36792140108932947,0.7422223552750296,0.9674189486731499,0.9952439430404627,0.48202226823830246,0.681224001043952,0.3000339950533277,0.2904350321916952,data_science
0.26155338766305036,0.9423539018385046,0.48360114330225,0.7298801627027562,0.39744770565369797,0.9346197534558326,0.6100974461071752,0.6990023059800521,0.5408447658381985,0.767145297483451,0.22914447692200654,0.4727963384302078,medicine
0.2423967200571868,0.2066443983409983,0.823699214070394,0.7888037440133078,0.9516443772997017,0.20784048724678125,0.34812864040278707,0.6285683571057544,0.8567402565254117,0.9416708578258443,0.742681398596585,0.7748547808661107,marketing
0.527230737162112,0.37107570771141785,0.9197409390292299,0.1032685731648232,0.4231642858830444,0.4390348082395934,0.5462644135800886,0.6577196344331098,0.9758231839070823,0.7609455698279096,0.402925475881108,0.4032328210731217,graphic_design
0.18150243113592468,0.7580044445029077,0.35351980659222765,0.18690228474658693,0.3602224707670423,0.4316778043200144,0.9644433631965084,0.6882081603763128,0.628887145334405,0.5743839728681234,0.5527303919392743,0.5332929065110913,software_engineering
0.6144465564481298,0.8074622695329892,0.2815591879661922,0.17032318107011815,0.13775844343916716,0.390038883166767,0.9030602046907072,0.9687267345925717,0.46759062490061215,0.7266762367440374,0.2697762220725371,0.28711138882006565,data_science
0.5981801616160801,0.924977486661573,0.20146489277192908,0.7878847008359738,0.24985846298631179,0.7599812661308826,0.6154163968812439,0.32789913297004336,0.22870839896564132,0.6684440951627284,0.060171748247096896,0.45897466690181027,medicine
0.28184108263091495,0.3695055960350688,0.7101583732110439,0.8431243151946025,0.94948039587633,0.4332814041144217,0.628563808338395,0.3736500391947245,0.8755384700682179,0.9724530700880435,0.9344747296024085,0.6071844686221508,marketing
0.3952661046878214,0.31322381174324193,0.9448988821646487,0.23775080859160508,0.4669760550273408,0.03620651769658636,0.14866700124596652,0.16984500947117942,0.8704152197470545,0.7282575958272546,0.20260680813302503,0.40931456798082144,graphic_design
0.13800086731092875,0.8508891870426004,0.09875993527408632,0.39881016676835757,0.536318331242974,0.2982928622605277,0.8593942290048363,0.9697426879455907,0.6507689274909527,0.1886793301973333,0.37384344330616237,0.5346359948997714,software_engineering
0.4347127678236454,0.9980641496497642,0.3812359100698334,0.3176951045381091,0.2815257914709648,0.5226995745298368,0.7998034881807496,0.798977602672371,0.6015492138027634,0.5916414071516549,0.3437846149898372,0.6686205175159481,data_science
0.24119876795238235,0.8661092791728551,0.19817150982828044,0.9168300137486304,0.3151741438756167,0.4264357560291761,0.5104944308007187,0.6072494053846939,0.3212142665574003,0.6881321360092942,0.06817867876209785,0.6123462672414303,medicine
0.30018660043796896,0.28507378444376036,0.25935950632275384,0.8158825443835365,0.7409392284408288,0.3040548262534505,0.42592696257082274,0.632300838999392,0.8138010905221692,0.9343745717786691,0.8749921967177587,0.3245914784474434,marketing
0.38977709951006523,0.168020916227529,0.8814442461070119,0.08085773471481934,0.5161986020302208,0.17964860835218874,0.230189571195513,0.6981184254939214,0.9925829992533802,0.20133838396454404,0.5202011495308273,0.40672472225608286,graphic_design
0.27907659205598045,0.7886937017616006,0.26948779944815426,0.36868786848028196,0.11659256821628282,0.6064955733557048,0.8414663547666215,0.4145591465184055,0.6997289548997371,0.5773804394154406,0.248775973705461,0.7206405127660769,software_engineering
0.4970190763392327,0.8077166097099067,0.4264543273897745,0.2573159179483303,0.3591956085951196,0.6332664642413105,0.9981247393886116,0.8616028012049225,0.35119844253159493,0.6757912303683752,0.3301554641458854,0.6242866388258806,data_science
0.28245615535724977,0.7273436816058158,0.3821900652014241,0.8106260968883252,0.7268610936546602,0.8358340808445613,0.411555433269038,0.5897817310639281,0.2930901836928586,0.6561497558701095,0.15807667389293462,0.7782390794548667,medicine
0.44725990890893663,0.36005219294180457,0.5645656561042696,0.781643007637593,0.8905986864761241,0.6263824835330093,0.3376607562060042,0.6956622530682124,0.6321784199028951,0.7188978699354714,0.6670165516811992,0.4570162618405042,marketing
0.6596119404129789,0.3931609089884875,0.7688725030499809,0.38026479160872356,0.45992900664025793,0.3211235548704623,0.35181868976348,0.452269769729136,0.7165458589253783,0.5347884358661369,0.6648850693186485,0.2700943301488748,graphic_design
0.09198444561862122,0.7969613142781043,0.5131673480899395,0.2505629131477837,0.14356130631042324,0.5679258753871663,0.8110192685436547,0.7080036579135681,0.779675217486334,0.5775231015032122,0.5569660277722088,0.6595644159809626,software_engineering
0.5125427463096964,0.874667287676556,0.46376910983620834,0.2255556015144742,0.20320183084202134,0.33713455474975673,0.9601699810907446,0.8443682156534721,0.2487532610804636,0.48961379587709297,0.23540324107821145,0.5277618396759896,data_science
0.5351728801580989,0.8907345361040306,0.2578583131886142,0.755825604402627,0.6507572645405512,0.7476168852084345,0.6476285628166915,0.7198799583261299,0.30755111261289486,0.6894457446508161,0.16314449084490232,0.5882376224196293,medicine
0.11753795995226884,0.43993776079346586,0.335848105320011,0.8985551817347677,0.903285074728842,0.508648811525552,0.30317082744267276,0.38170053826491684,0.7912274410332659,0.7942279880385257,0.6165649072898439,0.6575878585480632,marketing
0.29322604608655906,0.5447670281714433,0.8702874853426094,0.09596015956215737,0.5854237756801187,0.07413256628592779,0.28058341786284874,0.19125879623419065,0.9245970030246563,0.6164915514154119,0.5882827227356661,0.19801272279633927,graphic_design
0.05460189756841975,0.6863034991710787,0.31649254860100207,0.10785558527011746,0.21605276009628027,0.5963766972542777,0.6959846386667724,0.8943724529358501,0.7533033273847898,0.62659136092013,0.46061278010203305,0.742779823920769,software_engineering
0.3558459481234628,0.9687615796748734,0.315600659823615,0.12026915021321859,0.37753429394117755,0.3491568967736336,0.8247041302215564,0.8970464298452334,0.35148514790289953,0.5464105040362205,0.03670260112270036,0.23903521068526953,data_science
0.5711589691648938,0.7479675856121206,0.21882367382306425,0.8149915681296558,0.25152391721781253,0.7830457573514445,0.6777797877846837,0.8305315299739928,0.2424815593461279,0.431094669208306,0.20893051329076207,0.524673071304686,medicine
0.44057986047190156,0.32640916232651057,0.7711296280342992,0.8917530557517531,0.9775177909385594,0.4890341641250052,0.296686557999315,0.4747875930357241,0.4317359081800697,0.9216173828912702,0.5330841243973115,0.6024694975690545,marketing
0.4773328377575564,0.14571610289435694,0.9736818588697569,0.21042550481828726,0.4113727954522109,0.3361327052016502,0.47164099502055984,0.3536678559187312,0.9263789037247326,0.5576404147741646,0.45516546311188927,0.4367422578220859,graphic_design
0.23240735128774612,0.8720096903457173,0.20307957731659063,0.3534065536958251,0.09259216772602162,0.35846894691858266,0.962480448422653,0.8378091928233677,0.48885394187110104,0.26313874042694846,0.385247941059188,0.44595510542860295,software_engineering
0.34122796121358734,0.995308818132662,0.3940151486989347,0.11804855999026696,0.2399363987346624,0.4486865315563305,0.8836229220676769,0.7504737836652288,0.34041226562091015,0.24535183793331294,0.21261482115141137,0.4733414900040735,data_science
0.36658117462150197,0.755424195557691,0.48056055943735365,0.8826324034979709,0.38443098276586446,0.840579275305514,0.3657837521991189,0.746412219431,0.32995933993417115,0.6275962685224689,0.09953182943812408,0.7314881580233802,medicine
0.171919577441672,0.4200432476560737,0.3480788455911329,0.7053446582287549,0.8794248349642692,0.3398623409861089,0.49013873466677055,0.41179090656908934,0.9868852172437798,0.9626214080578419,0.6891314505304772,0.39616762295688596,marketing
0.3042007791266947,0.32982456040582175,0.7910186576785627,0.6262455145027336,0.40016355295999884,0.0472596002895931,0.25786319655163714,0.46182202766218294,0.8879612038168844,0.7655700238728026,0.40449501618900874,0.41043980103927674,graphic_design
0.12634447497127146,0.9612972456974983,0.22252722603099379,0.36309886699862,0.07344629555203307,0.4860384425457931,0.592469820415959,0.9303172169166654,0.5537738151638295,0.4878978370440332,0.45874661981862846,0.39623290086641594,software_engineering
0.20035911075582338,0.9546640852484403,0.5259295923568804,0.2819277547752071,0.35505767675140093,0.3730928826010618,0.8216444790707129,0.6390937814962188,0.6805522624396447,0.7054696213634757,0.0935311500841291,0.5921290683249187,data_science
0.3473223612573033,0.5986621505628039,0.11918764801419965,0.7891936846275855,0.16599762117662176,0.6622929978726553,0.7981550896701733,0.6618237012031446,0.23561054442347762,0.8783077839553052,0.1819796273019037,0.7577794805396012,medicine
0.5763725986351335,0.2251330991240218,0.6695803499081668,0.681868698288324,0.9943323417337115,0.174649874315021,0.47088989802619546,0.3734793457950355,0.7874898839678924,0.9819255858394088,0.7376203591718754,0.23301505214107532,marketing
0.6378104491583557,0.4702272275654007,0.9795982433744607,0.3642265121718315,0.4518160313389672,0.2914636803998559,0.5146820272541687,0.3796493762642921,0.8783808427070786,0.4800282677199074,0.33672168209844877,0.5060409140910211,graphic_design
0.4755876197687854,0.7471247517191537,0.08072136556296595,0.31912807933039367,0.3389080687736866,0.558864547962642,0.8079896230107075,0.5521691843659545,0.38999475962523966,0.38176484745875566,0.26723850998146337,0.53566425642624,software_engineering
0.5125619437191552,0.9718258742063608,0.507691766053537,0.046765883718616126,0.15342583983364133,0.8128212169883682,0.9085193908769493,0.8632838919121271,0.4794287573987598,0.3094089622186096,0.35539604985327966,0.38451955727297754,data_science
0.5706197501673045,0.7483426130238064,0.5854819241232835,0.6353394061623903,0.25092838663323325,0.8347303775715124,0.5756749641913015,0.6796934490283812,0.37413927115711293,0.6656890893156148,0.09905280864436568,0.5221913287327812,medicine
0.11399084537272604,0.39977116874943336,0.7384366830400576,0.8464804847478042,0.8068280465809021,0.4992130465405629,0.578402513787901,0.19070074749935892,0.690140970396842,0.8684525984784182,0.814487510023733,0.8400157152253769,marketing
0.1988681227287486,0.7457534922178404,0.9599994011390103,0.07922690403458285,0.5015895342407655,0.2081110330299167,0.2965851675717096,0.3240308149617361,0.8669720342534593,0.7386917259191209,0.4475682663834053,0.23052773083814862,graphic_design
0.5135889425623821,0.8629030383132608,0.24354326354797914,0.24865599816156952,0.48988478469992985,0.4760304291966587,0.7330545184245743,0.8841155689994614,0.6445354206801526,0.4415289631605501,0.6751460323948959,0.7220555006323814,software_engineering
0.15677245166079845,0.950636180918653,0.1991058144019245,0.4267212017610179,0.18547309371362425,0.6750855243450278,0.9659833709221453,0.7005559592736662,0.5795714137315063,0.4480394521625263,0.14075763839772412,0.6855260619495404,data_science
0.5553058859693876,0.8110350410743661,0.3586550543967921,0.8132180548933058,0.3282512389487974,0.7177105079744132,0.43050981636203095,0.6316146274595481,0.10897757885641403,0.7492509015291986,0.4530613867474098,0.38158033085920606,medicine
0.49125418285484274,0.2615614163868903,0.6538285198379878,0.7977442255433758,0.9307183011485894,0.31479198905971795,0.3521037992353558,0.5217068684129311,0.47284679938424035,0.8632010033237915,0.7712997673040815,0.4220453864129261,marketing
0.25015467144879105,0.6360135288292442,0.9367540692236159,0.2749309029382295,0.5431340030035248,0.39062584493923247,0.3862412038357486,0.3821528319650152,0.917221421053673,0.589314820525998,0.59998446179771,0.30445283286938235,graphic_design
0.35244755416419205,0.8572292476873967,0.1873338188142039,0.18831432940644324,0.22264064395784872,0.5288876152192307,0.7272529307138349,0.8885394483292172,0.7983189591622087,0.35709714333948195,0.3866255829398583,0.751234580884012,software_engineering
0.1664156629719465,0.9197401695102192,0.48034038557686703,0.5516020174687465,0.35038213122039796,0.7474125496223144,0.9651842698885084,0.993890499719787,0.5270748634157005,0.6807857078386936,0.156410287872211,0.2235479213093384,data_science
0.6298606300878938,0.7344459362666977,0.13802820904767302,0.7955043809360502,0.7083136640421823,0.6123665212462096,0.8278751617127049,0.4422686437470052,0.10791560268156539,0.9084795427208452,0.3435877200811916,0.845087408782466,medicine
0.5145487692756645,0.34790753896984034,0.49398020696976863,0.9446231803602854,0.8402463963008284,0.3128804634249342,0.30069294796787716,0.3344175995008807,0.5224543394601695,0.9788390573270611,0.4569629448238101,0.8322917474052891,marketing
0.5412437590624005,0.5887025648054864,0.9709198516822333,0.18743370862351785,0.37188577927649,0.16476775945977953,0.2922375339775912,0.36975152939426353,0.9705197048859915,0.4353596530767944,0.270729900962973,0.5371795458286087,graphic_design
0.35107656544770605,0.9625231427436842,0.296365908114345,0.24887698393097052,0.17379136715754748,0.45701082057099734,0.8095173621635093,0.7000985065001525,0.6997936144150466,0.3434133463092741,0.6424912628787447,0.7446445331819279,software_engineering
0.11963031679896138,0.9643790024123166,0.3797438010178361,0.46191152103459415,0.37185423265807144,0.4237987427926527,0.9387464945028023,0.7225076639518234,0.6801301410409286,0.3003905884084546,0.34707915880338935,0.5403669995839937,data_science
0.6437894647690492,0.9583459103672972,0.34446263875677835,0.6745843999648796,0.42585070103670647,0.6338210749682615,0.6847837001149039,0.6589012146568337,0.3332680580889256,0.8393581183396686,0.15970850515017557,0.7428577406554137,medicine
0.2185941357704013,0.2650675166492777,0.283356110205231,0.7689527492997146,0.9588763878387755,0.4146072380530741,0.25180623410485603,0.3165245764998965,0.9316148817103629,0.9351216045379938,0.4379338376111788,0.7236152902745507,marketing
0.6496655662676589,0.18119270463303644,0.931228611863483,0.2418399587247376,0.5131587438811338,0.5166874632407861,0.19071390474964411,0.12817642339336965,0.8810598303049061,0.6523263580929235,0.5935800762654146,0.6019891475355451,graphic_design
0.09813009938088267,0.9645757216326216,0.6345082706067937,0.4621249653899417,0.08747246875481392,0.7910076802813951,0.8886670523463793,0.8264912696283184,0.6697387471633603,0.44161074169211245,0.2956759824839553,0.7184387994258197,software_engineering
0.3605938749466305,0.985211587642644,0.2912977567596388,0.23513370741980147,0.13664030894630702,0.7212001736234469,0.9534972113237759,0.9006804077469236,0.6357914423077147,0.5526009598355838,0.20766953906034685,0.3364404338877268,data_science
0.6045161477094407,0.8285540770915801,0.17958818139693794,0.8447358721888633,0.43498729735318825,0.6703816326582468,0.7142434899562071,0.7524769612367496,0.2943802967874683,0.7218865981270733,0.1151241900617622,0.5868936639976075,medicine
0.4519655276559323,0.2899929962835654,0.3362879459972453,0.5097814878397642,0.8849575513517105,0.3438836276519412,0.5782489132840715,0.5988017926963428,0.6366932062117843,0.9363780698034335,0.9025031428682719,0.7407466138608656,marketing
0.2402953925119242,0.2072361299785394,0.9343959626716253,0.3237627466241722,0.3062656878523656,0.3766785077059424,0.31044007277591307,0.3037809561760664,0.7283042944115032,0.7250364773926333,0.5673584319618077,0.38463623542211256,graphic_design
0.436823012183207,0.8924401031571989,0.1571813503451608,0.31392519791064066,0.34465071759832433,0.424453980284602,0.7825830017435098,0.8761456568830258,0.6517897936689482,0.4694308858349563,0.5305917851597244,0.5884985817529669,software_engineering
0.1966581503952552,0.8677905086413136,0.151613834410583,0.45442397353965475,0.3390361058307637,0.8077454154484377,0.9980586462522838,0.7379819171758856,0.45474585829200487,0.39298260394652007,0.3538415410307096,0.4306686584975235,data_science
0.3886792320941036,0.5563742329905244,0.33806614693681836,0.7360705229910978,0.45194861387960833,0.9206988804910892,0.6582270707133704,0.5373070367888001,0.40233600539703585,0.6328139148833537,0.10749433330864604,0.8187682031877347,medicine
0.24655850372601792,0.2285121143020014,0.7358288209498732,0.7851846318154797,0.9954882774507083,0.48158278718107167,0.4585086267633674,0.4673550535464081,0.6479757965514988,0.9186805449500622,0.7403929702469121,0.4890017228560193,marketing
0.5230121285289537,0.21640896957671546,0.911955680120608,0.24161571812444568,0.3605306873639228,0.10781158526395962,0.3673217053829168,0.37096423067102147,0.9718117522394095,0.6900209812273966,0.30927847604265984,0.27988358707121314,graphic_design
0.32582883694914694,0.5926306797477954,0.19671816676324566,0.060116447541826414,0.41530702710375944,0.43093601128097986,0.7170466896166224,0.9123701494047036,0.5401697534810843,0.29634309412959275,0.264145113703759,0.547118897326866,software_engineering
0.16799173012866728,0.7917733517038562,0.19433275130364683,0.32525804923012314,0.17526282415224598,0.5822777609693712,0.9317364367461436,0.8331193498105675,0.4407396540549286,0.46692524665182505,0.360307811311349,0.6429515613133447,data_science
0.3710009300014765,0.6604287547318145,0.2422697958910763,0.8231972582106929,0.4662979335707668,0.8785443329530717,0.5932596136588144,0.600912578335561,0.243062912872158,0.7068542257192515,0.11513299841477583,0.6522039371204633,medicine
0.32637415815595666,0.12032886303732471,0.7357914283993071,0.743811456027773,0.8099249349411615,0.3811165230038716,0.28860116315263346,0.5050819575652052,0.6845362760969548,0.7542063524675073,0.7396074653833877,0.8100018756991911,marketing
0.24687916188662382,0.44687274071899574,0.8087393136931917,0.09446812590813851,0.4375075634635535,0.3723541719950011,0.14078682992933644,0.17962995460536368,0.9989097060103111,0.7884803699443006,0.637378407986498,0.16688431579545276,graphic_design
0.33166357613299124,0.854266287776718,0.17026954683695603,0.37816307973857105,0.2018969136687679,0.2638269309654016,0.8177439947240449,0.6240620472524241,0.6476964578355837,0.6893967900031766,0.4416781961927631,0.36747851175821455,software_engineering
0.4463667039461577,0.9100708825530636,0.342474319567904,0.2722808854627822,0.2971485148338485,0.7276861477224037,0.9419862721722337,0.840041848138318,0.512991138120349,0.49924204743336553,0.19181418733697547,0.46650877000219404,data_science
0.8521362363303339,0.9966838942575791,0.5264035998905345,0.93281727637694,0.2792485335454996,0.907998208054553,0.6228557938983604,0.5839483784758863,0.18244966602226337,0.7080854009766894,0.3407909830827499,0.4985030952973846,medicine
0.24072311060682347,0.2078105672996364,0.5757856008037112,0.7278003365171453,0.8495486253644297,0.34549169594701923,0.35597650358798544,0.5258327422626494,0.6692041820871415,0.7518924215818076,0.8408784328862037,0.5334426971060646,marketing
0.42140654592783383,0.2729816959839629,0.9377365182451604,0.29329354093915033,0.664406192673116,0.14363520523131293,0.15973821791807502,0.4541578377674709,0.9775017674850243,0.8524525904055864,0.5976858744776297,0.7147709264741529,graphic_design
0.07798468877221296,0.8010825170686405,0.20605836228986513,0.37306022760385404,0.4280801195575965,0.3586771501810382,0.7411440144516319,0.9716412456787974,0.6682625669966071,0.126393382935825,0.41537326625593585,0.44386969338002685,software_engineering
0.2297445952788225,0.9657588751427628,0.30853298262765183,0.23952587285698831,0.42539495441708647,0.5457541784568418,0.9874518852418201,0.8864826459888165,0.20074802509014375,0.3066686727826589,0.15815757520686194,0.552967826634304,data_science
0.27363167814176625,0.9341435203581564,0.32214712760813696,0.8413213138956577,0.4128662411855183,0.7382457563051725,0.7089849541889633,0.7650291343122256,0.3625322165290418,0.460111410465191,0.3427925586046658,0.41162106352389055,medicine
0.27494046840112135,0.33140127605653685,0.6358677644145208,0.8733941005780285,0.9921342926387111,0.4105597417347372,0.36241858065726645,0.5453891545797379,0.445034697108623,0.6093448441632452,0.5660299803355014,0.6296396770734296,marketing
0.3443105420110995,0.43892494568982915,0.9818896478278438,0.38283959032890835,0.14884281037956262,0.26087056850397633,0.2117188090558168,0.3512228207863051,0.9396996443983872,0.8543884870310927,0.5189954330285201,0.2880817466510771,graphic_design
0.3926098404840444,0.7554827569871929,0.3823553402259325,0.19787706658996104,0.36908271236845164,0.2489181690802041,0.6133472576975847,0.8615463621938617,0.588246348965741,0.5367300287221798,0.4743169429057458,0.7451579372127661,software_engineering
0.32473405592671795,0.9730945320705553,0.37681892642250303,0.4849215119915376,0.1289397460546683,0.4746418061759969,0.9553202345701195,0.9183756316438387,0.6535674266681588,0.5749937841745536,0.1178842417826969,0.2223054881477764,data_science
0.3950633542170451,0.9344992456843398,0.5677132972041949,0.9069762994184658,0.5399340912163453,0.7406352270058013,0.4851956745913582,0.6324201421857314,0.3569758855449036,0.8329169489295916,0.25752881749849094,0.6384071637697806,medicine
0.2716661244447066,0.2965880937935768,0.6322303652949686,0.8741370033074342,0.9326895267660806,0.692569839739182,0.6283203799529218,0.20910343304297244,0.7024184380750522,0.9717928080787618,0.8589568823751105,0.3734626541746104,marketing
0.3465538832529559,0.19995562105942302,0.8054766706359154,0.08473643127831419,0.6217057514063806,0.3728405134628924,0.32773832483759224,0.2496414185137465,0.9502902620450415,0.46786367562939385,0.5052387072135736,0.3634279414628463,graphic_design
0.033579985301879264,0.5223728365715236,0.5838993351156919,0.12660309689868074,0.2559898216455436,0.3608705044496531,0.9515541794960718,0.7511733889446686,0.5496626463653692,0.4743516681075059,0.3133277547412054,0.5527189970894012,software_engineering
0.21945328314480064,0.9623403882708932,0.0805547883047047,0.19252254925077708,0.3179219683477375,0.582822136248099,0.9103294448718449,0.6136861746519485,0.17231210964548344,0.5089326693367112,0.3837224454370386,0.6628519656121115,data_science
0.2674500651670806,0.7548754271296267,0.06442383417384595,0.8328073573562483,0.738456082675401,0.8892025438585807,0.5863179762965437,0.5612167737462495,0.6074749662201838,0.9346927743567052,0.11850083403398254,0.4055782188445586,medicine
0.23396932350557453,0.12400098651087432,0.5250910848817721,0.4735225628084153,0.9416268713324073,0.6044966856419461,0.229043401398886,0.4915140439410939,0.516094190385503,0.9716233727321476,0.7499867552330259,0.22510885173341302,marketing
0.3584553811570358,0.27438189550787156,0.9874515268089447,0.24449363295369894,0.45932021143120555,0.2864225639827745,0.15922883618825162,0.42084042185287335,0.9783740655189743,0.6941216116178648,0.3285288861020388,0.6484302226620546,graphic_design
0.20208437928586767,0.8777802616022716,0.07332241403506419,0.287775642922321,0.15045522171733397,0.5073065713045628,0.7958694623383632,0.9039081821257114,0.5875938188001878,0.27126343571873135,0.34343979041418893,0.840388137626543,software_engineering
0.28270806643601215,0.9881394182842187,0.44554925804500034,0.05188212311573732,0.48708885365287385,0.2498954137868432,0.9483166672282267,0.9707509087401199,0.4585832812187073,0.36625526627404303,0.25946883119726083,0.5313381455087175,data_science
0.35151718671115906,0.645917475748685,0.4399604990302821,0.9712622251223055,0.46910667517574656,0.41972993358776695,0.28211079053878013,0.6925367828529873,0.18630145138523801,0.7407227161673967,0.4937315840427965,0.5171901530460111,medicine
0.3565810296997927,0.09543207374428317,0.5831380604254927,0.943031032773624,0.8913743974655961,0.3785138085624884,0.3548772400845625,0.5555956250375935,0.44363664935823266,0.9786890543524525,0.8978742940659689,0.7119804472734218,marketing
0.63972980090188,0.469617557954591,0.7419655228977499,0.4858043164421101,0.427411597004997,0.04661504902589808,0.1957317008139472,0.4949500012081517,0.9332033799495164,0.5769343199626248,0.5829016688580939,0.333115024729417,graphic_design
0.5374568536682014,0.7030217694309913,0.2776808599385581,0.3119581029509333,0.5025743071736591,0.42674090765562633,0.4268515027409614,0.9073292127180513,0.9194781175642663,0.30126737831037675,0.19886082880794428,0.7274652904099111,software_engineering
0.2700523444856961,0.9868293913749956,0.3487224097573979,0.12064719996787217,0.5613360288179621,0.48789698325507574,0.93814317025858,0.8864339823253007,0.42146487257948473,0.7566020473179231,0.21633962531412337,0.44952976805067885,data_science
0.6338537716075178,0.6664870231221512,0.7004108961243839,0.6674971773330086,0.4754347107291514,0.8859676540876787,0.6510806863776095,0.41693862250432934,0.22844181596693652,0.8277546498921327,0.03253607257072212,0.24996164489261297,medicine
0.5253704699917969,0.3045348331304091,0.30843309059916274,0.7435600029735382,0.9123581699481568,0.3459058756778707,0.4456538693683451,0.41201342017164533,0.670897312293538,0.9664407364526334,0.6831262474689105,0.5266097324384499,marketing
0.31516147160652175,0.4570474364163854,0.9070133354464791,0.33565409155953535,0.4518525196641992,0.09102745322036969,0.6113735555663828,0.4736791140503047,0.9900759656679988,0.4267466336859837,0.8158101102328147,0.3920498761908582,graphic_design
0.19158696332220732,0.7673018129836051,0.19330151332773626,0.31131413395110313,0.569640293708486,0.4808802975716209,0.8760136161175073,0.7096107073395399,0.8310017640768727,0.5121753424808884,0.507369079914744,0.492375102344453,software_engineering
0.48745335804401646,0.8249423518282085,0.6418796889421963,0.34510578392991476,0.2448810100647233,0.613658203639228,0.7310425957573846,0.9208295050222577,0.5058135868596948,0.3674445789582366,0.22076329735601197,0.45214019906774416,data_science
0.29006606732293233,0.956032609610347,0.15306008634006638,0.879437787125289,0.43222935808595003,0.8726079900956027,0.8576951067291675,0.5949670363819277,0.30834500189923164,0.5487861413078348,0.24541731216389795,0.5967487569620042,medicine
0.13366685342336287,0.4298102891011977,0.827656283668052,0.7606537472138005,0.945916691611946,0.5925398514918935,0.33820098643859847,0.398095986617605,0.74640318457478,0.9763363468516579,0.7928273328035528,0.6373754101482638,marketing
0.414308186982622,0.5754748088344146,0.9621087202861845,0.330385638423741,0.46656189690665767,0.07468389756780809,0.23885461828197646,0.17661866811132548,0.946053809623163,0.7592895744924416,0.8554249863383038,0.3491246574303165,graphic_design
0.42881349668774577,0.8394484817365151,0.5764280256854307,0.20733870779995373,0.015975123958346674,0.5809848852013183,0.8198942624684904,0.8306332577557773,0.6988194494131509,0.3147071866231428,0.30264970632143534,0.7239793658410139,software_engineering
0.2648978159437543,0.7092775258049518,0.41334226950987174,0.21294520447221904,0.612699528620743,0.6059419505090791,0.8685049231964346,0.9396411554028655,0.6355455586141883,0.5094301317804429,0.2111878740440848,0.4501421610593427,data_science
0.5946227908996734,0.8626707776767157,0.08940198647331375,0.78614879155618,0.295823168007721,0.6289267060623153,0.5733448571640598,0.42192910302565234,0.36123707649183706,0.8210051313150336,0.4192716748825401,0.4268273521082836,medicine
0.18265664622723216,0.17378358196884672,0.4735640976372163,0.7990130738450872,0.8673031206508648,0.31112835201514333,0.367996596790233,0.2599394411590204,0.8496219510294835,0.9939807899364794,0.569702139160129,0.5151347791395253,marketing
0.3394286655514179,0.689701082170542,0.8172859040501844,0.13587796841946165,0.5884555360528891,0.3214326261805599,0.3001366297907836,0.1886620969285098,0.9840641257798485,0.5667177448230925,0.6236353494391056,0.44527413244444475,graphic_design
0.49110952205150515,0.8858572863650968,0.0826319051614704,0.18980633225379467,0.3396552555200982,0.6635781810422045,0.948989075702015,0.8762154265145672,0.7895237810133249,0.13310837850755486,0.4561313942379343,0.8251155862661904,software_engineering
0.5384142637854247,0.9901338153053552,0.4998128195649638,0.22603994694281543,0.0911821365192555,0.41333270865776434,0.9612029563818321,0.9343022124682713,0.5977993256993834,0.5902911300178157,0.2594616302095959,0.5658246457936681,data_science
0.3011757800043083,0.8946934094599774,0.2578866693846106,0.6483622272800817,0.44412675899451864,0.6365828050506063,0.5399377467852775,0.8229381278386756,0.30508770713072636,0.5853493336749749,0.15234332580216312,0.7403594715651186,medicine
0.037123397992633846,0.14973616448226199,0.6105355308252884,0.897137212227796,0.8781405689350777,0.46716752758857805,0.40347727019735685,0.47724970528274674,0.8960825327197579,0.9206128472150483,0.7869747102799065,0.7657653953944492,marketing
0.5107686247509,0.48292163946735855,0.8880695737349933,0.12342661022989354,0.3905020521742797,0.11300300312590479,0.5047117562947546,0.3228045969517169,0.8507079544121638,0.7290048940614302,0.4116701856313186,0.218982572484709,graphic_design
0.5269710033118632,0.9499216554866531,0.3128271785701066,0.2658136310467121,0.06020276087095579,0.6201421138619508,0.7689234602988808,0.8282123112161586,0.7686328637624971,0.5979787890035163,0.4544597326042146,0.34817065786643986,software_engineering
0.2951656743951129,0.8942924440989433,0.5370401832755798,0.6289490539179224,0.1356056926821942,0.5981693414090341,0.9590062764791751,0.8280524237823532,0.30955949834512814,0.6211246151226417,0.5366179312929048,0.5488580851272975,data_science
0.3795614785505739,0.907244143022423,0.21135415191241522,0.9690341206920395,0.3111087284838305,0.6830683053961554,0.7424333068367662,0.5448790773670769,0.35833631227328777,0.8326673482066689,0.13235358210526502,0.5207076501812657,medicine
0.4266135543436221,0.2701921618790384,0.46235245036730155,0.7451985793261904,0.9080284270988199,0.37071733881321683,0.24324470569836457,0.8018737599216371,0.8343581538345246,0.9499833440408321,0.5366250850403239,0.5373203796670349,marketing
0.5168589399862479,0.22388806177245787,0.7392981959658138,0.48211936350298396,0.6101976893701707,0.31345028776609785,0.3594484627321219,0.341221876751453,0.8716259423758823,0.5859788746103362,0.6221853527477752,0.49155692711877785,graphic_design
0.23969674692562443,0.8939338717435608,0.14588894559106025,0.235825317904933,0.07516292663639963,0.4658429126285422,0.9644407853419398,0.8083575829244154,0.585835942033503,0.3841656082567433,0.29361259316662613,0.6554693703200151,software_engineering
0.4472537287456472,0.8910947866764479,0.1279977486636713,0.33806255659838724,0.3286029101240447,0.5540282530136246,0.8907898026982107,0.8508274847332509,0.6528773402944044,0.4146977816383925,0.38589749945368435,0.6323784718345653,data_science
0.38821529195204846,0.7491590896961082,0.23923054956385825,0.8638670489893227,0.3785285308693648,0.3939210471812114,0.4315865543826318,0.49370769637202766,0.2390426743781753,0.8227847916140766,0.10747199368598581,0.6617633865488732,medicine
0.3638291586638851,0.24083145314209142,0.5377478211053552,0.8356271214889085,0.9964955308867282,0.550124008787353,0.39241899015711634,0.6366344902394682,0.7275898276324438,0.8597360515641276,0.7614480906840064,0.5420321972470522,marketing
0.3566302511669144,0.44055450318889267,0.9991906709097765,0.2633159596057704,0.364573904607443,0.13174287445718494,0.17760280539852608,0.2433636942260412,0.7808081616608845,0.35275781005983825,0.4778341756323545,0.4832169032691533,graphic_design
0.17959188199273443,0.746158009781584,0.13821267926000969,0.6361446546843241,0.1321264962041437,0.3311277362133074,0.9205747252276975,0.7130169272882365,0.2834999641083618,0.44353039727078625,0.39285067244432303,0.3883834206225989,software_engineering
0.21737545535471517,0.8911065736124767,0.46426951164040514,0.17563616262455928,0.15571574398796312,0.39105454051222255,0.929444234342514,0.8033778968850332,0.37268439437790385,0.38300105245160937,0.11531660113799785,0.3336923664683478,data_science
0.46872948600692954,0.4919657841842479,0.2664624307422959,0.9300042448427143,0.21201538548465257,0.9415738757617714,0.6847988874958071,0.7236409731629422,0.38273526215464587,0.8375728910707093,0.20812003314303779,0.7570104258502851,medicine
0.13256886212416008,0.1311705803914901,0.5469092636855033,0.6625737588278156,0.9863395883829021,0.26718832491152644,0.5320417572035789,0.4757531733281818,0.5913326320998831,0.9310489309272183,0.7710704424924145,0.5773909594960058,marketing
0.1880764246966,0.6696037138283124,0.9886246395858256,0.3873461327441834,0.663645373725093,0.14204958104145887,0.39640194019314834,0.0762254418209061,0.9930903337904122,0.596143890938447,0.4796760101310335,0.5136668300799652,graphic_design
0.4443106571662784,0.8414405270628097,0.8571878518060587,0.36705557361927643,0.17658271876835407,0.5743706646242646,0.8060450468758292,0.7926521084228058,0.7458803446248152,0.4056552497315187,0.21312254560528734,0.4100751630432766,software_engineering
0.11951345659926407,0.9872898282006667,0.2556596332732398,0.21518799497604632,0.40580975335410596,0.8295385076039283,0.9803032749586027,0.9979991619624057,0.5358475558861119,0.718986558238607,0.2895452594268649,0.49707444591649974,data_science
0.7951655456328242,0.9446382177277433,0.22466216694574337,0.8716225565533904,0.22557104255635066,0.8598795951690177,0.38784462687341,0.6733189631825733,0.34453804576488767,0.560971970910075,0.023866980905878233,0.7693582331378581,medicine
0.18859263878967608,0.23311560206739596,0.5768811425885263,0.7190164301856735,0.9009507055282546,0.18542344338925834,0.20905774528623486,0.7873263919109709,0.5165575088402395,0.9038851235398105,0.6887950814654841,0.36269475850517274,marketing
0.2133912766100706,0.6685371842548778,0.9286576079958044,0.11744806080990174,0.6021468019928101,0.6043618087611267,0.20875688006133733,0.2192008741358496,0.723209271496808,0.409986879444976,0.40335652446143133,0.22066525569769263,graphic_design
0.02833102183720728,0.9277526859705593,0.14919439673204635,0.6639484597074453,0.09228799887000272,0.49633099807988384,0.7304929256208846,0.9714026250872535,0.359710039185323,0.5270037854232432,0.6036204407111656,0.740770243390729,software_engineering
0.1939857478495121,0.9564431829632057,0.35381771173347537,0.38500426880099664,0.285530087922971,0.5492165345788161,0.9218050087791316,0.731282803067461,0.29947854881087393,0.49060447929443934,0.1966840325011533,0.6440425199921479,data_science
0.6846532753216268,0.7328903211583634,0.41986800543158587,0.8549873046346436,0.38692474708302793,0.7940236561881002,0.5429132960044395,0.7771288481567593,0.3174808818669942,0.5591442268405458,0.24772007869599044,0.4727844359837384,medicine
0.07854650689286219,0.2945945131920455,0.21646442634727284,0.9747642032370385,0.9143605011608197,0.2641429574286485,0.24235136555525874,0.49711709025993206,0.5983407498060739,0.9677193245893843,0.43305974909781697,0.6898075165951558,marketing
0.22280210445995866,0.4709412118791909,0.965097968802253,0.18619045509813745,0.4676058156321299,0.49464240400980364,0.3010086711012772,0.5501753653595598,0.9727488292342078,0.6267521517838563,0.5362823905505183,0.7835571122049775,graphic_design
0.2888085050626862,0.959917200498203,0.5703547129823691,0.3549427321635923,0.22432904211507168,0.4566370746383807,0.8115702595144366,0.8579548759421415,0.6737600680241418,0.26393687769972934,0.46669036075404496,0.7479727469895641,software_engineering
0.14053294498065955,0.997567474040543,0.0756063559588712,0.10113572138456237,0.3518835196251397,0.7076821060625136,0.8901688788827624,0.7106728448095293,0.22380834915103212,0.31345712532502623,0.23646335155986503,0.4363653088070552,data_science
0.6782031092940173,0.9357356446234135,0.21837217234540932,0.8230899444265611,0.4745715036892838,0.8762855110898483,0.6008134272126712,0.4844199590962167,0.28957768351944013,0.7701577935343797,0.06866596965544197,0.45571258071718,medicine
0.21350067245435575,0.08396441228991972,0.5432959623234968,0.902276810153875,0.8820548188190409,0.4532851191034926,0.5678648183289505,0.6278192966399105,0.5228385150258354,0.9354390762355842,0.8565260791201692,0.7780840658094611,marketing
0.7649880526661369,0.6464610609215069,0.9747057319926045,0.21044900140562378,0.5791402637614347,0.22723119083390905,0.280793481410594,0.6329387063642796,0.8882702587368184,0.6619265900926827,0.1798045018448796,0.7158403254847793,graphic_design
0.25879825524067807,0.6303293343701108,0.4887333422915852,0.2207086740097962,0.05494333122273929,0.38800743506957525,0.6169714971767061,0.9263737360785148,0.7308557560542278,0.34980177896221826,0.3486922156029572,0.6919089114178818,software_engineering
0.369152671117904,0.9848885421639327,0.3099371350996959,0.47719471846170336,0.43826189296711404,0.6053476841603178,0.9528616822773094,0.932543262574448,0.46209383881849503,0.18841564046584816,0.3069588052849475,0.5658629990111363,data_science
0.294415421387501,0.8068640929881848,0.4025536340513712,0.8959058567080117,0.39541400142454936,0.7548262430403632,0.3997130486780832,0.6648252117663253,0.04183411537210009,0.5669724329707457,0.06943979545094794,0.6972425975958411,medicine
0.46924219203157486,0.31157010612430014,0.363373556885621,0.9146076631440881,0.9103550193143561,0.055575304477020124,0.5448983275893797,0.404528118816285,0.4765871040313287,0.9899941232300242,0.3748617865673264,0.5922915764925052,marketing
0.5892240241808722,0.2534125094369535,0.9646431536165021,0.6227804891876612,0.5287861410741105,0.22749610806821163,0.3037837196954254,0.11686319472277087,0.9548331168840688,0.5416377718220502,0.6267463645873659,0.2585103270665039,graphic_design
0.2961108986201181,0.9003070959473823,0.2842586916200997,0.424950492112485,0.5154834471458746,0.570669823626817,0.6036740047588417,0.7835168002559253,0.5469205163538322,0.5047980952701643,0.3013045792115673,0.29686097442016945,software_engineering
0.5470909958314741,0.9810619916724145,0.11942563079555388,0.024546707497302193,0.4736077194811615,0.9525893194464755,0.8505771240900355,0.9732338436616819,0.3760604681629895,0.8141483966748349,0.5771113392963536,0.5812001254553494,data_science
0.808968958946881,0.8369742727668881,0.4483501004275663,0.6922035493666688,0.6326443568977389,0.624376472146065,0.5597254296696526,0.782135251752743,0.09973774500433454,0.813626800378928,0.25133684082344676,0.8087506745387676,medicine
0.13912531197054098,0.2637193854264991,0.6276956195368589,0.7067017045210635,0.994972449868202,0.41416844858830454,0.4427977889743492,0.4791264923600344,0.696091710889399,0.9982922652943322,0.4513605769237112,0.7227236264959499,marketing
0.5418977089992614,0.24343721061908163,0.9314670238655254,0.10905521497025272,0.6321524756850792,0.7272971047222203,0.3413083206922977,0.30602105206348845,0.7735884231914327,0.4777034861998654,0.36051884670650614,0.5989067211102748,graphic_design
0.0949874512045916,0.8581962762733988,0.6684275323658505,0.2254062830315299,0.42751248853813417,0.5071028085943426,0.7789655934672393,0.9553214158293565,0.5842882498579034,0.22710073817226079,0.4434756042751285,0.6037654385797799,software_engineering
0.1934643675738562,0.9973793312464455,0.3764397525057569,0.24684971562171226,0.6118752339327337,0.45251111801844973,0.9697313373862152,0.9284329380924111,0.43383374351383647,0.5960754292154703,0.2538641726060046,0.5056347207952414,data_science
0.720657937790751,0.9312974034451488,0.08608530276134006,0.7344475585180402,0.6518480060675738,0.3767752543261654,0.5655038172547345,0.8815591237542382,0.31193754660415035,0.8879993641079157,0.24974230636892966,0.5607579347688582,medicine
0.2694747259164234,0.13942088775129619,0.6625259019291505,0.8366459456534583,0.9368462226106521,0.39839073569085987,0.28803258840321505,0.7503522575734006,0.887500331782423,0.990413328224868,0.5329762924660206,0.2802452085525282,marketing
0.4856850734405052,0.39182990147994734,0.9572394944618525,0.14460120342067667,0.6266127512176183,0.560338508214976,0.375303390081785,0.2923092935299876,0.9037590536744601,0.2687275200709743,0.819015174678674,0.46315076594338644,graphic_design
0.03923079554779993,0.6975623743651224,0.10672595986618227,0.3008893453852041,0.39549791795591005,0.6065334268783329,0.7915280044152688,0.8401371969491661,0.6293535378873322,0.44074514225791556,0.31650268144240085,0.5466812037022462,software_engineering
0.35133070731999066,0.8627135512513607,0.7273193861703257,0.312431526048607,0.16596097394716716,0.6061182226398207,0.6288708961773143,0.9468381086177465,0.15855203938115742,0.537104321785614,0.07524523490102417,0.8208809630388316,data_science
0.4417094031724928,0.9314118812187857,0.04537152491157098,0.858698688467711,0.2854871097513895,0.557497314966965,0.6838337782930471,0.7561692414217812,0.23818887174844572,0.6392038945009971,0.2632936497615254,0.4004695446879611,medicine
0.3615676648417146,0.6584485359384462,0.484410669340958,0.8070101508319608,0.8855429539753691,0.5220637897025554,0.33032533826884897,0.47490446909344414,0.6718518343163612,0.8441210079286,0.736087787623432,0.8850027953321046,marketing
0.5425517823824717,0.3969240771028016,0.9090146119366638,0.480893447597654,0.27425829927220724,0.15532521307096314,0.4237660961270818,0.35525176735398717,0.7516911186313164,0.737490070641161,0.36177890415420483,0.6122434551979391,graphic_design
0.24817907510599366,0.8156314196473106,0.4099040192218676,0.6312275124771942,0.7327230325322734,0.3966178643331368,0.9332127086842237,0.7341784009620186,0.7236986034585872,0.310991168433653,0.5332011236408427,0.6083037941790933,software_engineering
0.34857988706020965,0.8324686376337136,0.6084266537925043,0.2876010213479107,0.34811623050301527,0.7346093636658989,0.9210956120997865,0.9463452799807495,0.4712136514494975,0.513894050391708,0.2630951710477433,0.7435720429097161,data_science
0.4387562116093289,0.8983186315674849,0.35016497846843486,0.7934058730680871,0.7118835687552871,0.7126774546863893,0.6609199948634787,0.6931430832273691,0.1278036570250014,0.8729474998836331,0.12971324936972556,0.6843289587392997,medicine
0.3324056643188,0.4611925021864304,0.6660327141686898,0.9284338643545044,0.9328613153698687,0.31231827515016286,0.1535358884998654,0.3903463917376876,0.6267952528647803,0.8922137591687606,0.8202086844915402,0.5039789421236326,marketing
0.6683824013988655,0.27782388016207393,0.9354206125354599,0.10461349515896051,0.3731926940040824,0.35535322627516236,0.16092372725795384,0.5545234495981053,0.9928418225601979,0.6343710491798205,0.5138808859500725,0.3473245126344502,graphic_design
0.17557027674345166,0.8341316502838885,0.1386083679339245,0.31870385329989337,0.29815624308288996,0.6496680205978574,0.7189380955454208,0.8633547178191721,0.6599553984648573,0.23550039650086702,0.44462531092002383,0.5926178850009753,software_engineering
0.05592186899381012,0.9224638989311673,0.32596930264562046,0.3504394904476996,0.32000779277480385,0.45245191976180693,0.8145441733326393,0.9565653993177359,0.4214345082347521,0.5899116206663738,0.17213511030017445,0.648824654513779,data_science
0.4326925492903657,0.9320740788629562,0.43381259883559264,0.8520292860954848,0.33334684404114284,0.7540024071527694,0.5142254455873437,0.598972675150417,0.4096654311826526,0.6644237970050589,0.3350116608402575,0.7900862748098977,medicine
0.11690679686125802,0.23802756890464877,0.4673136617300042,0.8236162929394941,0.9481146346295553,0.6879905867007802,0.4727906148829719,0.5378937555153432,0.7659482245910263,0.994264548859552,0.625629600088966,0.49564864364777855,marketing
0.22187542311315647,0.11611351155829405,0.9243286444595361,0.11831612750645634,0.4680719364500201,0.24372416126492905,0.14947429067133786,0.23789729552406297,0.9781920471207396,0.7334400129513974,0.3530946513973878,0.24724226959133758,graphic_design
0.3873019408727135,0.7468618875639359,0.1543845057213522,0.15266807760840437,0.17370890060730027,0.3319319066567006,0.7933382418877277,0.9009759002240114,0.5750610554008386,0.2257672463034494,0.4339486873945491,0.796040599633793,software_engineering
0.24652596974723243,0.985757323991539,0.07793470449463212,0.23461847092285226,0.36645518065081556,0.7350854093267416,0.8946721353036462,0.9964917579303135,0.46171194023454154,0.3467734636440287,0.21500268070400977,0.4924397137131384,data_science
0.2595035186401198,0.6258756618070532,0.1674072977318505,0.7715594785408728,0.30145924115381767,0.6333581702543162,0.5187853768377786,0.7636297416219073,0.10639320436938036,0.8134566681195952,0.18264841276008997,0.6421607313110262,medicine
0.23718172391216807,0.3874960782464396,0.7368165281601631,0.935109351867561,0.9547195353618394,0.39898531206424875,0.4607217586882754,0.7317702810570097,0.6672454603565298,0.861988139092665,0.4525778211397994,0.643152106295295,marketing
0.3236766276607086,0.180995883039406,0.9241420626936426,0.20840140574227997,0.5575394889205305,0.09137684626945886,0.14890282505237218,0.5796741059712658,0.971752811177907,0.4077048064697343,0.5522723793091263,0.4580714211137549,graphic_design
0.297111285824485,0.6595832100502961,0.2171804602601581,0.26345768970459654,0.36747262177149626,0.52847600321756,0.6221374682284907,0.8704928492112673,0.6012388335609251,0.5729257229347652,0.3478835332489086,0.37971059522504985,software_engineering
0.47212080490635056,0.9346853771878608,0.1660798020810145,0.2275741855583235,0.23621902476260784,0.7484331765296351,0.9101578632722991,0.9429532178576061,0.5061026004001176,0.340589901602148,0.19121130714326565,0.30522764862036506,data_science
0.711759661411063,0.8399377075358611,0.6027637755777204,0.7638870119738541,0.7056380848665583,0.8535159633747993,0.5996481190534294,0.8173546505149579,0.35567633432060325,0.8947875238352495,0.2618737208308106,0.5418650707156248,medicine
0.20114645063067368,0.4995919859434498,0.6630603996204252,0.6568553798560869,0.8616784571180631,0.3553460988029845,0.3478175711796964,0.5972091381801208,0.7075437920505184,0.971540197760776,0.6921538428050931,0.4396845708346278,marketing
0.3359011056451524,0.1691706776310399,0.611646637244712,0.29363916111468435,0.7334863566326795,0.181310208314301,0.6439308728749694,0.48749227664035755,0.7476265234818698,0.6176798096884861,0.40948568693564696,0.10198457035335508,graphic_design
0.3395297147504228,0.7425896619875191,0.24295516798393701,0.19697331914355296,0.2837696596517977,0.690435466451647,0.8149926874016764,0.6023033841807739,0.7282215890178212,0.46781494605844015,0.5831355528273271,0.6420837914825605,software_engineering
0.3400907043186886,0.9033300250016107,0.17709537977803727,0.30968038612236737,0.17638155610946538,0.3771617111139041,0.9757392481094229,0.713977656860336,0.4132195915380142,0.5919325335792234,0.18656529545253925,0.3925021773656128,data_science
0.6701171842161573,0.9874893715436006,0.17062906771772712,0.6326724232756843,0.49057037181426283,0.6399464108124208,0.7442166000369406,0.8594342432969256,0.26242815384529466,0.763796382640732,0.23494609809998768,0.7930489021342254,medicine
0.019549871082049076,0.37359107212678155,0.7590386609025078,0.7800560259649116,0.9176777377806973,0.40852633918948905,0.8531183925431083,0.3311393643653648,0.8717263120907441,0.8919780311117445,0.8417935850517879,0.6398878247715649,marketing
0.6651546788804535,0.6402245738529778,0.9635902577486116,0.5840297912401203,0.49851562702510027,0.13381224798321323,0.2934502859777118,0.4422998321198775,0.920741133373642,0.51791828259293,0.5288475435901338,0.4898211896550212,graphic_design
0.18519683378557994,0.8189049112715275,0.015695904534768258,0.036356327599789,0.35662496008689,0.44014436086702013,0.9193519539690347,0.6572092685576193,0.610258346060898,0.606374705021037,0.3762204630309515,0.6863700707105627,software_engineering
0.27840615074522973,0.7431397366179553,0.3510477688329798,0.2735089885747763,0.31685482424182854,0.6757866841774105,0.94679606005973,0.8293774754638267,0.3772916278838181,0.5821243601759082,0.2737630348424149,0.1342216766898746,data_science
0.7280845168030662,0.8444120822608544,0.13433382102085636,0.9217761197952776,0.48961679714578976,0.7958729922654864,0.8205541268972398,0.6633015018573651,0.09965906083121245,0.8622845670306281,0.26378100113386016,0.31365742202687796,medicine
0.3131704404989887,0.12109617496053272,0.4997516529878152,0.6682292736218437,0.8930511205327543,0.5750306639582936,0.3836648231040916,0.5881391376881447,0.7050553189851607,0.9400531852150379,0.6840861382812151,0.48573077847633916,marketing
0.3163548677893721,0.1768849502019129,0.8892642014667269,0.17167792038623245,0.5318977477577667,0.07186876899903669,0.1028723060451996,0.2744731317479107,0.935366501682185,0.7050174647823734,0.4314222292342233,0.27679618700302105,graphic_design
0.22821794743989907,0.7864763631915868,0.4965621625063533,0.19861210229163342,0.15768125685388865,0.7009261340908207,0.861229844747484,0.7116604636580347,0.6186179114006732,0.1383177770543561,0.4486087626311685,0.6419898077545602,software_engineering
0.7532840193923047,0.9805170108395184,0.11444834859823452,0.8359192541149242,0.5438390299554942,0.5491105760063224,0.9460386012684976,0.8429444090451249,0.4351629672777403,0.340241574631578,0.4584830644418061,0.24933218872581925,data_science
0.6276200211650608,0.9140693334124658,0.15054473955521772,0.870181939515408,0.3513073128142544,0.8768037041978585,0.7706281937161289,0.7451830678964106,0.10685621586137573,0.7237722450520487,0.08957117917497312,0.5287112826708099,medicine
0.413745432742641,0.2987726870871026,0.5719909831452004,0.7885537827918602,0.9646438895467706,0.44680601072309223,0.46630596286409753,0.5780032349027233,0.8376888746244017,0.9765685761064247,0.8302596410612726,0.5847453851831438,marketing
0.586612180741457,0.46506099658095496,0.995760778175085,0.1652192086862417,0.6390766364730427,0.20311788041077086,0.3321854618250671,0.5910173582209969,0.9668086533139408,0.5525807674862282,0.6041379304696332,0.5086860542938488,graphic_design
0.09190014719195615,0.9823994882235897,0.14965737600905868,0.3825946364228174,0.33442230387592037,0.6466366645097117,0.7664396884011186,0.6971273411199429,0.7913963494431666,0.40903686069834777,0.43497179233993594,0.29491207513756745,software_engineering
0.6527398732921327,0.9323699709921512,0.4322965937234936,0.4196102537294013,0.07496577101358129,0.42383626957740456,0.9691897805927114,0.9335697161981985,0.5903870976922443,0.21010999278682163,0.09172059790534749,0.5139526888971855,data_science
0.5224229532789961,0.8968081780164294,0.3626801030078665,0.7585142146030087,0.4083410599874952,0.7121886073113263,0.8198251194177698,0.7680977223134333,0.20950429104940693,0.9028342967092473,0.054952853019341504,0.7668426503072964,medicine
0.2462692256781075,0.1814881398168818,0.7382026391352681,0.9002892576181253,0.8809496505787886,0.13253532392071998,0.4497289676077332,0.3460161663599664,0.5775032998043808,0.9827086563556618,0.5713960796397733,0.5479993712433445,marketing
0.22313805803646483,0.25009787874742945,0.9537993084489355,0.378717848109107,0.3987586530032671,0.2518854370649672,0.17976553892695638,0.42392942623464636,0.9812907035777553,0.6575849482354859,0.29631799998917363,0.5699670313687036,graphic_design
0.14304076497540746,0.9437968948942889,0.15169910623434493,0.2757249177015948,0.4949551209356962,0.48181080803493576,0.7907812819375182,0.7447193261054683,0.7634622308661186,0.5636033088786091,0.5375384257502689,0.6183501320329567,software_engineering
0.13740027620857626,0.8403636110104787,0.09679567797885522,0.17675843070305283,0.22226060648886115,0.8104544512296775,0.9538860375474439,0.8837265139109709,0.30822199651674625,0.3841256788610963,0.3546368094688104,0.33243593023146817,data_science
0.5025907805368675,0.7973117209542496,0.13777708890667503,0.6632782286440387,0.47574761858371434,0.6772245573258817,0.2604450644575013,0.7585802338988228,0.31730236105238896,0.6348696889740206,0.2986719012402862,0.260850941276953,medicine
0.3457756586096452,0.4218034492741237,0.7848303977153327,0.9481584771938376,0.9323636177379402,0.43591389997726576,0.30761890827505944,0.3960506347663066,0.7853568276711593,0.6289567678091338,0.603755367530469,0.5959884429931849,marketing
0.38572778483743625,0.6158192583484491,0.9597086328260473,0.6269936019807388,0.48314839999434195,0.5360052600284753,0.4403759990118765,0.5535842415464907,0.8740799804891617,0.4492933705915581,0.8493443180975663,0.6036792527887418,graphic_design
0.394116860021317,0.7797057908733026,0.09389742074808757,0.3316845253251531,0.19988172687280123,0.6563104463109882,0.725609558325664,0.8837151430376419,0.7985006109251128,0.4478368218546228,0.5360996690492061,0.7329003163124043,software_engineering
0.6919867338180704,0.7954349028466804,0.577256750673267,0.4559435200313395,0.1643877953381884,0.33258176709864384,0.9127912964944835,0.9462156410775533,0.7117793777502845,0.7273363642464113,0.2914317820200795,0.6269479100595596,data_science
0.3327337477408024,0.8213897747149866,0.13545285465933019,0.9099732522930591,0.5565237294421187,0.8276116912676594,0.49185348468932755,0.8254250481915688,0.5543541700178498,0.7050925994272929,0.09363989713279597,0.5335767477600052,medicine
0.4560735841308524,0.04860722746912698,0.4088030818785291,0.8170825022024336,0.9712042271603923,0.25621731120756186,0.5696689527675974,0.5323283608854777,0.28969344737097874,0.7740529590445897,0.8001534618029545,0.6345739988190406,marketing
0.7539895442598166,0.42769062785989714,0.9324952494840322,0.14790831236567148,0.6660444840501015,0.32179411527990814,0.28089887513270917,0.5740757670616432,0.9613361433245174,0.5773104111074775,0.48001000861582505,0.2145561592753189,graphic_design
0.15887270008007454,0.7286533431862439,0.31637172830602955,0.3365346604720002,0.14007370722020202,0.2973198088136838,0.8733525597191957,0.8048524677352719,0.6542579625800752,0.4184214479771818,0.3689544738488477,0.5812571726580555,software_engineering
0.5127656306847828,0.8882324650572362,0.14109851088152228,0.34202963807185544,0.2743275278358255,0.6092682125579195,0.896980356710739,0.8243222120863691,0.25733367680690866,0.4830169666394639,0.13751643387078566,0.4819217132140326,data_science
0.2356825991227415,0.5917631698416985,0.20731598364557938,0.7043271126831767,0.20249458834508943,0.43468834609510065,0.48129462346132135,0.8319132669253666,0.4077206712231068,0.6642949303412136,0.32136356471038685,0.36090241706123766,medicine
0.36568415555852457,0.17816529885450605,0.43156545543657415,0.8311210071206612,0.9788581462876806,0.41567735985504467,0.2148619989859467,0.5943943965760404,0.8660380769907849,0.9467120006438233,0.7790062573710033,0.4088398706725638,marketing
0.47810837300350245,0.21665134697092117,0.9569117697914129,0.43399446658509994,0.6353791725689333,0.3190050440180899,0.31998828365694076,0.12022506874507483,0.8008218788526321,0.28445040196908905,0.4948384195071642,0.15689715744441174,graphic_design
0.14783321898207843,0.6306765129529112,0.15288137136221155,0.07631916095553447,0.3844704383422682,0.1926995136711339,0.8706914999338919,0.6034424061626991,0.7847653128573405,0.2199019228361743,0.326793418996767,0.5061028966072759,software_engineering
0.3067105699788384,0.9096155838564055,0.15179874122819095,0.19247233474417316,0.08676312665748398,0.6024798299954366,0.828465335661722,0.8034342699617983,0.3681436137500481,0.3514778503604588,0.0730299634950156,0.7478064386025287,data_science
0.5730475898995492,0.8660593158828339,0.5661662593845423,0.9085844636627837,0.4717643150207209,0.4960045515906157,0.8019472286036072,0.7930797453487509,0.10671887364741821,0.7649306003138705,0.3131808292693324,0.33679761689820575,medicine
0.6855530210224721,0.2836137220648666,0.5059288377037934,0.7346458224724811,0.9640901145626595,0.09801530821481896,0.5128897028311099,0.5920303055204501,0.6670351464164743,0.886579401502608,0.6627452105063745,0.722946365187026,marketing
0.3171571809075853,0.3535891186109568,0.86254524290448,0.26735462117737313,0.44846420220707833,0.49035593471247735,0.17191881485298993,0.3907374289871004,0.9232983345266805,0.6604267663165331,0.41212960251073394,0.3998053098639061,graphic_design
0.08041229548845295,0.6858357676195873,0.4599028615307948,0.26936209426855684,0.1485798064588097,0.4520730980843335,0.8631527156023896,0.7566328496684193,0.7700221185441434,0.3525743646169417,0.27425087512384216,0.745251179019228,software_engineering
0.24038204609879127,0.8857905280413461,0.2690192657520171,0.3479049494241161,0.4797014515110602,0.4788802761901761,0.758854985711053,0.7278910247315538,0.5534923717237308,0.5439136950573586,0.1302551312213837,0.3636774291006719,data_science
0.47473790310139025,0.9250445551197665,0.6557314197097106,0.5517335098354383,0.39727460522645525,0.6363564166262932,0.6604710920002169,0.6426081493301484,0.37586202068685215,0.7434369869731925,0.2428061752673004,0.7114850301978005,medicine
0.3465303472017488,0.2937864563791652,0.7432160715424004,0.8472664396863663,0.9514906571690337,0.4591326613814856,0.5330370179575048,0.6253744035501884,0.5312019670714907,0.9946906819637324,0.5888111974417123,0.41346319917786434,marketing
0.5490397074386996,0.49496689837064395,0.9416130227420283,0.40854717604815677,0.4887993559020097,0.4386753561847506,0.25539462293873094,0.1608227999572478,0.9714498313323323,0.8161482374330211,0.6012191624056018,0.41621655166305327,graphic_design
0.22750726466003401,0.7766575225283247,0.08878602213013002,0.5164982638926686,0.2263651051203548,0.1288767710804065,0.7240817961450904,0.8134805153281717,0.7531215623545877,0.5361636945429665,0.4691117572638083,0.5510867813217724,software_engineering
0.26537779720110677,0.9730682739863509,0.06373027649884055,0.09032112655295071,0.28365035437191766,0.751854749348333,0.8409538797547419,0.9146129343396967,0.19791286727576896,0.6866339379244032,0.14978682875772337,0.48405314875231564,data_science
0.3789261643927272,0.8737683550294398,0.31719543067876954,0.7768728037732785,0.4503323971080286,0.7540809815231334,0.73767602506752,0.7405720772218521,0.2254388081543422,0.8329512097322225,0.18864769082109675,0.7074113827981181,medicine
0.28840421703095204,0.1356198641490298,0.6784670433919029,0.9400909685382164,0.9990585897016865,0.5859231271156158,0.2553206485433321,0.6060559732972488,0.6864179766342817,0.9857580719024548,0.6991350836261141,0.7096567446830953,marketing
0.55042543823143,0.3824642305924631,0.7082704605882136,0.45781847078267396,0.6305409991704745,0.1866233351663539,0.28976754990140097,0.42018088930438025,0.9545643017700732,0.5881163893343121,0.7013875951167647,0.47438119964618247,graphic_design
0.1897067790088531,0.7361070123877442,0.25248580801698167,0.37575227913498965,0.13436263791484318,0.5120410258814638,0.6652817020734083,0.49573516765765024,0.6733973017266792,0.37728829391138596,0.5074730683688407,0.5828269546294513,software_engineering
0.27490311670582235,0.8075991115315508,0.36917502019492876,0.3329189278512091,0.3959166326476934,0.48484659143935843,0.7893609346008643,0.9605372152371323,0.3960446252013149,0.49729763591515624,0.44140443869502954,0.43921072530579847,data_science
0.5767863521306936,0.8851621166619289,0.11610796838023209,0.5856287824424556,0.515871785217637,0.8397126995443818,0.7453203505468091,0.8062443748343804,0.245666609360166,0.5079677757955395,0.11014048199556019,0.608827566145091,medicine
0.1706591864109002,0.12596205649163042,0.5245838877877307,0.8455812614002888,0.8946038926123888,0.3434697179087579,0.47616332976177483,0.5395152762279282,0.9646001993618076,0.9257709207618835,0.5816200910287134,0.4700804602297639,marketing
0.2317572928867175,0.18639471750843833,0.6705745028117891,0.5165778583190741,0.6793471620961576,0.6385780366402203,0.09860943938331442,0.5587444102655672,0.6337559983609072,0.26876362324077496,0.5483053252878527,0.6616052896035242,graphic_design
0.48127602380344087,0.8827181419116744,0.114542875362724,0.2790754636771298,0.24488207813621757,0.3738914091987298,0.7241765967383406,0.8850123916585104,0.544336088430721,0.5185643340230335,0.6165539783899621,0.8333231494449731,software_engineering
0.21105289949676423,0.7864120725715017,0.3791078220584668,0.1421244421608573,0.20355811810726598,0.5701136224523728,0.9581856860483378,0.9498634749392514,0.4100894430055348,0.23026074543481434,0.41059803846291587,0.6399036168110339,data_science
0.58280768447764,0.7938579011926067,0.29841353963479883,0.8866075779817184,0.14552693072219805,0.857672396268755,0.6716716500416986,0.5880631489227062,0.1603252708815295,0.7601230996304046,0.0661342457156383,0.5920308960527897,medicine
0.5906527166803194,0.3728006223741489,0.29223988373695226,0.824445711475255,0.7546525348703276,0.33943716196431817,0.12041853354118925,0.28534760016368,0.8205225921421516,0.8770752528148851,0.5626482454096733,0.6917818871268212,marketing
0.4108349656391178,0.2958263643405496,0.918700974126177,0.31845389095850196,0.30940823234817894,0.3026414596068253,0.388933462853209,0.47494388030052137,0.9673713553646436,0.7158906600956559,0.379238913141591,0.612432619806395,graphic_design
0.10719943052811028,0.9122039390739219,0.1364587366427755,0.23275385279789626,0.39265513303052957,0.24313671112203036,0.6358255889857816,0.703849132694244,0.8337955369340612,0.439846088263497,0.41340975478141806,0.7027352664381128,software_engineering
0.1740897897554094,0.9260283415619072,0.274080645623165,0.36952601563981197,0.25469134922582043,0.6098225035064295,0.9968157509848052,0.8609786416915404,0.32204124314725247,0.6002806562670199,0.5057053880366282,0.6921572377737777,data_science
0.3123618310955698,0.9721686799378159,0.3963885410944815,0.9235157412049182,0.6404400453601318,0.6212845947078143,0.6213677026087023,0.7348907891536264,0.05192786372959635,0.8113000668101761,0.043024092538304255,0.7481647529261959,medicine
0.05101553864790871,0.31447279809424794,0.5919630981635751,0.900337364421748,0.9910412391291826,0.478296077097485,0.5249372856522837,0.5135026731993226,0.8569604895265022,0.9849066979191935,0.8476826568485281,0.5040252874323597,marketing
0.38233935538863145,0.7604087136617462,0.9488857972728078,0.22969740020964577,0.44924884609817756,0.13464763461969884,0.3772355788638748,0.13996985487059604,0.9176929099248335,0.486591441866195,0.4446554065922731,0.24252214567520794,graphic_design
0.09849892997870129,0.8858970876951994,0.3964881832980224,0.3101538739460389,0.24659665458038132,0.5684587545735899,0.8972151649408207,0.7405830059719071,0.5811856969738435,0.30564394129694383,0.3116800568941355,0.5695675315838451,software_engineering
0.357289862728934,0.9157813534267145,0.16870358947933306,0.21799512585409758,0.2651008899306543,0.5027921788941471,0.8522372012408923,0.9923514175467474,0.3040257567540479,0.74761101196386,0.29948578218112654,0.46578545562974016,data_science
0.4114530241860559,0.8415155965069856,0.5183996327965642,0.8452611425702369,0.2177445253972418,0.7708031061015365,0.6937509065505307,0.6222425080516668,0.05303846905363736,0.8356915129899083,0.05954959496956818,0.7031183567428503,medicine
0.17977175033478812,0.2996261971855136,0.7252394959071417,0.8629050231318965,0.8065236483954582,0.2562462763758013,0.5118485667296201,0.5193612274430399,0.7648219995199904,0.9692336051376979,0.7314029599267703,0.3303646927971338,marketing
0.2181800981274692,0.3930102519648465,0.9875579806279602,0.29132140630273834,0.5107271062880067,0.028121276583716964,0.3730389994747156,0.5620227947662739,0.9472066332140338,0.494882703943111,0.20640959175975201,0.3686893911944848,graphic_design
0.43426509480061565,0.8264355309603778,0.17903387644673638,0.2946304810706418,0.17015546146173638,0.33497484759377866,0.9546334271000925,0.9081392575008428,0.6408804047775746,0.22156876023663458,0.3815145401833392,0.5026080362529692,software_engineering
0.09979750366994371,0.8765950225569745,0.07543213162578095,0.30463345048543966,0.0810158011306417,0.6536653831445258,0.9951479170019621,0.9202999292975338,0.6448096678331611,0.7107348505709222,0.2388746953966512,0.8372778628289623,data_science
0.39594872312845153,0.8207108095162274,0.5454464929062313,0.7382514944294336,0.21662457424539133,0.6707465923093523,0.47213077327916725,0.2676952252935087,0.32983046476044436,0.6955845954110994,0.391650808534605,0.8677852662563978,medicine
0.6539587053644431,0.36029186262430074,0.7333229935142858,0.6975008411721785,0.8789061138296881,0.4166074515703093,0.3269311665950157,0.7135876393320753,0.7251355559667441,0.6318976578389018,0.5667279072689247,0.8127733982204381,marketing
0.329261591695112,0.6167153828380435,0.9788363714372911,0.39902360720008984,0.4337972771955354,0.17807150400613622,0.4802279558088852,0.4944834088657881,0.9515055609812826,0.6247351766522927,0.3474984114790542,0.5363268917700502,graphic_design
0.15618895545134093,0.8296999633169094,0.13149631938188755,0.3610997002242971,0.33563110741572183,0.28352572287136996,0.794103824202934,0.9632054669667762,0.3714016136260281,0.28469403591307224,0.6785310503305313,0.5427678796279404,software_engineering
0.28584803418100047,0.9806571230120087,0.2161090270590102,0.24191778901802008,0.5368513961850054,0.3591627193248861,0.8466144093095876,0.9980195821169071,0.562807431307312,0.4269615399354871,0.4781882497668818,0.6940992024702165,data_science
0.6936107659243875,0.8182754229850228,0.11355979184629636,0.8155216320824493,0.4160796650224509,0.585160264885035,0.7386198470442821,0.9054523269845267,0.4591655266071685,0.7213100088622019,0.28690170402808174,0.7895034979269969,medicine
0.2745341888348109,0.21260892638674778,0.44883506264609796,0.9265313246788609,0.9509249322696501,0.4695354179002139,0.6011811393736286,0.7786362582843895,0.7083205690131046,0.9082688383176514,0.7792711246760102,0.8020919917488449,marketing
0.3859089388670972,0.48777163075065927,0.969396910331339,0.22800961595420943,0.19566039725987144,0.7104203010867981,0.19533206910339784,0.4163726290569528,0.7918169402174667,0.5632765266242843,0.5830219916597608,0.32499032776865727,graphic_design
0.10174877464697951,0.8766599162930209,0.28330486610877914,0.30977690235576444,0.40575016444643375,0.6252272108754646,0.7062916407793873,0.404542507514434,0.733612424047534,0.2568730081072332,0.4446334732259645,0.5975692882300625,software_engineering
0.1567770005670642,0.9193907460551383,0.3927052712342241,0.04491162750601722,0.22346472446284127,0.6627628880845621,0.8584234448549943,0.7895932732804392,0.613650878154508,0.2156807965761044,0.49405987777223564,0.6211414588122145,data_science
0.4861333939885754,0.8318585838892566,0.04577613334409508,0.707223779517388,0.4940595122271501,0.9033411331754595,0.3317066583401944,0.8190358642592361,0.1397258567785473,0.7511021304466736,0.32691726725529674,0.7210245863672874,medicine
0.06646473480966092,0.4365598013997626,0.567504979587836,0.905695613532418,0.9725355623682755,0.4869243441461321,0.4074784668711038,0.4614747971890226,0.9143819799611825,0.993830019834095,0.9352482231704202,0.4337678035774259,marketing
0.46094028107855123,0.5035607012187397,0.9514501489506275,0.20156742415698825,0.5821984739046453,0.2874842611323215,0.28665988310206963,0.24922055836680443,0.8793498670382961,0.6167979741277967,0.5275793107994069,0.5384453435060669,graphic_design
0.2951021964991533,0.741340848889115,0.17573086619906572,0.2635270612393321,0.2892617049423169,0.22024400079801335,0.8416341800541718,0.8981170298757851,0.5322896945256925,0.2286972921027662,0.6347492633520133,0.6031517169821914,software_engineering
0.38955036857609987,0.9654538983748386,0.28097632608477296,0.3206901093779147,0.25636222842038603,0.7385216078791796,0.9857306329473169,0.961393524002296,0.5709888322779313,0.5545927452318947,0.38476840232136295,0.3824839091807254,data_science
0.454587139296975,0.7132341184629354,0.06016206160517142,0.6662555780340338,0.39910517463184214,0.5746784144957908,0.5143003162361042,0.7438391882815393,0.36919792405607593,0.7618574596672906,0.06461534199552467,0.5500166303449986,medicine
0.39764100932250335,0.18909656141389578,0.5255289357674394,0.833607234339603,0.9988941397867932,0.351868780237038,0.2745384490248402,0.37835926441372497,0.6958104765729508,0.9628006049936191,0.6622627953518893,0.6377149776787516,marketing
0.3480421680312604,0.5743276847956457,0.8484816077529713,0.08437285561352567,0.621109048982775,0.25231270810118417,0.4123576082579961,0.37402281747983573,0.9339587551068972,0.33392651505221593,0.5758971073656631,0.35682233767339216,graphic_design
0.3437020684922303,0.7692426615648028,0.3343698615123504,0.20033707195975678,0.27127699266869715,0.7281268518131441,0.8055129663772488,0.7137893092622474,0.5757248358860046,0.5013949286520302,0.556848276670555,0.8379305351906863,software_engineering
0.6343890985405041,0.9457835075504357,0.2088357667104953,0.10023049077834954,0.16921669274171447,0.47981407114105684,0.8706453108332104,0.978075683889184,0.3723021736549542,0.5787097832787476,0.4014546482487062,0.6400539260772116,data_science
0.5600872065955542,0.8763617722586302,0.49230249054662334,0.8488544865287827,0.21453303151077086,0.8144662415117593,0.6008590155200528,0.7925127014927787,0.23058486754226798,0.7328505186363219,0.15242362669798215,0.6764156074483952,medicine
0.34742890423185707,0.2738430404605991,0.4123798795293784,0.7844801122855034,0.9306003383796022,0.727781969550469,0.2782267255917741,0.5719337312431143,0.8762879340653178,0.7981895495451565,0.7140487818581772,0.5996691901873817,marketing
0.4659556085731787,0.4085309709820906,0.9401950708340934,0.2820277974532684,0.3544541810921562,0.15261739967241375,0.4906696387948673,0.5525705813192857,0.8990095427780117,0.8991959759572501,0.3652881508467563,0.4904751004649625,graphic_design
0.2572168638766256,0.7696961989699498,0.14655069374156307,0.19028251634833795,0.09438880452669526,0.1966632123245861,0.6627365549605311,0.8349523212128788,0.6316184213700186,0.4270503456007019,0.38276201333654203,0.40135810592857996,software_engineering
0.35020744734889514,0.9627484835567104,0.23164379522022097,0.3270307674905635,0.45332506990591115,0.5212695224279872,0.8167259759646615,0.9611214694166882,0.09004656777106301,0.24014325325777755,0.46954282230630584,0.3596067526471642,data_science
0.43477228972060467,0.7727001230911698,0.1135284716637882,0.6527707684779275,0.799173487080116,0.4890253768261823,0.5691267962246486,0.42379726739827805,0.4826413800511556,0.7253021438309141,0.09822830223978554,0.6894781895690181,medicine
0.5382007328103653,0.41310599253483604,0.38182601320142534,0.770205486380437,0.90162264188289,0.3310937940663837,0.654128675140553,0.5409762811258702,0.8335447020318041,0.8144747046797998,0.8480786142997482,0.41021691763568346,marketing
0.4372762803007398,0.5884936644623143,0.9946017549886643,0.1335357667400224,0.676336754334638,0.250965672965535,0.23632067982005706,0.49381495340159404,0.9589238404510559,0.6226573020372256,0.31914632017138045,0.4309827841299977,graphic_design
0.16962143405585217,0.7736179825801515,0.09405336906836267,0.06152717847405464,0.28347994751867794,0.5206677947906576,0.8197780188862697,0.8884129830488777,0.5838874680126334,0.43521694780152237,0.30443306262612,0.8744960634006498,software_engineering
0.473444479540339,0.7880076462300012,0.21750115271657092,0.05547786607453845,0.5047419946417023,0.570629683782706,0.9716953932621362,0.9135831709761378,0.3573210232300145,0.487014423678676,0.4904159029827522,0.5606240867291218,data_science
0.47790495048207154,0.8206085467003892,0.21819185359107027,0.8934230306915202,0.47990658119339774,0.6535256411345309,0.5794331677450253,0.575153136716752,0.14364523983880023,0.5504338752240545,0.13964044085418809,0.654375237305007,medicine
0.41979926222240543,0.5368913271571758,0.31687716786086834,0.9078149430078971,0.8977325394439528,0.7444127910800438,0.5474035132436282,0.626256902658021,0.7300486291616284,0.935043160542028,0.6856618447237642,0.5513605486726013,marketing
0.25362962348676493,0.27482921106526836,0.9714772024107886,0.38226541155451915,0.554373360772903,0.17472358499309434,0.4207536868766974,0.3169072998468597,0.8930395045172457,0.5364865134222243,0.5115289149602428,0.10620411101244923,graphic_design
0.3376560413406622,0.930601717685534,0.36981935172846064,0.15359471553009854,0.29593190900106026,0.7164589555529243,0.7872780234703115,0.8133007874613559,0.7144507096444697,0.13362371198138523,0.32171315888149393,0.3257957114172357,software_engineering
0.37167080982046197,0.8924691976981166,0.22583213172732824,0.5811795345892119,0.1396277579328959,0.49742509968831744,0.9883182447996922,0.9847296536065785,0.15971549168673344,0.7258488005264241,0.3494394213984099,0.2527996082759639,data_science
0.6980270473110581,0.715126742636658,0.23441910051775694,0.5411105726780626,0.3468198622111636,0.7468276102808954,0.6419598108492346,0.8512223777210288,0.5582395191878485,0.833217594378051,0.09982850480623942,0.599579362270539,medicine
0.4387493841904122,0.2709157570309601,0.480926211405406,0.8352198167741867,0.980320970489107,0.5541559358490041,0.2571228021939122,0.6986452415809814,0.7174916384637965,0.9362746770462674,0.8944160893417719,0.5677944647017034,marketing
0.6508316416587269,0.4024530598494837,0.9952410223792216,0.3005998641381454,0.3741111002755599,0.2320883707915221,0.2965316054119759,0.5471344496584809,0.9015460777429788,0.41700130080050635,0.5144554084909653,0.19335529425942044,graphic_design
0.26077641463395157,0.9239436439790328,0.4479155359493567,0.08250550261191184,0.34743043825252573,0.6716330536574537,0.6052631067945784,0.8222805267411062,0.7484799719238213,0.5838244933514986,0.4358884180694845,0.6057408730040406,software_engineering
0.3709932564588353,0.9718891155667115,0.24577605378865827,0.4691395934293889,0.13946597555392654,0.5514333893752374,0.9955710177525878,0.9804431986132411,0.5357349404047218,0.6039484719222848,0.4629708807669378,0.4196273327844991,data_science
0.37133412126536103,0.8219794659203191,0.3961172672933452,0.735404383259368,0.3549877830500364,0.7877007251838777,0.6501242287097878,0.6393579648919789,0.3776901245314141,0.8364103694403064,0.42502857242489944,0.5345281587406818,medicine
0.43580828981947384,0.21377259231136658,0.7964097602831043,0.7829658045001425,0.880439927401232,0.4717393060588451,0.38383692615075327,0.2244551259278653,0.701337118351898,0.759754676289898,0.6606884080327207,0.5863536027614294,marketing
0.3344329437908951,0.3164602208306899,0.9475569491332662,0.09116202678334406,0.7139217867868907,0.25727621988814076,0.487210695312933,0.38583963606936467,0.9561602793977138,0.8647393618754119,0.775778231756656,0.30945825913229325,graphic_design
0.030620584012041978,0.7805169446535843,0.1388325306523651,0.3101570125766353,0.4152147157377789,0.4807129278380638,0.96163509414459,0.7775485996174327,0.7614936870824857,0.23789540908576978,0.4492270151361219,0.36952642362359245,software_engineering
0.30988919095677103,0.9132394177559556,0.26223885648761575,0.1289757616884019,0.1771191683484541,0.8149681238731348,0.9422883979187072,0.9998913976445751,0.33527770076793817,0.4094733872573102,0.33040203272425706,0.48613441932766854,data_science
0.555869857102309,0.8801042649599676,0.03577588801867985,0.8251745876712996,0.35455710089221254,0.551568908877462,0.6568773451760501,0.6999663543159644,0.23431815438991538,0.8434001355907069,0.2314021598166384,0.5387202354053411,medicine
0.2728444742377343,0.3729859947098284,0.688024056245031,0.5929077047378929,0.913904843812792,0.7042804114154374,0.3758698092308385,0.35275470260982117,0.7978865148312612,0.9468118026705593,0.8736576177676176,0.5559614509493347,marketing
0.11732932235182485,0.3909140920609811,0.9013382232193425,0.39263441787820874,0.5131264989728969,0.11995230855269083,0.4340571435427876,0.38998189426911095,0.6857286313995498,0.38355120295192213,0.616599783433569,0.3944327383667465,graphic_design
0.31109956868516575,0.5604690936176017,0.14261340645485973,0.5026019140904813,0.5036238655101256,0.5809228850777387,0.875711954448166,0.7255054097526117,0.5436140038781344,0.4904813630310137,0.40607242245448916,0.6643598419282634,software_engineering
0.25730803576782646,0.9979775191270449,0.24944564247151682,0.04809608712498927,0.25924730459459866,0.6365304954154943,0.9832215552296869,0.8147642739333811,0.6349639833331168,0.6518035678431648,0.4491472470879079,0.4908609981205266,data_science
0.40822005136375533,0.821747334834308,0.34646721106901396,0.3308533630780329,0.5012513896448356,0.5224609213639051,0.5825159577100288,0.7370144763108146,0.5043224293850183,0.5716174066987737,0.11698686847019807,0.574139631875896,medicine
0.37576688196658775,0.5003626027193918,0.3981757148100748,0.9447495421494169,0.9282099088875541,0.23971478610306932,0.3757889782442456,0.4675472741965649,0.6644092870063345,0.9788021614302618,0.7841458283129208,0.3018516994255025,marketing
0.33853007206993985,0.23584868672682122,0.8557835043758814,0.11228395938359757,0.6336523553134551,0.40082488942159405,0.6218557269701056,0.42348810891342037,0.8808908050652308,0.6463684660830226,0.5292793304701291,0.5137478875038547,graphic_design
0.24627053807592258,0.9373242040438001,0.1435401388642932,0.058396496460662355,0.10305287224640672,0.48686251498908145,0.921625681254695,0.7355831872061811,0.5972188929002159,0.4343189549370858,0.49940439750578736,0.4541783166616316,software_engineering
0.255259234091543,0.9205012624272124,0.30984941080400275,0.3789434072752424,0.37619606925806226,0.7917685051731492,0.9354797178630898,0.9512232950480514,0.3354877317236818,0.35458411640403603,0.46814120444650825,0.47461622587816277,data_science
0.636687895296726,0.8954557679975065,0.33576697711839804,0.8382972904608037,0.3772858908763317,0.8073916179244527,0.8480549776570767,0.740323775483856,0.09180885076012398,0.6708841703469364,0.0957434407834681,0.5566380935682982,medicine
0.2044929237742954,0.30575702511173275,0.4780941171356288,0.8494682613850484,0.9627187846680669,0.5539921334330266,0.7307041219117267,0.537513365386029,0.7897670351260446,0.9152935815017084,0.9275648908849895,0.6482322947122774,marketing
0.7414480732254131,0.46990060634521436,0.8304199933526047,0.07442953737972689,0.6825515674854014,0.48261820494199204,0.35054770313006367,0.4378101486713937,0.8764633751924072,0.4393654416492551,0.49083686177127883,0.7480329110057636,graphic_design
0.26111884953128806,0.7234082590440344,0.17770503115679942,0.3844723541991016,0.468210999844572,0.4269672121605507,0.8653314001846923,0.789556223070909,0.7937134445956361,0.5216558985971378,0.2003697237758863,0.5759949823652564,software_engineering
0.33881388077496144,0.9919200881321439,0.5787077265998408,0.4625806857009834,0.4245051823499301,0.6327468344592442,0.9794398734717867,0.7524975340385595,0.5006988002829846,0.7111237981059538,0.5014139165465296,0.3293203389369098,data_science
0.5593546703777643,0.8940138999146914,0.29262430878434875,0.8697415082381046,0.4651886282842544,0.7389807089539179,0.4434110374477139,0.4993015474161026,0.3694144826090101,0.7572540341495269,0.12227612637452145,0.4934442566006035,medicine
0.26386364684092173,0.4311453628304932,0.8160651044173358,0.8102532356915121,0.909351587321955,0.49639791792448923,0.27705939884607744,0.6158124419608162,0.854832702228608,0.9477237924196931,0.7345575176012397,0.7803116260049942,marketing
0.33839993053503453,0.27895608189792614,0.6493717174226797,0.08501493544655857,0.46354103983357636,0.5547294229855724,0.14815483967678533,0.45829027947866136,0.9315935112862103,0.5973594065917199,0.27359693644761784,0.39392337216697126,graphic_design
0.10791294321137919,0.9145403595385796,0.5461125276451486,0.3808254812616512,0.08420889158727077,0.6071447410162351,0.7186288812955539,0.6294096011102623,0.4586078064892575,0.5462251326130095,0.33194258064265925,0.4557510535359666,software_engineering
0.42873759454341637,0.9984709717205098,0.4726618337511018,0.42129101007500463,0.302125466295794,0.44550550087856083,0.8818568472177382,0.992319547747177,0.10051813021890281,0.5993114808429456,0.35092352894301,0.717501765123939,data_science
0.36549584681103325,0.6905412054498725,0.49371540619394605,0.8285994055295175,0.4939683928189219,0.49328631135719364,0.3888710289830479,0.78604096980092,0.36151919770509033,0.6186252332192377,0.14697593257369126,0.7763188305173371,medicine
0.2596368176484737,0.06985260029066359,0.7147919083322595,0.7734251320559378,0.9779860300791382,0.6295891842436572,0.5425323782638298,0.7283546435717473,0.4769002297854019,0.9973183025998178,0.4707876082904925,0.7732493257164624,marketing
0.3595504194724712,0.3092722251833163,0.9691413782796091,0.17497569397890858,0.6381316739836681,0.2550376278404897,0.3756850351074213,0.29724720635350427,0.8856114120836418,0.6592285960152305,0.43328517126715094,0.5345982233719744,graphic_design
0.3169599601068216,0.718154115256524,0.04868218102697708,0.26015096205668264,0.3584802109060087,0.46332037518350017,0.8781637712794341,0.5373452462598342,0.3910828177781539,0.4935586240684983,0.4578747098668813,0.6163210374048652,software_engineering
0.2788798324908077,0.7532764882724821,0.12250338384808779,0.3023841452962671,0.31888100503896666,0.5503367076502979,0.9817744989311846,0.9733605484929286,0.5295016101060939,0.500509899966096,0.4558648633603573,0.5962815147096437,data_science
0.4319748404919039,0.6325602670779926,0.7312022948901854,0.8942714659490489,0.4083945289149829,0.852409813103373,0.5442995660097738,0.63960101136023,0.4168191701588945,0.7511844668043649,0.12467075134505745,0.8544922792143329,medicine
0.1826723612232132,0.578429403989792,0.7347614335541578,0.821292799915824,0.8782150296423916,0.6525893107364791,0.500797709417866,0.7028304800339229,0.40752007519932437,0.9165132059620137,0.49344130098600403,0.8025630927003505,marketing
0.5416769153129374,0.3077876595843926,0.9437234885054018,0.012972690114954494,0.49891931732469497,0.17483556577512033,0.40862965588137207,0.4434595621513313,0.7264584049409,0.26964203258398234,0.6061025818185082,0.2879138940498273,graphic_design
0.5624053651555388,0.7600474526350869,0.3781531275308861,0.34043323337095394,0.12769287287174594,0.7391027035385018,0.8101545421375167,0.824864721297814,0.5907460820054017,0.6388434401308861,0.659455753751888,0.44292504509248204,software_engineering
0.16586705866025483,0.8885756494632195,0.28422586223958635,0.09702457243877216,0.35672265753689913,0.5093284081487228,0.9749875264868731,0.8803933476450151,0.32067223157840724,0.4055792825031029,0.47007625923057034,0.524527628447535,data_science
0.48745402241295555,0.8125107261043383,0.028670183577692788,0.7991832494250586,0.3576944410750355,0.7249330361186238,0.6480642065860454,0.7315030621858783,0.2211270702153711,0.5655652891314299,0.28454204864859467,0.6108508196847903,medicine
0.2653283533052118,0.04896654548220496,0.699644519379831,0.9000829490471988,0.870798729338149,0.3106321489473493,0.34344353792952825,0.36404743530457995,0.7745388939160859,0.9986990924082911,0.880919213634182,0.7692834097537873,marketing
0.5394502106519444,0.6582691654411622,0.9381424944611348,0.29957612455665406,0.3206183754052857,0.12281493284455132,0.4921172120782158,0.2812521680865911,0.9538993828953849,0.5093144512700469,0.47383450661565707,0.5763903890633856,graphic_design
0.2278649343221564,0.8541652111698548,0.20861769830873106,0.09063514899792827,0.6790482659731817,0.6101704269985156,0.8480612436951874,0.8870962584581328,0.5547910804006715,0.38407690512612125,0.518304472063457,0.4361511566269655,software_engineering
0.34399783854906174,0.786196922007028,0.16565056183073465,0.3014833428855457,0.08484718616640777,0.6362872593179756,0.9771397811237587,0.9808964589555181,0.3094444354907113,0.36729133128665886,0.29007866070633653,0.523930327218828,data_science
0.37113952586475396,0.7971412377302791,0.3426913364128368,0.752771891934901,0.46436685571883235,0.26103735945679596,0.5120162384978173,0.645656387099307,0.19364930310719508,0.6430255448469654,0.21864202344936434,0.4209119779625226,medicine
0.1594883994611012,0.5686457178356992,0.5491218212388647,0.535374914417801,0.9248802657933562,0.26689124025063427,0.7870053330089083,0.3015579615359578,0.8030597416553691,0.8181252013349549,0.9009383854927087,0.6017981276692946,marketing
0.556981609254635,0.6015677414857481,0.7725795640022153,0.1425516722059901,0.28286018442104,0.16150540615537026,0.13593280476799424,0.48851435036924873,0.704069908125852,0.592348846021474,0.5521381009279692,0.44280559196787567,graphic_design
0.1612144412304038,0.4622894272403593,0.3614129666111139,0.18369046104455178,0.0892164115203508,0.2213734709361049,0.9387869560560198,0.8978722735530625,0.5930347138859251,0.5004068539267954,0.19648482678642154,0.45042241543894806,software_engineering
0.24240097238015468,0.6640070326575499,0.24686358581299803,0.4565936810473884,0.33303028989009265,0.4178575739346566,0.8041543457120642,0.8255021852283936,0.458419751154296,0.6158241342082353,0.10735052253387914,0.3797068188864177,data_science
0.6699606990975803,0.9377944968670918,0.5915022534208318,0.8570507495764607,0.3434594528951356,0.5326817823367648,0.809353365241937,0.6680009447493185,0.37133381080753763,0.6834016522152035,0.30212877671856603,0.7597731147059453,medicine
0.47050186950202344,0.3840719968294069,0.5537113645431699,0.8546670800294974,0.8815936481086484,0.31765957071488005,0.5088727589269296,0.38988320912506513,0.7368826821397717,0.880045071459654,0.7746846004778628,0.5621144386455398,marketing
0.5026437791066838,0.538599275785365,0.9910443196892602,0.029903649833201647,0.3845508369022923,0.31743791186961134,0.38223062424039767,0.5414715628334634,0.8809763767951935,0.497687827641806,0.6391732542367444,0.7295030311430561,graphic_design
0.30501860928394176,0.7467499448669009,0.43655739507961194,0.2881081288501869,0.14270565944055336,0.6808834137475709,0.910891334388207,0.7368429416143638,0.5284758029853361,0.16719742806250712,0.34939232686372934,0.7228588966188859,software_engineering
0.1978359019515865,0.9781536327764038,0.2597608026779637,0.077901900471191,0.19427920477488309,0.6363976580612203,0.822170245698716,0.9727916311034094,0.36286504376903134,0.6712210205011754,0.06354137807193842,0.6161535732010852,data_science
0.4431807935145855,0.792719956807283,0.7294999587254416,0.9378575197517469,0.41998134494119377,0.6861867899759787,0.7639583315560748,0.7764940638726271,0.24303946213643762,0.6485500178651125,0.14149584456617134,0.7835599727723672,medicine
0.434133935763824,0.28907840091713866,0.637278301576884,0.7808736444948157,0.8659509269657522,0.4881756250467336,0.4407695279963836,0.6076074262839299,0.6995869359229647,0.8335170594351623,0.6807550018534122,0.37083032518062475,marketing
0.31378308650363407,0.39655760458801037,0.773915938866792,0.27972428503933655,0.6052303946380194,0.6648913206592911,0.4244952662801584,0.351368416327177,0.8921962319968315,0.4992847291561405,0.5817841205125631,0.3150029382834831,graphic_design
0.05152151734264047,0.8410757060108506,0.15638831161972191,0.22879703840235993,0.22184575101213017,0.4179459360334169,0.9065488697634162,0.8609742786521755,0.7473263538075005,0.40685921811816145,0.18049074136856302,0.6384859188581227,software_engineering
0.4778886763473051,0.9949774513921911,0.1979395791851737,0.2622484888709773,0.282061417079904,0.6011635646130093,0.8979822886435975,0.9099999154129904,0.3431322234374923,0.551991942492619,0.2100403215286659,0.30140078116556207,data_science
0.6469494962029914,0.785835353274042,0.24662174008405882,0.8300519445898065,0.20993363151383754,0.6598263421858342,0.5626473736332256,0.6638896138291066,0.12721921456140473,0.7033546353942453,0.08474878489555061,0.7571079485261846,medicine
0.3759481431989888,0.38615074973584795,0.6243492548423364,0.792389378989109,0.9631319885734907,0.3049795261101065,0.48442414771845077,0.6406849587179064,0.6750642292676708,0.9516020670916217,0.7322950380527526,0.5125606280422551,marketing
0.4685901831645299,0.45582790276745644,0.9363551311134275,0.6004968338392176,0.18798207826122768,0.15231076997568538,0.1331988715388257,0.4440445289638246,0.9797160515048002,0.6713399201841966,0.5187472137975903,0.6059388047664781,graphic_design
0.40875269185368146,0.9797856877670363,0.3171681203869504,0.3698745644356619,0.27967484598615283,0.39551914890255213,0.788292914926332,0.8500029192122555,0.6000212560352288,0.5376757845150711,0.3093386363287379,0.6310175956250894,software_engineering
0.6035952451947237,0.9952687640153577,0.20540863762981604,0.19284525067073202,0.28143656417595947,0.48501357082141344,0.9623427934350332,0.8482908195552643,0.5316894852456243,0.5926160744405966,0.3000133877889099,0.5728077717573922,data_science
0.2630788171449238,0.9028173378548761,0.1130333243570433,0.7328411772220395,0.35320874058641555,0.7848968601417194,0.7029059778173731,0.7783448913536652,0.08903837319849224,0.9292433299385036,0.15434296822762322,0.6501351627609457,medicine
0.3766748203454343,0.13691878540900373,0.6944558871602283,0.7223470845641318,0.8978182992160374,0.48130050758167936,0.26035250566633633,0.5530510391676761,0.6145608989268765,0.9873016210764768,0.47101156638863106,0.7438516418165553,marketing
0.6127542886282246,0.2771262321302924,0.8829354498105524,0.499083862977094,0.1973522844738352,0.10251557917156447,0.3957076607779051,0.3088173574741471,0.9900214477698643,0.6106705862079899,0.6625724728804054,0.2629533860284362,graphic_design
0.3869056938812391,0.8105871250107864,0.3589404898542866,0.19328831690910575,0.3970772154022575,0.22986874237611316,0.5784137911774675,0.8956761095727624,0.649481718714896,0.31442782755322407,0.23431391130274942,0.6899770622175881,software_engineering
0.008475210278279252,0.9648357574074661,0.2589044938923905,0.5258380767486404,0.1322123319225348,0.5494395640217582,0.7955463924795184,0.9433241081531941,0.2971084577528511,0.47607005122699225,0.345588332033797,0.5611938184797626,data_science
0.4372948028271955,0.6470242075832228,0.4499871851733033,0.5709441269421747,0.31093245899975736,0.7544157272410994,0.539529449319893,0.7423137730548083,0.35567650664913675,0.8065704113088926,0.2062322065460097,0.4664464771898295,medicine
0.34662198064356137,0.27689603335637436,0.5909709801357342,0.7019993861099673,0.9570821286945512,0.3813836906726377,0.5592638292728034,0.5435068759136936,0.8545240910543034,0.9971731981131381,0.6814397403328175,0.8177084698399844,marketing
0.2884739543964831,0.586997735049951,0.7265227602169227,0.3552183153243425,0.6292846671953818,0.5986652229751166,0.3941682068002534,0.2652462353905047,0.9821702078322905,0.4290951470717519,0.3722241873111879,0.32410346410554236,graphic_design
0.07056813102836473,0.5513745354195281,0.42606103872198126,0.17123111426169355,0.35311885800428605,0.5207082005747471,0.9799853066401516,0.6775068841983154,0.6396409865604032,0.57860662122092,0.5076337639353202,0.7176402062819787,software_engineering
0.49163641519959017,0.9056064097202896,0.19139090326807645,0.32507168373366513,0.0751197849618763,0.6498759989684769,0.9944893483731209,0.8364461697644655,0.35611233471902587,0.5591814336653421,0.3513512381750808,0.45300205733221416,data_science
0.28429744203235113,0.7489648058640006,0.23569736757291648,0.6962733371812517,0.079641729486353,0.6957545824946139,0.6436708438764617,0.6210675240929441,0.17411489845587924,0.8121350475115376,0.09275628085736698,0.3502748850228441,medicine
0.20747790872026511,0.24465970684685476,0.3893186685208826,0.9450937863714391,0.9820908744180371,0.39911900388537197,0.2829307944029202,0.5628117129661911,0.6760467692580213,0.783922703161344,0.3688857520112595,0.7130645161551513,marketing
0.7354285254522278,0.39072699528858046,0.9153982005131183,0.3275289275468283,0.30422165734310536,0.14062535715232183,0.11574751610079859,0.41660522163188335,0.8584926285106813,0.3848424560434083,0.3061363990734555,0.20051808413860064,graphic_design
0.1611839334078405,0.7633907055444132,0.27059871017885817,0.15057382233629643,0.17793737470879153,0.5585676449300832,0.9335087793304453,0.7617680242608958,0.37627257628228955,0.4196058045052439,0.28770873520196905,0.829631194258717,software_engineering
0.6018585120123315,0.8896346641547075,0.4420484271517501,0.1746879940507868,0.23634886538105346,0.9187618408823429,0.8997534175992471,0.9628203914538072,0.2765640363653212,0.6115045871072489,0.2762501070949758,0.5518246347763591,data_science
0.840298873885922,0.7932429307805601,0.40526304378193156,0.8911331964682868,0.2862452950229737,0.9275595901749163,0.8329716134917938,0.77628315373159,0.5602126618606671,0.8556841898129535,0.19051897796285422,0.7481695451457536,medicine
0.15228477306765745,0.2109253132695033,0.5235700701326794,0.6547568757179024,0.922396394547918,0.5443701885777408,0.24319493063609388,0.4363668697641297,0.772500366010703,0.9466875658991528,0.7621529368363456,0.8450291261967039,marketing
0.30918400382291955,0.35915542549879115,0.7788868855320318,0.16385966694964776,0.27858196101406774,0.15460184122318177,0.22318038333259632,0.28472305142043625,0.6399744850589599,0.7631773219230246,0.7732568607132249,0.19262839581425148,graphic_design
0.21877970573520517,0.8609456072268227,0.014019117929161228,0.34345689879389957,0.08830578383931151,0.44562268243120395,0.9087998718697409,0.7891131786511809,0.33770796979791023,0.4806366975640259,0.6326087722313862,0.6946244551832721,software_engineering
0.20266106654203936,0.9145542189302528,0.18203281779702912,0.5634556019090143,0.18190446068701008,0.6377807874207481,0.9838722894367493,0.9217907569719277,0.5126029727893141,0.5982575046129534,0.19420735547094475,0.4004808858192245,data_science
0.5386712540204373,0.8700948383864266,0.24422317463318635,0.8539712293146291,0.538703866389561,0.5874025709323913,0.49508024179105403,0.69933245735816,0.47589807683112045,0.7663932080651499,0.12843476450844282,0.38227122273401304,medicine
0.3149526287368718,0.4054727316757985,0.490859197484781,0.7912951679809098,0.9431113172915238,0.37167409541945673,0.3126328522499669,0.31516033407843097,0.5290297764419295,0.9127569654708375,0.6153429654265001,0.7135435997013881,marketing
0.6533313769058124,0.1491786257330583,0.7302420738873199,0.1598902481672754,0.5361871451110689,0.43724824889916775,0.2622722275982261,0.4590400173774441,0.8684070716682666,0.6630575135366795,0.6387051932464324,0.5450922255108812,graphic_design
0.3143558979605468,0.9122840206956967,0.37939367968997606,0.009979459371249931,0.3269633573724551,0.5883305533017624,0.8899578204513213,0.8666772900787337,0.48497512580817637,0.3378882087122752,0.1863531356767479,0.30088820849944187,software_engineering
0.3726914412408232,0.9911007933811661,0.3070321607503143,0.7764930315175681,0.4900359078295498,0.9492925054459805,0.9388301821715376,0.7927066126998554,0.3492226267281483,0.6613294380318003,0.12570243667582867,0.3532381269939178,data_science
0.32923189076662956,0.9351523620010248,0.7221547809957276,0.8247893884722607,0.558154685292454,0.6979896416225312,0.7832031328463153,0.6666334150625314,0.35473147433783125,0.588432871059726,0.13749906978537174,0.6948028185258303,medicine
0.07173148174425709,0.33985757970560904,0.8432711013289637,0.5423158072863172,0.9907969744767907,0.31661437897866623,0.5677979214020137,0.38931859989742956,0.3424051235029039,0.9713649257994117,0.6905745968016894,0.44682899899550677,marketing
0.48262874620782104,0.34166385178007264,0.9164320005443521,0.1727418221905876,0.6631602332562602,0.6787980129394506,0.15277230507198286,0.20952403730574237,0.8017533501891352,0.25997599431117935,0.4849613973342318,0.5218281167356832,graphic_design
0.4160451165289718,0.5966796722896945,0.6270474507409702,0.2928049858016906,0.3017565128077178,0.6954703449996185,0.858077082559865,0.9161509460685257,0.6817978868352569,0.45446269810110007,0.18032195000317613,0.6341153543226439,software_engineering
0.12202690983781395,0.9812355093081958,0.2663478682801018,0.27518560046067425,0.11096502523351882,0.46569839922992556,0.4867520021643103,0.9254039793403169,0.2818716751506156,0.5461326064996505,0.17012031257728355,0.47650693051290693,data_science
0.42981609057705417,0.9614070351373735,0.32951016491059454,0.7235768934267394,0.17807322319185395,0.7942090150326461,0.5690657577010373,0.4998315535708969,0.27851353638646054,0.793045948343338,0.07625552673116766,0.5735656287507047,medicine
0.10940871615333217,0.20427575726858357,0.8306571059818233,0.8014330100821285,0.9694462261988803,0.31319183201266837,0.29917128222638484,0.5317833999130065,0.8231164632680341,0.8439307430670158,0.7601142082882041,0.35356104949034217,marketing
0.7211615779992764,0.3888912080427825,0.833303489087355,0.19265981318034361,0.3430189866990764,0.23461437039082286,0.08410801476929085,0.4039830303724499,0.8052144251557858,0.5636011315575746,0.312888179408627,0.13008779754966315,graphic_design
0.15558841954500463,0.5068993909691739,0.2613987492670663,0.5048110212925891,0.05589097286587023,0.4530250772969252,0.6580128993414767,0.7233692607329546,0.4668749799092283,0.36518578721898587,0.22845348686494593,0.8588530062965453,software_engineering
0.22309548463068787,0.6339597257879895,0.28222327578685663,0.47876882143777444,0.12938998811193414,0.6155498145024039,0.8024160632697273,0.9160882655476418,0.57100294546901,0.2660933203384739,0.41519005574569806,0.4818745676590016,data_science
0.45464989990305316,0.6431853146430471,0.501430952902896,0.8769515462346439,0.38466717006504425,0.6646952035625419,0.41465192598327405,0.7607979930092978,0.2989896298978655,0.885576703552373,0.06352854472815288,0.4685245750131689,medicine
0.27116294463491963,0.03975978298588025,0.8501522237391222,0.8147257358382868,0.9759997840688439,0.4484261460708913,0.6906104243685416,0.27072725640661294,0.8007154349955767,0.9554512434699346,0.9132721018413479,0.5319340585099835,marketing
0.5602019196164989,0.36125768661581587,0.9229858672429214,0.12334063339580996,0.5466526281860871,0.5409214459256804,0.09184390783855917,0.6527036762182739,0.8300104179943659,0.4374177544542407,0.37663336383436025,0.6427988489865415,graphic_design
0.1763390254499101,0.6892593614651558,0.6535023805406645,0.0647078887063647,0.14609561925403858,0.2532125287220184,0.8932889503890175,0.8698353558739678,0.474259868086068,0.6224847748430818,0.3511047959155453,0.7251470024235156,software_engineering
0.3073718266659666,0.6523563587408037,0.41307448354583265,0.38282513895414083,0.1804705527444172,0.6501143150876691,0.9931719992580024,0.9172202235915488,0.12015892228404988,0.8269628443400892,0.6536864305837011,0.7982720307478733,data_science
0.684606480475632,0.748251387149153,0.506768538305153,0.6574288682671596,0.38501307586008526,0.8352285663666725,0.7333656301072937,0.8087729954974404,0.3478032631428233,0.6453991960073603,0.11926234705774474,0.6412732279907707,medicine
0.24787442979322102,0.4524713390793164,0.32649211545236967,0.803053439205459,0.9863964963673136,0.527895414198724,0.2946583978046646,0.5917830269657247,0.6090274023672223,0.6969683934008405,0.5643023110130504,0.6311619795484689,marketing
0.5453739764776023,0.2513292094013574,0.8636446731248444,0.30241669534546506,0.3203458641388455,0.09877666814806382,0.18322018711285723,0.25009181189714563,0.8307267197920959,0.6228956473310171,0.3948580321460958,0.642871288520856,graphic_design
0.10883727613921675,0.6352637001499474,0.5038053770784587,0.07042515955283593,0.19397689739436821,0.42580114312073897,0.8754700878309087,0.8438343853657614,0.5607298970084509,0.3597661554702889,0.15625662638548468,0.5987184898314565,software_engineering
0.044014392484045844,0.735826804950469,0.3219025553439221,0.3503029527523076,0.49236554129722676,0.776197310142017,0.9507410209307225,0.4725006206377555,0.4714702234145099,0.5341110175212589,0.22735972951604203,0.5411941787632423,data_science
0.6098690622344906,0.8725891153882501,0.2794857653075969,0.7984251068095312,0.1683504242274703,0.7476723012483512,0.8163396573879573,0.7565511593939049,0.2923836250114797,0.838440734116011,0.47710426579123394,0.37703063012102467,medicine
0.1656299456959697,0.219405502401658,0.6829169825688627,0.5610875853934882,0.9535982146610693,0.3554328965710797,0.37937897186659536,0.3796694248716531,0.841454377320119,0.9288418759907816,0.8848259971374312,0.5314242792148983,marketing
0.4201175278083639,0.5139003084888007,0.7248283322230861,0.2236339859874393,0.6048479270301196,0.35823117057318704,0.21229179996205708,0.36752540319663884,0.8394320184659737,0.48819776492353545,0.35318479631337796,0.3639546647143559,graphic_design
0.4822096316916747,0.8927900065133417,0.3944384609001706,0.2623778940900698,0.368756772017346,0.726574964593288,0.9490016355161114,0.8177221533669682,0.3843969312422446,0.27106875839194305,0.6475815896331847,0.6147196957942175,software_engineering
0.3364245257150112,0.9727571900830431,0.24166038006905294,0.08824480583420045,0.2048338528526284,0.6971765720858252,0.7768820439795531,0.9704049564186767,0.5727427784073971,0.4250219319704635,0.21210969024410042,0.7065766600503709,data_science
0.4455606701720504,0.8472782048728253,0.011364897818176553,0.8393420009664813,0.30692617086164536,0.8232874782573596,0.7880131463159112,0.5302242934541408,0.17868502956039162,0.8637264807752486,0.12652959726042234,0.4717999226992882,medicine
0.5432076170217455,0.22621716592740168,0.6704712017900544,0.9178714813963261,0.8437754616866991,0.3542531926110143,0.24175355231648818,0.5148229341261419,0.6781104084057472,0.9590570843421953,0.4967218943513871,0.6626609641269324,marketing
0.4357598039187635,0.466785510830877,0.9202392422201231,0.6886851853007708,0.5300900668517804,0.1556608795001781,0.32418380143092224,0.27423687990806195,0.969662316809358,0.5141462760811056,0.4444237717041709,0.5269408680901374,graphic_design
0.16584684016484805,0.7222680793915208,0.15769481339323216,0.10284306649626809,0.12134517778301585,0.3419979295678594,0.8026745368848596,0.8815537068517159,0.6460570361560611,0.3699943936050056,0.3687752397250639,0.48104852246476965,software_engineering
0.5397600004830551,0.8155385818225294,0.2799910452341697,0.4768425086153871,0.20068056567078535,0.6070833430381588,0.9886824582560357,0.9222814398374385,0.644149524344827,0.7753843043171161,0.1545214277714837,0.7254777764757999,data_science
0.587462011605137,0.7351634343170246,0.3563330363842851,0.7625271755155192,0.2931055618123212,0.4391944562051403,0.6893445000879449,0.5442900398852226,0.1476428553305107,0.7612573446527213,0.1078857176832756,0.6616185332934494,medicine
0.5936557178049422,0.2717232306224829,0.8264225746099738,0.70091758961694,0.9944259800282542,0.5722902035353656,0.686170708577283,0.5655139457722398,0.7818800012653504,0.9032645541783939,0.32062790848644573,0.7246322398455416,marketing
0.3765382181585105,0.2790195466355984,0.7491329038708605,0.2160043851282453,0.6059523721005762,0.3310746792628538,0.11498866846721381,0.6001018331082645,0.9844178604425865,0.5681997905170904,0.641913066710008,0.7373162939720823,graphic_design
0.03960106042761533,0.7175121924843669,0.47511723072399326,0.3912867172053872,0.6273417772135295,0.6595582464074695,0.9024817749094688,0.8533215043746144,0.8410534514947732,0.43047833912255057,0.20882482505545893,0.7545466127514677,software_engineering
0.11769479469799922,0.9573862309946374,0.47584591798812254,0.43611376746462227,0.12687151383918277,0.6036711581024062,0.7890739911878077,0.7421574005528753,0.08521332287374396,0.47457740806974735,0.08041345475441478,0.5937691735296066,data_science
0.13071444600691623,0.8349239595807498,0.333226765386186,0.9110027813729731,0.3261817957443489,0.9150206396211732,0.6220464538504499,0.7927795647732601,0.5764065604633607,0.666304649080249,0.13878134041576973,0.7485697144674531,medicine
0.4343902420422152,0.19590192393709518,0.4468280040658409,0.8447180175401602,0.9632830602093367,0.25366181405594757,0.48492757821394744,0.5694843188891276,0.7481727356972584,0.8773771877058409,0.5426604327979474,0.6957816252825488,marketing
0.49698306034986345,0.20736376398888118,0.6005017171144543,0.46238751800525335,0.6700216860483268,0.1856008603036154,0.4297030340045196,0.271009663117529,0.9577821038388529,0.789138387140057,0.673529848196577,0.3227990412368144,graphic_design
0.7921883556051239,0.6002301451161332,0.2360560664873513,0.38479154961564965,0.16085713185985365,0.7131287396917285,0.8626490666120552,0.6500989388530952,0.549099639239886,0.24273970153537358,0.6097976708080249,0.4811009465503636,software_engineering
0.14606612174224096,0.9418512382464223,0.35997448213853755,0.21604854562327427,0.16849122816774145,0.6311739018763163,0.945659991398483,0.7874762496619031,0.32892447376523815,0.167711569438478,0.3230374921324481,0.7329768470146879,data_science
0.5006813272363003,0.9556376193568009,0.16863717489291136,0.8556724943704785,0.5093677297126114,0.8198422056216483,0.43061996366565414,0.7460195748133258,0.35460075393831486,0.8264411206323675,0.0719603195453786,0.5866932106634722,medicine
0.148340121996786,0.22248242119832956,0.6381254683750277,0.9719522457699434,0.8849895307449311,0.47527369756857,0.5491072563576624,0.5801345284471795,0.7840097692058264,0.909336999791461,0.7329833904455938,0.3626345889159022,marketing
0.8543265842715088,0.5691109503162501,0.9700750534402389,0.15028337518631912,0.5116126116910013,0.5717044145503256,0.3988425569933839,0.34732000357638687,0.909552863285764,0.41572707739484127,0.5364638324372695,0.6796365243044241,graphic_design
0.3983524933449898,0.7042684976033441,0.3170000430387629,0.23470679591908575,0.21342086464020588,0.4693548266894916,0.6716796629137914,0.8550471142915926,0.680540803906766,0.6265228684307815,0.5247162524938783,0.8056215984424453,software_engineering
0.37506877552333884,0.9175747938589474,0.38361784973864976,0.3346436431644281,0.4190781964259196,0.511295108384426,0.6764049572252275,0.8822459068866079,0.459942134822594,0.3926830321879956,0.35761302716108173,0.32682090227221505,data_science
0.5318131070158789,0.7265257287815223,0.32604930808052773,0.9340530282076226,0.3114860420994918,0.686271839179589,0.8432884225143605,0.8464417499423902,0.14707293495881632,0.8990817310415219,0.3576965801696208,0.5967919022458045,medicine
0.28585811306752096,0.4499978950933335,0.6760608098692843,0.8891116227585611,0.9965495445203504,0.7694479602853118,0.6239541749555246,0.31421377425577585,0.4550193799681303,0.9595993943899002,0.8530862692384139,0.1874615786434969,marketing
0.23160218045376413,0.4360029700572463,0.9705431040898205,0.3797628982846216,0.719931203566618,0.12830441514312454,0.24337719189772072,0.4709839740402584,0.9883957793909046,0.22372894279459157,0.46979297546682686,0.49291422942960444,graphic_design
0.5463242672979419,0.6266925537352841,0.556489847176165,0.4088038166557782,0.22520348328779322,0.2923063206965882,0.7421036737747287,0.9021619825806569,0.7265379633725401,0.41521433973958705,0.3575590213049163,0.5886313170067347,software_engineering
0.47800046664250234,0.9731340159736505,0.13120102371622816,0.22444583948113156,0.1988010272244163,0.43104529002653497,0.9119443551265193,0.9614216045128824,0.2509628627736445,0.49179059270425884,0.35454418578931407,0.8300229590944106,data_science
0.34853308577629893,0.8817713874263221,0.4013112690294412,0.8679958881175811,0.09513481027608119,0.8745318517875535,0.5373166784853541,0.9231721754692027,0.43153827725301525,0.6630323564558455,0.23752291746443435,0.3740181653492269,medicine
0.3704740521541914,0.15240929085155705,0.6761334680822025,0.9236395291455614,0.9457801360564209,0.4428717013676759,0.3823351511919986,0.7080458796813339,0.6141830714228512,0.9944872594625153,0.5742655220445618,0.683637486273016,marketing
0.23759185594088003,0.546828141682576,0.9498189440266445,0.06461463539641712,0.4822927852391325,0.5231901613994717,0.2942446312874737,0.5286006259692106,0.8920059800786547,0.8679350762141631,0.46896635244593105,0.38964354173923427,graphic_design
0.7517526929076908,0.8673019220726517,0.03755084133095444,0.2211547507678085,0.16593548842837094,0.6850931383362934,0.8226749462837162,0.9154899737361151,0.6481400865311079,0.5684200685565323,0.40332687860456135,0.6038906996726354,software_engineering
0.4043981087804866,0.9750425509522695,0.21351660946574463,0.14348905551703744,0.2693230773864491,0.406106990078561,0.9945810643576413,0.8086074306892969,0.29119668536316906,0.49865347508224434,0.1941310607839774,0.26249351728919124,data_science
0.6326570916304255,0.9205428354568093,0.6497855851737748,0.8158558084859293,0.10830168076999375,0.9491688403791151,0.7042445266683349,0.4619823701264078,0.2275718706579839,0.9204440857394115,0.1502239216042264,0.5823002970666468,medicine
0.2187110499228516,0.39476711762830474,0.6513872445267725,0.6589047620229113,0.9851233128714967,0.502260015152206,0.3868865177645044,0.5954420383172843,0.8349552739815744,0.9548969101229917,0.6663594975939002,0.25519981040668654,marketing
0.42370063746077474,0.3868216168591802,0.8660063716550762,0.06397848288358567,0.3802746054245618,0.24962450850293788,0.3838460254049336,0.4072205942758071,0.9850066442351606,0.5345466383924098,0.47764707004432744,0.289756612865024,graphic_design
0.34870585941718446,0.7992155121498635,0.5913406763415175,0.16603833502222182,0.19763934377944462,0.5466276773143761,0.9030820922582234,0.8685860833133341,0.4281483918087781,0.6298409912124066,0.26789760042196964,0.3991351495333907,software_engineering
0.30893478339136937,0.9441927443509177,0.36340254118932475,0.28882787327749015,0.3024645488315559,0.7130944524945796,0.9280380538946563,0.9906172352642965,0.37079341498816404,0.5440442125079777,0.27262151387258926,0.3015152784819436,data_science
0.7225622443897414,0.8462595693587467,0.14231683666404965,0.9524375528385002,0.550506056400004,0.8335509690671643,0.8170950239791825,0.7981702810865232,0.4375811386407852,0.48689134994413263,0.28598182566986563,0.5507846920173982,medicine
0.18757100342649238,0.29816852576887076,0.6586592520250425,0.8856628307533642,0.9844432661852488,0.24764476940548866,0.7081866985176698,0.4958056301586114,0.48549321813133783,0.9318138778600953,0.8271374171004259,0.7638181582514382,marketing
0.5690379187770717,0.2169511722606424,0.9351736086979888,0.5335743973437821,0.3805734857612881,0.4045497785899719,0.26783352471406907,0.3264817743602807,0.8122046227455039,0.3991418713031014,0.39010290302336187,0.5685885196503533,graphic_design
0.43438156119284216,0.7512468060735646,0.6266787104764515,0.07272549559648551,0.5207524793394003,0.38143810788867677,0.5784322596523621,0.8237358647563298,0.6647848283495492,0.3525252004033583,0.5649809240695974,0.7229935579317276,software_engineering
0.3463232947207986,0.9863350493697917,0.30914042038504963,0.36132969294355954,0.2944528769254057,0.3564592124372589,0.9850520173068147,0.9799182268870404,0.23035595979987547,0.586494845282031,0.2701562546178948,0.4303274229325112,data_science
0.694751232113772,0.8211688876909912,0.3759448808914603,0.9699766793297728,0.2979573729824292,0.8252452877067731,0.733796630468398,0.8730324946054268,0.22014655752321627,0.7901791756074261,0.29035417114644513,0.425223745896916,medicine
0.2558736904966237,0.6437029059424381,0.566548148049882,0.807094461756556,0.9173858368027149,0.2439628671145358,0.49536988284410327,0.6196412607514145,0.7427971561779333,0.7743835834176267,0.8523297244287315,0.7452843246239248,marketing
0.2344629146489145,0.43261760008854133,0.9609790708059357,0.043621483210622064,0.31101854762305997,0.052079927419204544,0.19860299599816694,0.4159576461722184,0.977936969658263,0.5974075456394458,0.6833144192616267,0.7461742042299129,graphic_design
0.31560241455806787,0.9163339728075207,0.28761014628358195,0.32328842021826626,0.07253895239709596,0.2734865716814804,0.9138072008836952,0.839497096494036,0.6212139736438731,0.3443930748856417,0.3042218716615261,0.5195014443953027,software_engineering
0.43588039941444295,0.9959398427898623,0.18130978036835083,0.34883124868286564,0.3490132215633239,0.5973978024878366,0.9731164969875618,0.9339553295814024,0.7043212581246775,0.4260317679879411,0.40353399484669533,0.6909320928271238,data_science
0.4032388532627748,0.9714319175211061,0.29213567822024755,0.6357683275864955,0.2048543366548415,0.5921391648183997,0.6148089317019321,0.696907333658855,0.2638624583221908,0.4132962856671825,0.25784236875700234,0.8661039760126806,medicine
0.48242947818870213,0.2853760100696602,0.726149837620656,0.8331441763535294,0.9101999568961626,0.23903449658857015,0.27150374406125466,0.38631603039525075,0.669069794609781,0.971726924391579,0.8261622505385534,0.5528975720726053,marketing
0.5470233903281796,0.5638033394132976,0.8740854525176447,0.4765530995227943,0.6045589832542618,0.24564195826232693,0.3664315438418397,0.49746951806181494,0.9287346695657466,0.7699899680937962,0.3353274865632939,0.703747076600558,graphic_design
0.3647862224020567,0.8532618262858641,0.33024554988790683,0.2844690253424933,0.21343035472714092,0.3709353805884545,0.6468159750174715,0.8529364102125849,0.7365399947051627,0.35151040844459985,0.3388447700604496,0.7418022337347016,software_engineering
0.4316889732915758,0.7188499571357675,0.35839485672275606,0.16401270380286673,0.13806426403343994,0.4187090152005573,0.996889585365599,0.9572310500617071,0.6310622725701281,0.529034445695125,0.3333292520569135,0.5054627630893593,data_science
0.7317843268844527,0.9418630001883105,0.23285843402021214,0.5799635427245039,0.5745967764957164,0.7688271866283248,0.5268724551511514,0.9749715046225839,0.48113774730994446,0.5139300683998762,0.1135194578777453,0.5274873838939326,medicine
0.30442845246795325,0.33828039709454405,0.7770802229443005,0.9544290486134368,0.9948070966938316,0.48238040253380254,0.4039191124047421,0.6737818358790504,0.8447074879838959,0.9436504442310423,0.6156533783476922,0.5889729102277284,marketing
0.6974461561905498,0.3943020174825155,0.8951119988995497,0.21306022327505159,0.5234048833072484,0.45877657604503663,0.21013881915166913,0.29444171623424187,0.8654052157427116,0.6705967080045909,0.49576488137299146,0.23378691991419248,graphic_design
0.5883249377064467,0.8665419766638888,0.30296837450399366,0.17860547228001497,0.19835610861432326,0.19415434600827297,0.8853985162692916,0.848797194757943,0.5377082637733396,0.5334638921884551,0.55155606415396,0.8380674934536961,software_engineering
0.3635311467955118,0.9695349497289021,0.32349609854273814,0.3485567888534779,0.44084829408977133,0.8676497023208057,0.9552373313037269,0.9619796747311892,0.5050244988644542,0.49074523494626987,0.20378389099763097,0.6740879195352104,data_science
0.5098254611450731,0.937661312210632,0.23504625245440908,0.7047384335049172,0.5577029676433012,0.6070030150209125,0.4636399636550849,0.4382151143541649,0.29435724969077876,0.7868746812110802,0.15053643509397757,0.5267384647293145,medicine
0.18533877385982778,0.6312296475016517,0.5579898968601423,0.8508539487799105,0.973012557678038,0.2785476172757876,0.47879481976264066,0.4023711936991925,0.7828268671295675,0.9360610631214513,0.7176340979945949,0.32650597353068334,marketing
0.5443117635275875,0.47825352403260657,0.9933792496110593,0.1900146181665053,0.526705504880121,0.34844721789442495,0.35030364483420534,0.36282031660903485,0.8925932208041611,0.7636127562717543,0.5314732873729758,0.37133129592794684,graphic_design
0.4212194090018201,0.8927620064223859,0.26460328451024795,0.3298249507136217,0.1339059862552471,0.48212329030531054,0.6805662665058008,0.6650837176177427,0.7968347286080668,0.3917129493406469,0.6413834843532499,0.41981668595207594,software_engineering
0.30926715715600417,0.9796692367400575,0.47598577056383035,0.02732189843367369,0.6331212712492675,0.31732099880124226,0.9500739950798552,0.9125091039478268,0.3721431804367244,0.2571244779302279,0.5275179498006991,0.45140143727671905,data_science
0.5592236668775546,0.9192127476646028,0.4714562571957534,0.7816782188139149,0.7126475611811834,0.5626853781890077,0.22216533653906811,0.6831677394200052,0.11502013153831503,0.8771629141780619,0.39613341665716745,0.44659535513405485,medicine
0.14806324174135715,0.27583789070415915,0.44250007071520897,0.8112217077524154,0.9649941562498217,0.23328736087442725,0.3207107737410881,0.5677029043761718,0.5496687391143461,0.8819826956341387,0.8963293298412656,0.5999207652106299,marketing
0.7410617757988077,0.20021726737087095,0.9499102709734618,0.40720101186063146,0.4308123840750273,0.4619205145485832,0.4483245710500113,0.34444396339487976,0.9649848728032078,0.6208457641750019,0.3996413202756599,0.34119049427452874,graphic_design
0.5593062717761947,0.9429092396608538,0.4353711053700704,0.4494736034743751,0.7700852819551038,0.7234567240430717,0.8378750093303345,0.8902025853527434,0.6756022911207196,0.2926088176525533,0.5868557653117571,0.6543205598663443,software_engineering
0.19580098259457923,0.8312546739330835,0.2042565535000847,0.702112585532272,0.15300177164568643,0.5341256168031338,0.9194274639652528,0.9888276795724884,0.4587130133803791,0.7029467290605181,0.23863140018840195,0.5814348748946555,data_science
0.1987109694694415,0.6899423891742992,0.4543503662266589,0.5769993477122709,0.24327522573305893,0.6407910713572356,0.3345246078478517,0.8313800425437103,0.36311075294235695,0.7555054962569088,0.4380682569144635,0.7152131910375221,medicine
0.284271041706437,0.5199654546863581,0.7550749051964744,0.9163607760504038,0.7096561619835697,0.4467575887637628,0.48612662121256883,0.4678810550532182,0.6764519097670488,0.9200866328293021,0.7146356433996426,0.6110880387204041,marketing
0.29463766313232964,0.32310205704494016,0.9403598209994678,0.30546905541375563,0.4252471361992467,0.07136668510222294,0.19522693965654925,0.6394603998885292,0.8715551612733792,0.5255915795145651,0.40154350532762695,0.527138860116738,graphic_design
0.6862672883412573,0.9134840846369641,0.3576425176686405,0.23753286387518072,0.5764415181691834,0.3575048138479107,0.8508339521212009,0.9400178230300957,0.15963089600543448,0.3602703781588851,0.2622675883115182,0.6813627655673914,software_engineering
0.4393974548088163,0.8981893613464436,0.5212675024351747,0.13539466354538848,0.25109429006392603,0.5002586196241472,0.7169329777582014,0.8667715711926922,0.7174142792889449,0.5114632705560685,0.6214243711348034,0.6759657927573574,data_science
0.567062736315988,0.8455847391700377,0.03321013836173509,0.9746032103020766,0.4319326674820572,0.9074110225502525,0.4393644632095292,0.6721324154595997,0.1489374633603739,0.6709068119526218,0.30973407720219803,0.7292548728448652,medicine
0.3379063805677481,0.48442829472652243,0.5751398933624767,0.6742684170773204,0.878896855591127,0.38046186970801843,0.5100842174424689,0.58060087376797,0.6017180405926414,0.9775334745227738,0.9701873193208606,0.8119987050502409,marketing
0.46743951963222624,0.5279918196762005,0.7702360744282428,0.5243102634018793,0.1965421956991116,0.33179473112323443,0.43454421710283453,0.6376390737095677,0.9767787989665997,0.768666472894429,0.4394956374648984,0.2704034821519493,graphic_design
0.3897772688913601,0.9535471653035675,0.512265528205534,0.14113307721956636,0.17677813937001313,0.48137024060208183,0.7385839593070522,0.7706526753063762,0.6624853861960015,0.3407213643200551,0.4722145428671148,0.5729743104638464,software_engineering
0.6458678685242473,0.9731024514061783,0.24358001992030848,0.024151540609042264,0.1539513228004825,0.38698990627222035,0.965329174746479,0.9005915280861246,0.2016314319038166,0.38272837623366135,0.3103845570161561,0.5235883857653063,data_science
0.6104019360989482,0.9225815155325825,0.2562556465917424,0.7933883543191363,0.22293453778677014,0.8216225811312717,0.6636764156582503,0.6123627895638906,0.4495728006746492,0.7642107029870397,0.26109022135383025,0.7719612839662369,medicine
0.3502333551915057,0.5953210627346184,0.4902644392916078,0.6526655101194828,0.9390103304486321,0.41929565091735005,0.4299507271626338,0.3969475238019353,0.6250461136835076,0.9374697121766913,0.6491816786448854,0.5087613849830671,marketing
0.39779529635812216,0.3866800679643336,0.9630912460634228,0.29435649379452594,0.6470410562761939,0.3299087628502163,0.12485286184492075,0.5739288843456856,0.9860878569705726,0.7873185339668268,0.5596228665451334,0.34338005092380985,graphic_design
0.3905049561302844,0.5422884630596736,0.254840833526278,0.355856743998382,0.2713287040778695,0.512584209918318,0.8417969810134354,0.9230352683132904,0.2885769817450394,0.5114932339053966,0.2395965475432958,0.5628205525159856,software_engineering
0.11561816307526855,0.7114161189689523,0.3411331073168314,0.1943921903982572,0.2500063921262233,0.6863067236354031,0.9784831737795483,0.8860241855544333,0.514544042526246,0.37802719315392364,0.25309805118093365,0.3096840453011026,data_science
0.4230179594679968,0.6263508392554387,0.6415242198151552,0.9613454487190232,0.4154640780462852,0.562987879567582,0.8097017778645245,0.6758529821661554,0.5042881236711743,0.6370616189285876,0.33492851780848726,0.7554464700671774,medicine
0.19500430510303446,0.3804051870991701,0.7744960231075014,0.7683269612613146,0.48016238312177145,0.441478188608375,0.31444551478283467,0.7053542145455665,0.609682626605937,0.8736823411844413,0.5502797399452561,0.6885928915043316,marketing
0.3547890913078888,0.5091976326441751,0.9402559404981864,0.26806130675340323,0.6817765046056948,0.15092295128542677,0.301251952901993,0.22992018528049724,0.8526597675602383,0.33513706987557584,0.6907966934825964,0.287389413687417,graphic_design
0.6467624077519296,0.8970487847739494,0.1910209002080506,0.17567058174095893,0.21457858319764608,0.23448996190844068,0.7797370337590175,0.8909163430992069,0.7527527014644422,0.32609169523615966,0.7933824689984912,0.769320995800366,software_engineering
0.5846817104266723,0.9110259010674967,0.26427919279026674,0.03249945680954796,0.2566461822871218,0.509409343786166,0.9623504427313772,0.8048336503264409,0.647114987536368,0.21611018281585614,0.4057837220806736,0.33062273526833297,data_science
0.4981159294414242,0.8070891650741839,0.03275237062473943,0.7937877057523027,0.6583192031610301,0.703695173195144,0.7501494418090545,0.694939697585839,0.23761532044656716,0.44452581632987354,0.5671385534570935,0.7453997257397099,medicine
0.41692825363367136,0.19264372773622349,0.726229090608041,0.7331603906765808,0.8026992553619372,0.39618442328205283,0.3124250330130818,0.3364046805908378,0.5083173595769807,0.9814199184355712,0.6413588810214877,0.4806415012354394,marketing
0.696430806090351,0.3148557406356258,0.6728727440233299,0.1812224495732957,0.5991778674506588,0.09858280043805658,0.4337915646574039,0.5914619896291643,0.9909411990488679,0.29528015933688284,0.4772577577266626,0.40130374648571865,graphic_design
0.13244362724972863,0.7048742727080587,0.12921507322278422,0.18228487404612403,0.14671587482432044,0.5055948427966767,0.6793463856973241,0.9140093657468488,0.67992251467248,0.2649937202052294,0.2633777873567137,0.562620757506091,software_engineering
0.40035759923688286,0.7949715578768604,0.3114370396722945,0.24375913558005566,0.4710407475207469,0.5176883152418261,0.8951985647133041,0.9636255443116808,0.21290762623703782,0.4767887016162613,0.28256812185738384,0.6884670139236443,data_science
0.47091982286579076,0.935122197176256,0.132864693355291,0.6949836826978106,0.4235880995520122,0.42398602967425447,0.5750691711299213,0.6567634496551703,0.20732231827287234,0.7316158687987321,0.07292740167960192,0.44851151037700543,medicine
0.4901840542442209,0.27203753503623146,0.579197289797484,0.9010435927984175,0.8769870668182715,0.1521953969702747,0.3109325548881392,0.42938039134524114,0.7226132861738863,0.708311353907902,0.860348948699182,0.30483729154457107,marketing
0.26392432633595675,0.3989764622022522,0.8912683925221797,0.21492686230950192,0.48362846547738875,0.22377728006372524,0.14191598640810044,0.29037024780105875,0.7927736191159226,0.6920174464298734,0.5761255269720575,0.3305299561803575,graphic_design
0.29357060865722834,0.755749866958697,0.11427463770879423,0.23443232510963763,0.26051224855532223,0.4417934596599379,0.8224121767709114,0.9258619631498679,0.6248363755789007,0.26102830509869,0.4679908840785808,0.6664835106375354,software_engineering
0.3447160289669216,0.5819907708072303,0.4830467991227265,0.49891662722096375,0.2712063410772682,0.7012303282232819,0.852660317294886,0.899123217049889,0.5356869637783627,0.4908688043560101,0.12087599845449769,0.3775483087228968,data_science
0.4367312875070148,0.7074199619265936,0.23497553370479154,0.6896180422333429,0.4313780700895552,0.8821248254075057,0.7321152278145784,0.7281933955579186,0.6666592465220924,0.8554046663671382,0.18660209290797733,0.7721355307860291,medicine
0.0658785378660397,0.25903254417046584,0.753646508222117,0.9335534820580104,0.9756376328478046,0.30005350322149804,0.23229034208084495,0.2420667473768987,0.6162002561346944,0.7939624492755217,0.9030016403015856,0.7170236217718672,marketing
0.44952313291097035,0.4557549314182573,0.929477719228501,0.27138627285793326,0.453220858898089,0.1495090646967816,0.27437066972523805,0.4187272619169364,0.9849909038447844,0.6646549363089802,0.2683418626148738,0.6523368580773102,graphic_design
0.15871317943822735,0.5928388828821555,0.11835820243996474,0.6293167708727279,0.24624167585503887,0.5065908871350995,0.7271272991935208,0.8373455911748141,0.8035790245023319,0.44021191506874746,0.6029335590815547,0.6982262675419882,software_engineering
0.18661916606825343,0.7679827329521005,0.1996315202360174,0.37626267359296345,0.2804685349929068,0.5793513352128232,0.8938122549012923,0.9363167217181138,0.37619674103612355,0.45169090728143346,0.4635498591267763,0.5604047278845778,data_science
0.7666413484443197,0.8315172998637234,0.6317738724713738,0.6850787130945982,0.585234296376215,0.6818462365599669,0.6403146170170801,0.7199819127999321,0.30621948783440234,0.7298067801586307,0.17839715023033556,0.3586881084666647,medicine
0.19140383591319177,0.25204158713268715,0.6087664606852441,0.8674526574242709,0.8533019247522577,0.5333965715083173,0.33807612560164574,0.5910776894638782,0.5182228708288737,0.7546691431247258,0.6439385573406066,0.492472654428891,marketing
0.07815162280775857,0.331032364440536,0.8271818426582249,0.2025342054656566,0.486714913188294,0.28912469670549606,0.2933689952467669,0.6204739247279261,0.922985776760874,0.711849766056756,0.2506780328931446,0.21896067009744313,graphic_design
0.3424590123960999,0.8083220583656437,0.21469173548929463,0.1979411435114429,0.2736705391693573,0.5680006147284291,0.9278704808328255,0.8393305338320476,0.5256466276406633,0.345742775649638,0.5310708867801505,0.7873435672089398,software_engineering
0.3190046077159989,0.95515691101093,0.30857317207579044,0.1192219240327385,0.2172996080049696,0.6149502235007882,0.9308069408621987,0.959839667616357,0.4783851547223298,0.20102456121955278,0.4069877497543391,0.5161661204088751,data_science
0.44529515415054877,0.7296220886491814,0.34381913976918627,0.8002755891156397,0.3299839242368378,0.7112343677074399,0.8219369289619716,0.620569439931449,0.22281552056644807,0.6990539906751689,0.2596084758796106,0.7780907556991602,medicine
0.25677562496101447,0.14758969271076555,0.6355644721981719,0.7081304668601538,0.9986540264888357,0.26394904747899384,0.14896225197758817,0.33118711242808396,0.8347152499262173,0.9399507060125724,0.7539183023864603,0.5689205185327151,marketing
0.3625423173582581,0.5410032240459802,0.8374066928597638,0.16457925021477582,0.49926213114443446,0.18556628260069685,0.15080994028166247,0.6514072692995923,0.9634728653045473,0.3957030205164208,0.36163047410666815,0.5649624635879047,graphic_design
0.15460775597898316,0.6096913031161212,0.12026733541522155,0.3317167938434148,0.32495146619970255,0.6330126536434687,0.7107412789802137,0.8607708561180262,0.8009497547201995,0.44941790298019313,0.5188515792329522,0.3229803769175738,software_engineering
0.31284546025541454,0.8040645020400237,0.5675584466343251,0.10520062974704655,0.46204788542429065,0.6553609175935113,0.9996217996200569,0.9606511820020484,0.23213415078061062,0.5651107704259286,0.2788081318390473,0.5625130613310316,data_science
0.5336221800258985,0.7902461011687937,0.09789617384252677,0.7194637059444782,0.20973061614316554,0.8469139079994559,0.6545333428698566,0.7126170595617767,0.37168640436103384,0.7095743034219514,0.18471348988369565,0.5420809229865913,medicine
0.28021034117517996,0.34791100913978046,0.7007869006577139,0.9739293316270381,0.9030795306819771,0.17074094382185306,0.41140291512026816,0.8093111476409359,0.5019047048435651,0.9404549624983867,0.781073868054201,0.5176343317191441,marketing
0.49775490985986676,0.6705235549401376,0.8365824089880154,0.4293392637869019,0.38569345263391064,0.3930942838624693,0.361684989772486,0.22597842422196496,0.9161164318582917,0.5918498456975706,0.5487100616334027,0.24956100785063662,graphic_design
0.14449997112603608,0.965792596888502,0.41827869997751743,0.3307766854970829,0.3796129502657333,0.3826533636272098,0.6923899539788756,0.9267807565947922,0.5704958685067668,0.47135817388058554,0.5642894818630865,0.6664231222274779,software_engineering
0.12184040173697129,0.8484983600089118,0.21052726625006393,0.3840823761286952,0.15150329470292415,0.7729435412833254,0.7949232389808744,0.8610469561713977,0.25462838858142794,0.6985239701507304,0.33220950867624616,0.5280086146526273,data_science
0.7296796856720046,0.7357032522470379,0.3190839206173819,0.6630244375807743,0.46822651281989247,0.7571757955125819,0.7003943428915741,0.6334627151760808,0.386317590166955,0.8643410374797106,0.04377440408230423,0.7118438427367999,medicine
0.25989023080526497,0.24345606971308467,0.8021295896761574,0.8848815196234752,0.9989627487382217,0.23172841520619217,0.312164703117286,0.22933740428898317,0.47651775228070237,0.7544646777377496,0.7895787535384655,0.5580809357169624,marketing
0.25487099910233557,0.2628498801680189,0.8547782516271096,0.26390080604330735,0.7909386192438986,0.6019711888256986,0.13612029316809682,0.3433342320492394,0.9622808914094457,0.36584927738121475,0.6034590767624889,0.2868704124326452,graphic_design
0.48221221955524896,0.9482944300927224,0.5491871321570367,0.014870155401949161,0.013865407262925617,0.6657675180013347,0.9394975033857152,0.9683009227145593,0.23046334914229763,0.24818243656704608,0.41722388496395324,0.4749487951385359,software_engineering
0.35682304541990517,0.9935038872725169,0.3059903174505798,0.14762232011825457,0.288212374292169,0.612670675017297,0.8750886641012939,0.8299382302153983,0.6412915813579693,0.4483089828549794,0.15754218616546947,0.2727405413902476,data_science
0.5829589194947699,0.6326240395371571,0.15099212882467494,0.8720350247700996,0.2698832972913109,0.8160535032092283,0.582262228709204,0.5534315145418645,0.2782559581832991,0.7535189228558916,0.1584789975467457,0.7395933988217214,medicine
0.3969217081703249,0.21462354379435758,0.7538190957895468,0.6849976156688997,0.9831998665517909,0.4896758526257434,0.1732499493727269,0.6782790852959291,0.5620060794468854,0.8182677669297808,0.2637792406401579,0.5119096409701185,marketing
0.2508875199237583,0.2126754209053142,0.9438355505340236,0.5968216190906498,0.7319420360700172,0.703803923075056,0.5473772750352547,0.28377982956510356,0.8465799881173198,0.9417615339225404,0.42148805204210593,0.3684824807271079,graphic_design
0.4516167721351004,0.49302643120566253,0.20316928367141981,0.18313647691333632,0.10088866770966948,0.5158070880910232,0.9116767758211082,0.830040366753011,0.5922129827257788,0.19137465434559434,0.3592571127170674,0.2775416764608822,software_engineering
0.20431881489150377,0.9059362169634761,0.4349188555669621,0.24182243850892024,0.4392173481175955,0.7599131679687133,0.8514632638216802,0.8160699150037639,0.3563515884809689,0.39777349637137205,0.13906867209762133,0.5746655502382338,data_science
0.5404309247682672,0.8928968915899026,0.35898363054003873,0.9185744132541016,0.4169329467507227,0.6747772557823117,0.5317145942497116,0.7968235298907098,0.1939651063906329,0.7811943761565054,0.02259198270659373,0.4607698130804394,medicine
0.47911524738008876,0.4161072543568076,0.4652937294925575,0.8202334692550036,0.9892961172012807,0.27419576507497523,0.3153613098113296,0.7549984320041875,0.6622886335610148,0.999052763675733,0.6581923382450383,0.6377055575453301,marketing
0.17786819139856871,0.24897338163234928,0.9666581496256248,0.164091992588715,0.6218532670053354,0.28172587471133914,0.1839834572165235,0.5011270547469268,0.8470625046900815,0.6598528172882601,0.683890886218503,0.4432675979430593,graphic_design
0.7001754718612392,0.8746451952206695,0.538081628948702,0.21011645074719607,0.5792391299742582,0.20199604826223075,0.5222319592192103,0.6950899479381489,0.4701586842520328,0.12289660195986074,0.41380212179412856,0.6722809070956484,software_engineering
0.1898173085771848,0.9994617986595846,0.5119538129590827,0.37182807948448315,0.3691891120220882,0.2542359453416405,0.9966326911270934,0.945504518622063,0.49632855887255706,0.30232934164640485,0.10532109203660886,0.586726192517952,data_science
0.3506276993371379,0.9611462957486012,0.4264347334070521,0.6902375631471809,0.5083409299567234,0.841560887582197,0.5173296225715841,0.8201829703122934,0.4867172658180723,0.8591447150418742,0.26901469092310565,0.6092460591182641,medicine
0.1277655148357779,0.291461851074966,0.5184737678552638,0.7063623190636634,0.9169664859536997,0.2716277378716058,0.44323769035272786,0.1857284885011842,0.8606981243489717,0.8447517128960911,0.597475741179577,0.7179554813479907,marketing
0.29248878094662517,0.3271798695248679,0.930026556492442,0.1060019886481277,0.27081747636790166,0.4082724437659431,0.3985162470775371,0.4570278097625102,0.9494380779590534,0.49520450724061355,0.4513243868916901,0.4716372728829607,graphic_design
0.5592751611102431,0.8955237693426165,0.18639063581434917,0.4564906418022055,0.28511314486765216,0.17129332103165146,0.769634480322017,0.5666482743020845,0.5145014213955063,0.33072786812984456,0.5287020466198599,0.7421824379528503,software_engineering
0.4696808570563715,0.7821826265691099,0.4011872716428417,0.4338254079556013,0.3634585876994716,0.7161706080831783,0.9662537879531053,0.714131964292988,0.36107106603523587,0.6751675968419035,0.4397088610500332,0.4482785501161935,data_science
0.3991259710711556,0.8898886567244351,0.30863256905916675,0.9031822399607431,0.19422533008794313,0.7566081587751526,0.6825559215984257,0.8586347743896383,0.2785753794026714,0.8396658926696037,0.03539672721461087,0.6175648734116495,medicine
0.3210567797443633,0.4805920018046842,0.5475207908843243,0.9789318854847873,0.9595346606560643,0.3046060126147857,0.3050113797782824,0.8285923922870873,0.921932775877249,0.9995130107651619,0.8566119863639219,0.523019553149958,marketing
0.21200272820918184,0.3940549708059855,0.9944825541541435,0.0866951686413553,0.4323279801119944,0.29988550178943985,0.13064729016326707,0.4802992077569832,0.88253781785692,0.5383881578734244,0.7462832738993249,0.3276406905270668,graphic_design
0.2732890489144792,0.6003565858300849,0.03658640189221028,0.34322278178014104,0.2002333749018306,0.44988248823194427,0.6671287038028787,0.7830824788861187,0.646373151304369,0.23892527286564322,0.6496761711648997,0.6576571588214454,software_engineering
0.14773401317589832,0.9059484480334903,0.4233383774259037,0.20709802422656481,0.2610135714623632,0.45285804967902255,0.9800200544909329,0.9437909584126927,0.22617758824974044,0.3378042157466703,0.15179730689315382,0.5503647541555626,data_science
0.536675955780475,0.8962336410497722,0.22614582889149476,0.8525051886077675,0.5249962880398727,0.7994435384487119,0.7501409990390485,0.6526209291049493,0.18965296135822104,0.6029607698990326,0.07947655281407336,0.35638979092208434,medicine
0.37588482547499336,0.14284812593670637,0.4625895822581064,0.8332536859049393,0.7589123047168059,0.45669300616073055,0.1260284387411347,0.3386630898064221,0.8716932842082827,0.8611057861346175,0.9152147276067093,0.734810687730066,marketing
0.3019634614974277,0.3579478475156578,0.6412219331302563,0.40283887031097426,0.6404905330260549,0.3808612528846715,0.15183736954233124,0.3743320109188325,0.9573475786995558,0.5171067701888389,0.8368744741063953,0.33665240048997397,graphic_design
0.3295862073747488,0.9332559936067699,0.05554461282035589,0.3000417525228976,0.5690083506109538,0.46052558958149536,0.976935633542228,0.8837304481876797,0.8676110985011702,0.5503297136129419,0.35731148124335765,0.8490290922106122,software_engineering
0.35879736268236295,0.8212092713497893,0.44488700628219946,0.3390830727379332,0.226071864640894,0.6436788910059718,0.9998845593797613,0.9842798714576738,0.42732902395122246,0.7269239250603479,0.2931033706537056,0.4346122803550126,data_science
0.6135457305134554,0.7990977561136964,0.1880313285944444,0.688785287325944,0.525905847007139,0.6298496069484117,0.7030742680201648,0.550982683209911,0.34453496085050694,0.7700257006324664,0.29259717386908196,0.4914026662591028,medicine
0.49303407639477165,0.2411131278402625,0.510293600187386,0.9147437784129722,0.8176487379517904,0.35263126842344017,0.466224199166005,0.3310037909741237,0.7207995680760438,0.9829060554424761,0.8069219674045687,0.5373685689108252,marketing
0.2593920131314117,0.7560872395441998,0.9663490282046437,0.28851505794892535,0.46802309621762705,0.12341162091185266,0.1771183829596787,0.33594100026323104,0.9664564905035578,0.42008096527585553,0.24809197574075978,0.5686859313654362,graphic_design
0.250646494500583,0.7281133246270041,0.3586726267861481,0.37030512648668285,0.47145339784195683,0.21688124608681625,0.6856463949418486,0.5091912859877409,0.619277134645689,0.1526116671765734,0.37840616093300644,0.6940708823547391,software_engineering
0.20962181569132174,0.6254008683346954,0.20338016614140317,0.4302171042549589,0.09947399787341973,0.7908196147069709,0.8597248710184624,0.9304873403292124,0.3860365969844422,0.5464714673987365,0.4084465619605148,0.6605250191283392,data_science
0.49049222447086116,0.9074889086372596,0.3223033769194986,0.8684216665899679,0.4075089250965617,0.8494062093688824,0.4486350352195091,0.5913774654166424,0.19968687161947649,0.9038707313169161,0.12845885895427614,0.3885717614369001,medicine
0.17486641595819044,0.25835418662868165,0.5271885790664005,0.9265543505118724,0.7088950858528282,0.35392482167203265,0.36055413350965704,0.608824510736921,0.7461817358190778,0.9647141930816132,0.6878444078119694,0.5559500098121469,marketing
0.3966155267879121,0.41384150965715993,0.818025271291603,0.2644069992089596,0.6376779973836945,0.6657701782454168,0.3238993928243256,0.18202479251892564,0.968963250499692,0.7652588448189129,0.6148020631929456,0.30168141934308573,graphic_design
0.3733343852575539,0.9460874103789972,0.39768472998030485,0.4548637900229765,0.49585428038576723,0.37420717839357376,0.7450050631050692,0.8634021657719833,0.8116536596696706,0.31489320076189814,0.36758196795324866,0.49557707548040997,software_engineering
0.38747404903038546,0.8527563978831507,0.772429977520592,0.12493144580156722,0.5464877080972032,0.6810664385192521,0.9683905230865585,0.9952521874166514,0.2857013932082115,0.282411418260163,0.20749818101317902,0.7352017139606822,data_science
0.5363464384785662,0.9033532827119054,0.14174402306077233,0.7526050031034713,0.4215653203640265,0.737561411949265,0.6361025132697035,0.4175372591553277,0.21312725530784574,0.9407508440038224,0.15298928383236002,0.5831176513162248,medicine
0.3461938214435994,0.2465583546693015,0.48776596681261863,0.827190086250573,0.8113346133756572,0.2534041664163341,0.4328342900956484,0.42697543907554675,0.7502397029305825,0.917000322497726,0.963983118614644,0.6402690830631707,marketing
0.4161130991000939,0.45055630688705334,0.9631191390930361,0.16958396270608503,0.5472497504355258,0.16683404242650637,0.16229596628357557,0.21854445431154287,0.9043472606301131,0.5738759592963829,0.7392795705598718,0.3580383168015103,graphic_design
0.19608400278703883,0.9137946549368778,0.2867358121585438,0.25540943181000214,0.2987090897705474,0.5538781862771804,0.7894029109283517,0.9673872475281603,0.7437842215978052,0.593661863345389,0.35854758957818966,0.7187103410219475,software_engineering
0.2039719593195102,0.6401008254696449,0.48200685303983903,0.32732625745109334,0.2959255489778207,0.6079090810003328,0.9265045687461091,0.9603631395419604,0.16965518974518123,0.31562397484638166,0.5572108034464562,0.48573492204739166,data_science
0.5045269139138632,0.9311583235091451,0.11298080799131428,0.8677741921515801,0.35997582427634606,0.4432972949180879,0.8606725745644013,0.8675767444618167,0.34281533729806435,0.7980943976971934,0.2797897875714092,0.4076419218117894,medicine
0.5654861370935735,0.3602670568823515,0.633068651274749,0.6464947620216055,0.6224341348893859,0.15072841284278984,0.2054449883121415,0.42707848709679896,0.7600268960694984,0.8788037389054371,0.7124722737090529,0.6298990247095332,marketing
0.42684443599810706,0.6133790995621421,0.9665399657223445,0.3515642429880909,0.42130816574039487,0.2162984414627256,0.4464166808473129,0.41275456545918754,0.9324281226260273,0.3650149513119858,0.5209409427669464,0.808568796211685,graphic_design
0.3411161463166822,0.8992872766091479,0.2616442358960864,0.34061481665389703,0.4590865386448559,0.6989263085604006,0.8659443842510915,0.5526667084635614,0.5637167208008672,0.11977891316378567,0.6022146987956981,0.5107097070478699,software_engineering
0.30638071554991436,0.9260393096923124,0.20748545682459074,0.11404229889908361,0.24966477470443202,0.6694911057129053,0.99368633687151,0.9854280022742785,0.2844228704524637,0.4314392823286602,0.19225585341996915,0.7312003319381509,data_science
0.5144592321015412,0.798192810478593,0.5693037788910849,0.8304701666962354,0.40573718506949963,0.8550116697395238,0.7185076853353898,0.8375413121828021,0.3013067629031832,0.614149135610468,0.11943173418080227,0.6773255451743221,medicine
0.21313770744224253,0.2217014092955239,0.8147761538873806,0.7267968264018112,0.9578531606241081,0.4167247352105976,0.46016589110266626,0.7203639524802695,0.7701941658591887,0.8923540200252305,0.6668932378693196,0.7296354612014762,marketing
0.7865396016998019,0.4276509739940938,0.9888264578776117,0.5130389992258967,0.6377086170857277,0.38675178190560033,0.18061884869049993,0.3785610029769989,0.942920726085082,0.7732356901402897,0.4391812288247427,0.5234200562681808,graphic_design
0.2716223345962559,0.7876381258675923,0.46588413980528987,0.2422790929660057,0.15698713175325157,0.3491374946631976,0.6814615859043849,0.9028772635769381,0.39610674191669454,0.561390062874883,0.5696000321795057,0.7230643125943057,software_engineering
0.3393157120896317,0.7740628909769907,0.19161363208670978,0.3110685619057477,0.14560342667640425,0.7686116753119642,0.8650708312506319,0.9579742910901838,0.41523702963883985,0.17371977107162925,0.12485753736434214,0.5771756401890412,data_science
0.4275308418381268,0.8920180871379231,0.20572532254838438,0.8162293683514313,0.5976573578752227,0.9086604713486837,0.5273668373514887,0.5488048871496272,0.11980319467080387,0.6884083263288938,0.16495572336836312,0.6952980322443076,medicine
0.05129383494110766,0.3558711663837143,0.5414294606837967,0.5466273754107999,0.9573822296850735,0.25381414745483055,0.662518104510968,0.4309709268383728,0.717396674849231,0.9934845629155823,0.7538184270994213,0.5641365640177579,marketing
0.5292565026307374,0.5380927231904195,0.8471811536019672,0.25039189607093776,0.34265568981935485,0.4769672198236511,0.27008422344766736,0.4413115128376849,0.9657850076793251,0.5760127379446275,0.4372818682773097,0.562955927346093,graphic_design
0.7136000876101437,0.8547952636737125,0.20911311985099082,0.07749331774492285,0.11626229734892515,0.7548667513680891,0.847358091540679,0.5493469892183497,0.3328181347730841,0.3748026282473385,0.4878908709936653,0.3570215202188033,software_engineering
0.3019388889307781,0.9392433597208957,0.3836565846057759,0.27930210626624624,0.1948341269193173,0.5719671431314269,0.7245198472356699,0.9487838416523909,0.4803547675314512,0.6120700022560754,0.5029998534891613,0.16905797753237423,data_science
0.43285100144689787,0.8081861517007977,0.4219235870882277,0.7562045509902857,0.5537988598427905,0.54487414678969,0.6224992158495244,0.715386087543497,0.2742639820149512,0.8469401654101256,0.028439165383897905,0.8697181980208964,medicine
0.371157412680093,0.12757219273611042,0.3170266932835924,0.7524697575812408,0.9473781478779614,0.4745821479717119,0.184270346220327,0.3732733331841761,0.9066095125611011,0.9682804718626068,0.8256903187412071,0.3733062729964572,marketing
0.3543245002550509,0.29615388543377397,0.9810448068340204,0.31049398089431646,0.7084884079967003,0.6789703702159645,0.3007212641899837,0.16969699552350087,0.9358750231606412,0.3770466063580984,0.30756561992070947,0.6528674689878523,graphic_design
0.058226755773171796,0.970049540383834,0.237766737124323,0.3304587409440741,0.2268851796661488,0.31994232329831046,0.8266895883361915,0.9630958487368496,0.7398125781868512,0.6035477337699594,0.5314986130210564,0.8221183757937675,software_engineering
0.19540842047446397,0.9869724777314789,0.3708152678836367,0.6850746434645638,0.5586045130928244,0.44385960498229987,0.907446836096985,0.9581686913467238,0.06535315556294341,0.5329272335211075,0.1859657249443807,0.48817574388537527,data_science
0.7187332968509466,0.9192774485577724,0.14273694241046392,0.7391926376382109,0.3191893875553155,0.6447565750978236,0.6355762602925672,0.9312985315171084,0.3390537761925011,0.7543032991270734,0.29882367473735133,0.5470025362191836,medicine
0.32378808650794405,0.20779520970651327,0.7139760622454163,0.9013939596323047,0.7547163139363738,0.34186054070718996,0.43427423797576636,0.6176590840749482,0.6948402652262862,0.9839480534472309,0.8360565683088165,0.7439088677652952,marketing
0.4198253236989408,0.35703436264184285,0.7806870383766988,0.5335309667991172,0.5972390606054547,0.1587361472959944,0.12828399380796535,0.6170338153003883,0.9265833336606099,0.8432190947362836,0.2940316257408729,0.2856045222471579,graphic_design
0.2000067859867017,0.8507822898872313,0.34461765323223154,0.10377847644598269,0.12573719604005917,0.7667951040285726,0.36076809599685394,0.9820002561222024,0.6985978627763287,0.5035697320330742,0.394763714133133,0.2549610302026462,software_engineering
0.45752935262419575,0.981214774876898,0.47722976484195495,0.12808285329777627,0.19404611135564764,0.4759381664378626,0.780017560106841,0.8254571422657977,0.2873839279895396,0.5675140273854872,0.22774016401394276,0.6471893168442292,data_science
0.8069788827964635,0.779665437063878,0.49397902466951993,0.8723787236006129,0.5852850582964878,0.6312216159047012,0.7700070775577176,0.910417899816449,0.6419741456133273,0.37699650831535797,0.08864113180021965,0.38661779316221256,medicine
0.2516033456244194,0.37202138485903335,0.5372560339574198,0.5748009329516547,0.7492260599164842,0.20877724181667454,0.2971129265784597,0.5300512924699544,0.8487879537810855,0.6974310384325223,0.891835792580668,0.7554147335869027,marketing
0.5443489901903092,0.5552842624190633,0.9155190782804385,0.2681023307025357,0.6632411544526495,0.2745988182886632,0.3642986469544988,0.2520217747870313,0.7089334373474018,0.4454038181400447,0.3482007220941553,0.396951609800104,graphic_design
0.5902860672998057,0.6062570519390028,0.17051363546362847,0.2644874303361847,0.2804041014145173,0.480933233796375,0.7092355416269679,0.7215262717039959,0.4058865850580907,0.30958751807423074,0.2617236894780719,0.5604346130913294,software_engineering
0.4659375040736617,0.9956499352771941,0.32502783969545473,0.3110320237441643,0.4582443055996017,0.6197423776241001,0.9163024043269172,0.7832861891292562,0.23280279204379906,0.7154683271272432,0.37617519319028386,0.36668490306790613,data_science
0.4972795877618835,0.9278492718889657,0.6637846327849537,0.8161690473026204,0.2629099045289014,0.8025270376230417,0.38943668967519646,0.7910248425582626,0.39169680154622966,0.5750917655000264,0.15701693426500393,0.3815385018866904,medicine
0.29735016306507084,0.152811671904626,0.5050039513079322,0.745648405902665,0.9451861495330199,0.40128026271862965,0.32684026699424074,0.5542503606498711,0.7593816444202541,0.8230123766585637,0.6953443939219565,0.5024608764401401,marketing
0.7004247959990357,0.7844574857546818,0.8946984667118807,0.1719148335069128,0.5125208358464729,0.1273535260428365,0.24118664397465964,0.44171064916587416,0.8996076022946952,0.5125924230013226,0.46775520840602947,0.5284675073750361,graphic_design
0.5258038729224475,0.7172192174421084,0.19935573550870056,0.18988875587489434,0.4901275825665382,0.48539778384245463,0.8912234944980462,0.7105234775668281,0.5278706303565376,0.25114724028321433,0.2200346163636272,0.373399688106361,software_engineering
0.2504350761974984,0.8554747279546088,0.32656606935149,0.29639575793203626,0.192096541597953,0.3644959302180323,0.9431748099127087,0.8430841054502887,0.4494630741260793,0.47379384830041144,0.25559317459214886,0.4085661328831554,data_science
0.5575118294430853,0.6925732608496579,0.377315368647867,0.800539916895007,0.2776375491812274,0.6779604183740021,0.6204777234381221,0.890778820266735,0.4068361709712869,0.7534735778789573,0.22976181692935577,0.5673266493647854,medicine
0.19075900214080332,0.25097975887349444,0.39935736014895423,0.846378111231207,0.9985000494616866,0.2914817901548708,0.3548914068925473,0.44584957095519145,0.9344179366150681,0.9975337538809593,0.7857247658882142,0.8303337968467507,marketing
0.525348205216259,0.441754755797075,0.9181270654489884,0.30412693749508596,0.15399972100844922,0.35197058517847296,0.26052911625715747,0.38393533166064125,0.9899102918869606,0.5855003971352949,0.48720093623392086,0.5155966444654039,graphic_design
0.20242925802443593,0.5552561486022243,0.4457254024650297,0.3564305220678024,0.2256492640623699,0.5113750203001124,0.7869856179094614,0.6672557568668912,0.6195824193711641,0.6494828175062176,0.1626194441831471,0.4149180914416283,software_engineering
0.44764873496702845,0.9796934162237029,0.41504723812715355,0.4547297390069466,0.40370891472327974,0.5062244668291528,0.8349519844332893,0.9101245930997311,0.5647526789533253,0.5731147632070492,0.450944571500524,0.5420763413649649,data_science
0.35532444429072296,0.8157981547141586,0.16028858342939187,0.7047402210732631,0.1514828678752382,0.5297151190704951,0.5776479533313105,0.24432423321029137,0.2076876293729276,0.5872191973902573,0.23515778656056607,0.7797107543294947,medicine
0.36874861079900456,0.2848802594234737,0.5815707611699034,0.9054930817698136,0.9664912212828529,0.439040364725197,0.2831600521995835,0.593384367895836,0.6405096151592661,0.8665651872515499,0.5403189474597954,0.43827833523526666,marketing
0.4556465952272286,0.5910331211998956,0.9373108942326449,0.29503394038910125,0.6215368659024525,0.30922961065256355,0.34582022440143195,0.21992624859685755,0.8879934261070311,0.7101928823509187,0.4176032074114365,0.3610790966724693,graphic_design
0.2124750317567434,0.9004319217687788,0.4867655741207824,0.7254384685864016,0.20174534225145646,0.6407388943999961,0.9371264763888683,0.8766276420975525,0.4340350410308908,0.36506284119908944,0.19787700500752534,0.3172645501006939,software_engineering
0.4112428680512718,0.7986488199940065,0.21623682674422395,0.20426305556051796,0.3401724498864679,0.5850744506037937,0.9423872401976854,0.9380877910732887,0.34812840473462575,0.5312604821142202,0.44034671341340964,0.5612844825413684,data_science
0.38444632629682124,0.5433978207883337,0.40439299290516245,0.5240950538251731,0.4304588181440661,0.3343206085059478,0.8175315632611777,0.4431592083330073,0.3684987315511121,0.7718307782828558,0.07523470608746582,0.5392468530334206,medicine
0.3288437131219118,0.36506750559948037,0.3781058239997203,0.9327411712353157,0.9775799285836293,0.5295340260564155,0.3106314046573631,0.608664544299183,0.7727511662133336,0.9700528550644374,0.6785993928561711,0.4305517187270246,marketing
0.24969196711393,0.31049094397750104,0.8772598154313854,0.36256567721091865,0.513161324100269,0.20008911081874875,0.21402591197750076,0.36706025316527885,0.8819520640554237,0.5620040008524727,0.3420951896524481,0.4989952506940858,graphic_design
0.09831961077711593,0.5413635733943443,0.23960024819667064,0.052514739950718294,0.19880172710440835,0.48796935615319775,0.9342460812701723,0.8812754794943316,0.6511982147455594,0.22904061912903093,0.28880794878894145,0.577401623195142,software_engineering
0.19949491075451867,0.8825156018031614,0.21057611438465207,0.1491310696316409,0.5576006707564793,0.5089890999580354,0.9741531531424565,0.8691803601119684,0.39439735639408524,0.3649346576610854,0.3781930982603502,0.6428522653175156,data_science
0.6881128880531017,0.8230192523405114,0.1261466767257025,0.656951225762172,0.2609516524369556,0.6507017608416997,0.5994021542280763,0.7221816695939307,0.09976056664341103,0.3558097730988629,0.432302271467748,0.40914374278665594,medicine
0.38542860311744903,0.382079379553447,0.7249891169493388,0.7593543102137497,0.952947567578976,0.45914822983031395,0.29178150585394286,0.5299546521614774,0.7348950251371558,0.8618121399549927,0.7665967994628834,0.5781703138026313,marketing
0.2781726173891647,0.4830270801043472,0.8598889590857012,0.0650030090157918,0.35719065627029173,0.3144661165430185,0.5663049167332558,0.346910740976566,0.8977817651190746,0.6993573509731139,0.8305268370427519,0.3756631555233741,graphic_design
0.20494463249064837,0.5719696185320843,0.16415486384050731,0.25110227526435785,0.1356473396443543,0.2857501343084541,0.7306289254874101,0.6873260579009124,0.7957033766592386,0.3317792343593528,0.1515088528423941,0.6097073261285666,software_engineering
0.19153244930294436,0.9709596949886143,0.28970141733823407,0.3484371831360974,0.3930021386283838,0.6748221728585555,0.9537368133922972,0.8008845636351308,0.05812576629185378,0.19854274846547024,0.3046187861351627,0.22220815050899617,data_science
0.6398215810631164,0.8107769825294652,0.12160312225408215,0.6504916443210507,0.6211944030478689,0.8171450299236732,0.5717914145873008,0.5668797131623493,0.25713786744313144,0.6654675474360959,0.12298030359071642,0.3328395508211397,medicine
0.33466487088079533,0.0831502830281745,0.8314970845454996,0.8000358515421087,0.7021853900111447,0.2894516201365659,0.14181826454956695,0.48062745631960074,0.7338574706307827,0.844097613941551,0.9011136726467885,0.633046849143107,marketing
0.4842999690369222,0.6064787913012363,0.9125150473749305,0.4072937714574256,0.7599554782210637,0.5511522645434803,0.4164779808925541,0.30705717962792983,0.8246166348203945,0.5884364602254976,0.6935830831676626,0.36021530206677743,graphic_design
0.2812806837537237,0.7134960124869718,0.13950230888557896,0.4810288851103462,0.21481424143191846,0.6069622969345129,0.8351444694206626,0.8693252562634802,0.49569819635318557,0.5650145651506596,0.243445669481336,0.41044094846596896,software_engineering
0.7232477337061639,0.995326736796568,0.3247146979002839,0.5064643359482564,0.01730479572448907,0.5932975777729932,0.998099671494504,0.7589718230207574,0.45442571746203264,0.34001618393834315,0.2744172926348017,0.7686722307555454,data_science
0.32326765807998026,0.7258416599118225,0.568951424916615,0.7384037837900588,0.40553432057275696,0.7451097324898369,0.6640170003879834,0.8700632901187796,0.270770878908501,0.7053503301671878,0.1694912737417771,0.4736113271602707,medicine
0.2923312432244287,0.30059505602896197,0.558292641407772,0.9313325154364526,0.9647267579662994,0.6973482705656693,0.4594043580874884,0.37778533526876945,0.8478323315671038,0.8859219548841226,0.8721088017519718,0.7483119069757016,marketing
0.286964748489763,0.4037248945843206,0.9637614257817736,0.23073059190217599,0.5839174958250385,0.22646246933329547,0.6743676805271603,0.6863959968747818,0.8153286036898068,0.4929841446771082,0.3665417238684242,0.19629035636449974,graphic_design
0.22532814517165856,0.8958182170120867,0.3171366753312483,0.27924360262717746,0.4073379085568944,0.18864016682008394,0.4902717725196723,0.5469910275771226,0.6721772958669304,0.24150627700119504,0.4968330429991665,0.5012902595292119,software_engineering
0.22027100190102022,0.7047602083561536,0.4363729864745734,0.05823926146816226,0.24185710461099988,0.6501100054206203,0.8107416798254847,0.925652503056969,0.4632274160475789,0.5141339705419911,0.22920990140294809,0.41760864363631717,data_science
0.6847899966730826,0.653371741233683,0.3733653153484642,0.9167873700989883,0.21355974242292633,0.8854873920505653,0.8662477588876993,0.5801273698436874,0.38547536151217304,0.7371615024932076,0.29075828816795407,0.53943762336469,medicine
0.4591829986725426,0.3930926730597065,0.5267034325805993,0.5399086850003477,0.8993979651060579,0.38178632153450043,0.47620652754148546,0.1785407086702365,0.5299172179111681,0.9853433588929793,0.8956726255261868,0.6124571623083986,marketing
0.5569339591387603,0.3358040554353679,0.9731835741811729,0.517263761658306,0.8066310270960537,0.1033997096409629,0.23214806324081522,0.2517643688713116,0.9907412438808669,0.5986008473251994,0.47963292621360315,0.5124660891226657,graphic_design
0.04553384044300262,0.6828569929136511,0.17468194968037548,0.12605250002830626,0.4614143941206327,0.31639163790979463,0.7818080953114054,0.8653275173010824,0.6252338425843609,0.5866700837537829,0.2203782146467434,0.718044599657858,software_engineering
0.2810161512019732,0.9097124194699548,0.16442532052488776,0.20614953465773184,0.14123607787959008,0.5807048968492863,0.962969274137943,0.9407167704211687,0.6390734562988791,0.5075397974916099,0.29286253634100284,0.4294097735444023,data_science
0.29765941193790374,0.7778190040567169,0.41779871943352304,0.8991294734612209,0.5979685775020245,0.81219386848186,0.7483100315258217,0.8927107882240913,0.48211313240903253,0.638193218605521,0.1482346979946845,0.452903134797855,medicine
0.4493483259670035,0.46608171625196393,0.7489072747506806,0.722383350750486,0.9143575039799418,0.26631162556381016,0.2996832034936841,0.5692401874656647,0.8391401623069709,0.9556112199364584,0.6615494216147567,0.671972424552561,marketing
0.22360352018156252,0.26944697297810727,0.7984835128976363,0.07946550383530307,0.46267829339908567,0.0753651199704575,0.10429934474980626,0.4821226633214213,0.8844014380856476,0.36505132097940934,0.4449255208379429,0.40152054650934815,graphic_design
0.18782578647851136,0.7257377923533447,0.5690172871648372,0.45522991243086147,0.10409140495323467,0.4725095499364143,0.4017693323441519,0.8933171223298169,0.3916995125110613,0.5226791454468189,0.6279004165232412,0.8273451951946371,software_engineering
0.22359915170905703,0.8676219727282896,0.29423533015061737,0.1903618362857897,0.21921907404205304,0.4619104875230964,0.8537252777913483,0.8908837715680974,0.4252529435637755,0.5049931724226463,0.2779915178149504,0.6277590900002873,data_science
0.672702824447244,0.8291925446647238,0.4301295392588716,0.8943860279174491,0.4616953576688477,0.9029320835713057,0.7156450829974796,0.783497972596866,0.030226674811050427,0.6462950664894126,0.2506289148777988,0.8829659122852664,medicine
0.06664071298809308,0.3187387336635869,0.6442505052040812,0.930296766410141,0.7568382413461894,0.5029678026796559,0.5591905489016384,0.31684243476366636,0.7446041391667352,0.9432758978819638,0.8346355306592437,0.8450819766375299,marketing
0.5143091010587434,0.6436798634941301,0.9698700686097497,0.31275040219128064,0.6101418394877886,0.35915036564652025,0.45930248741801155,0.4838756226976919,0.9008918417268231,0.7968374378713963,0.34797299339190046,0.46280984959902033,graphic_design
0.2968170818932691,0.9332889781218151,0.2775183605671002,0.15903261912457778,0.07088601317513553,0.4851740046172401,0.8966895983885449,0.6903608500943166,0.6741941905503034,0.26773049246711994,0.40538667933338,0.5615114090643886,software_engineering
0.2411469766635389,0.8890885271849429,0.2730384364952453,0.3785840617786732,0.22371848546078674,0.7562975685536176,0.7733708742289838,0.8702922419035224,0.4375953652900797,0.24769913837797397,0.472148846375635,0.6415555946568443,data_science
0.6233541939093041,0.907477284063469,0.18820539026439043,0.78073191216491,0.4599789901370875,0.7044361482122309,0.6987736221936909,0.744464963187271,0.0726233189878026,0.29815969282728605,0.06092100039042914,0.7211635496118116,medicine
0.2306965133522758,0.2088184154433498,0.6861354524228557,0.6870958246882054,0.9341466707003323,0.7066478232834235,0.3617653486222444,0.36815348778866763,0.5532778432432313,0.9604540954426035,0.925733720482253,0.5462138845798711,marketing
0.5672894157885664,0.2072607240319573,0.8351056198221593,0.3155425959192788,0.3684839551783872,0.23805224568289055,0.219726443278171,0.1831597604005348,0.8297435202030881,0.7595500320049997,0.32342813510775137,0.21866818870630758,graphic_design
0.5959073605902973,0.9148384947699894,0.14416325149319334,0.19831543952372796,0.09141651466814608,0.4609312537524503,0.545097615327894,0.8780987165957161,0.2908884643926597,0.2703774613997718,0.3730792862672777,0.7818671669259966,software_engineering
0.4253396783417717,0.9987778258847175,0.6360969475739403,0.32235410386427954,0.4438787798931855,0.7230268583640952,0.9967079328567302,0.9265454987488831,0.5355181683617539,0.864854628101563,0.09344773969359017,0.5902673512064222,data_science
0.5502512927269856,0.9148270308159677,0.5147539666016855,0.6988392521051163,0.4627815076636757,0.6156649167311703,0.6575686050468601,0.8983636269005105,0.20970475833952731,0.7737239326534464,0.13681576979592977,0.5929979751886849,medicine
0.44684523296485634,0.2092886006667332,0.5720245245961939,0.8101953822115473,0.9834349809237397,0.1811589443933946,0.4468162500309582,0.3266481476549079,0.6747324227617839,0.9735049465325901,0.4912192721149648,0.5502304226518722,marketing
0.7136698906313048,0.4858468592685792,0.6616149144457237,0.1075854759869946,0.4074153500302859,0.11794506931366998,0.5807301799178474,0.27127618383542473,0.9872420578775467,0.7104349236696754,0.20628969022666396,0.21974404460599473,graphic_design
0.2620193615968159,0.865618160394186,0.18878537993836858,0.23570006185270614,0.12034385435283462,0.585838649875182,0.8623196703574229,0.8509624714757958,0.32056430567140193,0.4406100865268465,0.41315257147286333,0.5513480446658371,software_engineering
0.1330178995873426,0.9271144353156288,0.07387939740691411,0.3276712514536605,0.2504001507860311,0.8405223374508054,0.9463174447733435,0.7749856009400855,0.2479010482493839,0.5448594670193514,0.39663064696803485,0.5857730465169387,data_science
0.5219212420901287,0.9062421341984331,0.3857334368313653,0.7180475167998026,0.14514598940872717,0.6865833436662921,0.5921688238450524,0.7459771149029136,0.21406351336238572,0.8532268441456532,0.1545661986907303,0.4176258845283002,medicine
0.24119305859698165,0.36587035127650125,0.7887613820929351,0.9066137731908837,0.9743390874768583,0.644918412994897,0.3439725256558172,0.6267647516742484,0.5766581864993949,0.8085155227793637,0.5705217368885009,0.435300518072392,marketing
0.3828594395377823,0.4610124838588024,0.7639860313786447,0.07139085527720375,0.3360176295746418,0.08628438831597894,0.35824958685972175,0.35177049782169467,0.9592982582823394,0.48098535005051785,0.33849302811795573,0.4968120688866695,graphic_design
0.663032112699633,0.5295314703607166,0.4892102747630742,0.30956174310193146,0.36871450748809637,0.40283842301921396,0.7887080888997929,0.8903411621951332,0.6218531275572918,0.4397905845451839,0.2097367484987239,0.7046593383843711,software_engineering
0.16430740052243495,0.9061097919627983,0.6680604926710734,0.11954198441890569,0.244323011084195,0.7684077690222013,0.8888132094635589,0.8937561885380962,0.4678341482888709,0.29975198761656535,0.07282020554859604,0.6738064738559659,data_science
0.5330819982299846,0.9423344789741662,0.05302469642224574,0.6389326435634072,0.38712924313187,0.68922388093852,0.6509074027760835,0.5850576573015226,0.3085639684193731,0.7106857199318358,0.12419575775803202,0.8029793991051094,medicine
0.38615069439996197,0.20862347712027596,0.570327989297059,0.7048918499940048,0.9873593536008768,0.38327458164411565,0.2305204257621923,0.48640792274609507,0.8000085142832739,0.9267079670050618,0.9033829950641133,0.6928960178406955,marketing
0.4217084481719336,0.530519855645293,0.7585565489653975,0.5082950531208186,0.7011737302919681,0.3978600690444463,0.40615046879535305,0.5731366869000019,0.6525180387804616,0.4942960849396165,0.6061539632069484,0.5023102909733392,graphic_design
0.27565272127189466,0.818036986863171,0.21507927623436215,0.12004669068811348,0.15311697265438123,0.42028377111301646,0.8916323454678541,0.8553900483385465,0.6520837061131561,0.43206951208897343,0.2596467023221392,0.801451273042031,software_engineering
0.13043580499388477,0.8649884552985779,0.30357857861432597,0.19955677136854494,0.4430189301067822,0.45745393374146515,0.9766676255675898,0.9508113114469869,0.2634488123178102,0.47687325243356543,0.2851247910679691,0.5238250456052916,data_science
0.2426874970718552,0.8638242183055533,0.06751865111498727,0.9106473062542673,0.39632085163837794,0.915206600398477,0.7322361081902077,0.6111817395159602,0.4767377368723929,0.3447164540442894,0.13956297774107038,0.8381129105767484,medicine
0.1529239705189429,0.3030728892412469,0.6047263304555769,0.8236990003346812,0.7442156579720701,0.6399326007735852,0.2791149140848425,0.31508190287799287,0.6569482053970619,0.7581384015617444,0.6009987203642824,0.6702780716916725,marketing
0.24404173968138446,0.3535559417854064,0.9887041380372863,0.16205141642921556,0.7391421053652568,0.48368353807969144,0.10799144744381788,0.39872673116818763,0.9019644331986885,0.8370848950414225,0.5665246969370673,0.11407114862013314,graphic_design
0.4872763322509103,0.7347423542778483,0.6548210034656791,0.5295629909638245,0.050430559555891416,0.3617314387189345,0.9216306755371793,0.8461142649426461,0.6609544221512832,0.5536221623976417,0.27026474686391255,0.5684656830741949,software_engineering
0.1738780438789569,0.7600391522397077,0.4477476936682301,0.005368829062675496,0.2084633577321432,0.663046613346468,0.8984170334928309,0.8834664236737837,0.25239450960148585,0.24116370283306376,0.38305042845320997,0.5090674853002387,data_science
0.64208836689728,0.7944732738460704,0.15323384064335147,0.950983800984625,0.2435743876220126,0.5376381399125006,0.793442032469677,0.716143148828564,0.3720787801420398,0.87614041822724,0.07293154504351097,0.5765038181396293,medicine
0.15219522842282698,0.49042846586792255,0.555477084743344,0.9245283367459362,0.9462546108404365,0.31948908442633,0.7140597454360167,0.5329760495442027,0.7364593847120348,0.5688975967885451,0.7975439933768399,0.6176594460885043,marketing
0.379263326138396,0.5739069368608376,0.9662822198142975,0.3745304547769571,0.6751180848704748,0.2526067031102428,0.19291356429214082,0.33856407608055417,0.9565361175090586,0.4573658606471065,0.23691507309885043,0.499251772627845,graphic_design
0.4504445723371376,0.737351956968216,0.19202818715464107,0.12441369001981714,0.5368969728225065,0.5288421551247797,0.5873217621696625,0.9519240780219902,0.6609046795996436,0.6953383525773562,0.5086683383131996,0.6337720925759511,software_engineering
0.07609505257261319,0.9288123685214077,0.5605746712346055,0.3532870686005979,0.4663404718888613,0.6419244939360096,0.7289946058848055,0.9977646750934398,0.43240466962945573,0.3865598323231304,0.3678754803298488,0.5427342190064584,data_science
0.593069957234888,0.8481667677731712,0.280834357474647,0.820324441163665,0.4626056768936119,0.7430653689440136,0.9003992877656956,0.8172819445219354,0.17753902524971932,0.7060156637993255,0.0603860139043873,0.7439511119887803,medicine
0.29811898692984995,0.27748039427349147,0.6181420634415629,0.3742975025467896,0.9308909318781879,0.29865037888901413,0.15066075843311724,0.6978203794611884,0.6450061415388585,0.923463980478068,0.8669393465690727,0.744191144245671,marketing
0.2538446583865559,0.33205985699615814,0.9383560313805684,0.14566892864379066,0.5103111253608328,0.49916943729118807,0.09358411272577223,0.20134598592948508,0.9480436611725797,0.7726320957535084,0.519478540744145,0.3745201572024889,graphic_design
0.16283381917827613,0.7521456764986069,0.40423585491815145,0.5136080348401842,0.09193927512615577,0.524480463254945,0.8505766637965042,0.9091757352169701,0.5235636193516482,0.347296974378803,0.6316778181102999,0.1575655816647004,software_engineering
0.12668491685203062,0.9535549294385484,0.5322339476594503,0.28681140669677574,0.491573842881584,0.3082247611124812,0.848618437282257,0.8855394673150265,0.42752487006088213,0.48949625900717436,0.3467302760674164,0.688956046717495,data_science
0.3135767427518237,0.733878322534307,0.18728430505785987,0.8212672549776755,0.2721550743499937,0.667148623174387,0.8007964484079232,0.6513149453811604,0.33188160537499195,0.8121507639114521,0.10484298635857275,0.5154881379045542,medicine
0.13396195615272913,0.4527305038992509,0.718574953805416,0.8254316790579311,0.9967511421336239,0.30093489249459343,0.5585240478110313,0.6143631041921632,0.7828378217554558,0.9175053927278061,0.7553458837710768,0.5020053717999103,marketing
0.25416864853990134,0.249691767332385,0.7911984577675755,0.2645164899047782,0.3188171083145076,0.034126838285373905,0.3238506239491742,0.3942423633884103,0.9738362659932045,0.7674509398285084,0.5577168850783051,0.3031598264953433,graphic_design
0.1413026520829594,0.8463154513808604,0.599753931229059,0.2510674870306551,0.48331024960840124,0.6084929750211028,0.7608349272566433,0.8660019271315366,0.5058769688765333,0.5568074517628792,0.3070633132813725,0.640513380683657,software_engineering
0.13381237842931273,0.9914795220222652,0.14290753663975492,0.19044620454743047,0.21568126739697083,0.6730834243441358,0.9199379286576798,0.9836788375784842,0.44839653614237057,0.2967341220063072,0.3277283696117959,0.8236173579130897,data_science
0.5910508432255721,0.6423362115760887,0.6311666417055702,0.800627137316439,0.1342645823714787,0.535863595281952,0.4341109502981485,0.5890045385012916,0.30245857109912405,0.6827721596780606,0.16986026776348573,0.7457249849749561,medicine
0.257483290049534,0.32933040419768134,0.6985239964115807,0.8015191923508777,0.8833588066461053,0.6984626716267553,0.44727550132982274,0.6479560188185775,0.8168038042672329,0.7776871881020049,0.5052345876407495,0.5239850551396611,marketing
0.26929314528517734,0.47833259548760215,0.9344645982103603,0.3215670846909869,0.34173357043390534,0.5247204930468086,0.33279794741108476,0.39032764391815544,0.951230407380021,0.6518325952278112,0.2808733037803476,0.43272891083348186,graphic_design
0.26329738727532725,0.7443984842054723,0.05677111965280113,0.21789795178761795,0.31585534468801135,0.3627932663889814,0.8366826399182336,0.8860911822016023,0.41654511805125616,0.24481816047483163,0.19607713691460477,0.37788262559626423,software_engineering
0.060064316367054595,0.9345205845993788,0.36399241838309415,0.297631199942896,0.30079955097359595,0.7188158949689366,0.7945143646017431,0.9183222679409448,0.3378459662020851,0.4555653244700985,0.2594194051709192,0.4810688250692597,data_science
0.5305946864555668,0.6877626964698429,0.10224529537193594,0.6301713327689171,0.5038020704924034,0.8510223836722083,0.48752079096503326,0.6902682261408166,0.24027484863579235,0.8349151434015307,0.2014778176462186,0.4954859299756718,medicine
0.09112653260128903,0.22700655368621786,0.5353800959024566,0.903095308563859,0.9966000798362197,0.3909422765156673,0.28955370516212675,0.7826675230181511,0.7801601424150388,0.9980574944478617,0.6506124515449818,0.6044536405547085,marketing
0.27586372657017044,0.4680785239637022,0.8257571506924004,0.30768835245327525,0.5081353553015183,0.27668801852433117,0.6344154779417331,0.29989529640105683,0.970931192229613,0.733539861214064,0.6925210457878973,0.6729013592380875,graphic_design
0.1684356650575825,0.809971305970046,0.18475191144247743,0.21652760788386977,0.1313818491362583,0.6165019830241054,0.8153408172941086,0.8685919951102277,0.5437016038577486,0.3016553326746532,0.5012392783027149,0.585604112943372,software_engineering
0.23486612588807632,0.9728411268870413,0.5152895760010329,0.2765877624881796,0.3459064614548213,0.6355278017179806,0.993146058304462,0.8400324134518576,0.4546885403959123,0.3927634391696331,0.33734248970417346,0.6928079888860286,data_science
0.6199735151217406,0.8300100156360323,0.6688139677120617,0.9370113533050116,0.2990250311691861,0.9622609261160636,0.5379045271963814,0.86826401242071,0.07721319617346398,0.536761640387763,0.20289793969158323,0.38775562134354247,medicine
0.14249047942997073,0.22845914658789168,0.3990187328331147,0.8064383291926106,0.9910206515325182,0.5305285715320912,0.14227734282687615,0.7838563376482957,0.8957459647375016,0.8897585313867339,0.31871518342783967,0.582179948101126,marketing
0.39112494885688087,0.8032764115183524,0.9649056614217887,0.3223889726274549,0.27498236110693397,0.2750599006513983,0.21566237600300442,0.36272832516519943,0.9943635880150633,0.6331236782198683,0.33327577414039855,0.7888321690415244,graphic_design
0.3139016847663468,0.8575283865532062,0.23719058719803168,0.16396837966161487,0.26542389569589,0.5080220759730745,0.5189582435720949,0.8380008517434715,0.7796724559053974,0.44906060771947537,0.20935474120041395,0.5327395479465039,software_engineering
0.4694574332314176,0.8397589378845398,0.38755060540600744,0.34127042870080176,0.338006588555533,0.5413219847765591,0.9576664000127628,0.8792678110009317,0.30740279058266934,0.48973165473823116,0.40490789555273016,0.7904202505710681,data_science
0.630072241569469,0.7888150547621242,0.12794565176082157,0.96040707006554,0.7214760254532718,0.7345218502656484,0.5512389362161122,0.5369922330135267,0.2032534497382316,0.7544999808088039,0.057680795866337536,0.5119515278890889,medicine
0.1790951708270414,0.30365799069144644,0.7076263695776137,0.7122917814115152,0.8556131259747207,0.3025121462352318,0.19827251689073447,0.5267279126297888,0.6835394700359657,0.9846413206623376,0.6747643974368154,0.7679577611203688,marketing
0.23019888604905045,0.5700198496806391,0.9107115066897608,0.25934077321086896,0.4814256885929967,0.07846388732173773,0.23929074092769625,0.48140452866432804,0.9623803984019318,0.8320491939093246,0.31851485469921137,0.5846061513195778,graphic_design
0.23098152869116004,0.7915091685094082,0.13509977466355824,0.39715781635121683,0.4626134149879911,0.3403111285470014,0.7974054478227681,0.6166877263261488,0.6082263237763585,0.25450190558567726,0.22860265133576005,0.4622501094506661,software_engineering
0.3408337171634721,0.9785494061719983,0.5471893230629216,0.2905962696280017,0.34006502459022997,0.5221115574445059,0.7730223858869851,0.8361742475204846,0.23898033283477374,0.5045750106388983,0.27946864868702037,0.4173392332790057,data_science
0.46921744698429646,0.778518003293376,0.3400351965178046,0.7170984535321068,0.4166023495943095,0.6121489894193943,0.7654698403007629,0.6318325260517226,0.21940602798953074,0.74052448031699,0.130580915397057,0.6619969219856472,medicine
0.25772231205829554,0.26286194025670745,0.833275496748681,0.6164998901611096,0.9031447673943824,0.30063933799149706,0.43517416501023937,0.31905055271888755,0.7777856149789888,0.9339295972836543,0.8704593632500577,0.7423403236731356,marketing
0.30461007843145005,0.5329731193893157,0.9051231329363387,0.11969690638907637,0.7266509781120731,0.18789608139232922,0.5055165567130169,0.30185367538734836,0.8608866872963464,0.7208772034018146,0.49688137767217394,0.18210213094617833,graphic_design
0.2296929254506693,0.5521491994688835,0.27768845371217815,0.2742863539965431,0.2683818027590552,0.6697559230766296,0.5960340638525269,0.7438267140881111,0.5272730376192105,0.3677683923506669,0.39181963333026676,0.4994628762134117,software_engineering
0.18875361152761475,0.9554904995446213,0.3475224409324249,0.5214280033355569,0.344708744866457,0.5370460817370323,0.9360764548969069,0.9474556360142403,0.3368990751702963,0.4969530761632844,0.26960971242533394,0.8097500784491808,data_science
0.35402131691021094,0.8943766958400784,0.4256975475610636,0.7459805830304773,0.32361649662995584,0.6101096295398731,0.6294657466108698,0.7034147492595852,0.26039429718146473,0.5489244838634726,0.27832354960446387,0.6418233658424343,medicine
0.17963976139689133,0.12763405742498432,0.6929251472715424,0.7332032365743207,0.9603666685916534,0.4894952728340105,0.3626235193670567,0.5116859736881245,0.6508856561238097,0.9041941571277602,0.6311720697179954,0.7218197763879552,marketing
0.5029992183420514,0.382550243146392,0.9876231188338155,0.33403585211162684,0.21643632992709286,0.4780035591248846,0.1466377300360566,0.18689747839146334,0.9945922264316281,0.8545218516923883,0.6044066754072503,0.4491613037178712,graphic_design
0.17798130424336572,0.7341669699267088,0.34991213627460793,0.03956826709943597,0.45700235236341563,0.757856689823436,0.8461024027665056,0.8794966582175124,0.6358444131604396,0.16696466616260935,0.5859310722343077,0.40063436403728303,software_engineering
0.4767366356708147,0.9946374493647316,0.3354195800945024,0.6342664567298,0.402786589275197,0.40413005987387846,0.8261324300603063,0.6992030909619019,0.30955340185794133,0.3431676157813626,0.31346597375997143,0.4846669941802431,data_science
0.4063280990913588,0.7339222438263593,0.3246525849833445,0.8912962249323177,0.3403787130280665,0.6900695532261606,0.6840377884711338,0.762428295246132,0.43585017396316617,0.8871370338866796,0.16657500087148952,0.6797520919576353,medicine
0.4593872879167124,0.23243736656074268,0.7356868552383966,0.8221667427096891,0.8230986118583412,0.4490823460131326,0.6081831994016568,0.6198738233738298,0.4615585938445596,0.8163278729735816,0.659233129973271,0.5573919703441716,marketing
0.2878186995674646,0.22981433937883786,0.7588126306163248,0.2641250872892227,0.5030250990233623,0.1929424616691013,0.18879670885641867,0.2669903468487,0.9202555470764033,0.6122360905137799,0.34545499921721073,0.18219255984520738,graphic_design
0.5687911185285739,0.8797552326399235,0.4659776740992542,0.19904429666426543,0.6024165007503319,0.4064081420654969,0.7482306389486791,0.9604232100608646,0.5230435370810573,0.24054049902375924,0.38045246520080434,0.4809539204686236,software_engineering
0.23181585465576537,0.9783349035257624,0.3519376039230371,0.2608829864638579,0.614311347208179,0.4777815011009497,0.8660177489230126,0.8159201648563909,0.4772550095566479,0.4756935431490871,0.43579486017886593,0.5692919414010961,data_science
0.5475794486117396,0.8116301229648513,0.3774183907986677,0.8217788228594503,0.5632375258692388,0.6244399867064419,0.5225883492449244,0.5546590531279905,0.15602436600829647,0.8847026797893366,0.3091154779662165,0.801673641078409,medicine
0.34180288046935176,0.20883946395775232,0.798650418984737,0.9022175102770547,0.8724182742973253,0.2886305525395523,0.4424147106113333,0.43113069517440133,0.6215411394262734,0.86309136731238,0.8387227048607241,0.5325794550424605,marketing
0.5611107057095333,0.3757178899920465,0.9426124314603945,0.43239191444206193,0.44782745622106007,0.36704012944688175,0.21002161757591306,0.11081749662541088,0.9716839070854936,0.6746394079456244,0.2920964681274096,0.31823263858472106,graphic_design
0.1941422946121857,0.6969676160992032,0.04756163858522418,0.1998088115546291,0.27330151771647193,0.5748713177456382,0.9563861058381508,0.8339937163313147,0.44058835321278683,0.2751304415797974,0.4298819964771502,0.3732940841829243,software_engineering
0.16928125379420156,0.9359655552107601,0.2493803065328129,0.5105035943927857,0.24988662843336626,0.6567373716905488,0.9947592371758666,0.44724915747236327,0.5863532223454879,0.786568161659677,0.14730830199991402,0.48861558688197604,data_science
0.5179154458975088,0.6244993184141028,0.27710023018869234,0.7214200515243548,0.28367235473265473,0.6429233065810146,0.6053189430453133,0.7900023966373007,0.17522449119013392,0.6619010557793101,0.18017926023240383,0.6584051649177001,medicine
0.21894663534059322,0.40043718936849193,0.5719339792247625,0.696200674738736,0.7066112258032115,0.4874551308914954,0.243311485398637,0.8151134950753609,0.5135590652448421,0.9797661212156289,0.5409174519589524,0.6526078543796355,marketing
0.45841748764966117,0.5585720629921772,0.9347725230938575,0.5728126979157558,0.29927397328157335,0.3819570302765053,0.4016504171325302,0.2958401453999226,0.8846154011081051,0.6012459204756316,0.6642750841269371,0.41384681102533805,graphic_design
0.26405616789991115,0.8510794245772259,0.31023078141630983,0.18509951189364934,0.5471650665850385,0.6476867577636339,0.7256793839337854,0.8207989623096381,0.5503931726519556,0.3302298632140719,0.4221629216862052,0.516065931227618,software_engineering
0.36161278330861546,0.7635824157126814,0.4518300138123387,0.3295373157256849,0.11755873089732743,0.7491004751708562,0.9144541602779626,0.9996593072816534,0.37603130343434843,0.38538224455011905,0.3546727859433316,0.5911054154077263,data_science
0.6567039657669219,0.7035844696798639,0.1316909045249032,0.6712559413549478,0.33128155731703157,0.7322632349622227,0.5516134138689146,0.7857693744823251,0.22054082818298515,0.7492142147770546,0.2187432731537641,0.566244049169431,medicine
0.17071352848546922,0.29599422864644803,0.5838781106928195,0.49250553553239235,0.8656240231609986,0.4434105091831881,0.3573975277328287,0.7907939200947588,0.6814040614208127,0.5951015516669498,0.5742677257769772,0.6790635285573812,marketing
0.3217523649267514,0.33189224347723556,0.6371675474122518,0.13396997493775906,0.628236227755791,0.329573009468998,0.7062000700874795,0.35083948015455535,0.861112200349609,0.6009355844475865,0.31911806556669303,0.6320134344935969,graphic_design
0.17173467194647293,0.9477865546457267,0.24142369487526505,0.447994863786074,0.18767378211119887,0.6512441272947069,0.6418435802876873,0.6524531389188493,0.5850678353055895,0.5573706347561388,0.594708395699597,0.6690328044186611,software_engineering
0.21969722598426905,0.9593131427365339,0.22447105557568778,0.1045753240863351,0.2087005392850637,0.3632510350119608,0.9901537244584889,0.8845546182301803,0.5038270627222258,0.6290384246616235,0.1976685669305902,0.671346505331648,data_science
0.790520790451903,0.8724586484757867,0.27480217011333796,0.7546074474862314,0.37779120119576254,0.6579205674265011,0.6980172919947578,0.416479628500743,0.2422607740188139,0.7815908170442489,0.2133027668855345,0.855584005664788,medicine
0.315454538140427,0.31434324155397125,0.5933448660561029,0.4822677999642504,0.9926913178630646,0.3393134005191143,0.4945562122956099,0.38588034033127167,0.7499391394500777,0.9787262856244209,0.9384304798075248,0.710959873409338,marketing
0.4236641743369613,0.4877600798978952,0.9685709036859833,0.4002408272037386,0.326127498960923,0.3561657886794082,0.056075504681040576,0.42775964382357995,0.8829322837731636,0.3413442126152447,0.47191336353362023,0.2620382795026764,graphic_design
0.15268650823498991,0.7161692275435626,0.17070377104370762,0.23824162499711557,0.146704717298766,0.6489511780271005,0.8493556392730516,0.9407482574165307,0.5783661810872621,0.1003541444328864,0.3811130874468045,0.644111991803509,software_engineering
0.6137570008763946,0.7306680496170981,0.17606844989248688,0.23737670202075442,0.3463132378688826,0.6748706440260941,0.9355690015417746,0.9715580240773923,0.3715734509405588,0.5673427364772007,0.18738971618831834,0.14878973562370953,data_science
0.39577171536116823,0.8487270454048702,0.31075751942033336,0.8641474841325454,0.5268463193948403,0.8023202903360931,0.6864336530134421,0.7787948778604762,0.15717307045399512,0.924616363611803,0.12554771513488133,0.4665135966724376,medicine
0.41053194954720096,0.15718834940095502,0.5344370982688236,0.8186656338544331,0.9809161683657006,0.5101362780188304,0.5048314674576864,0.5130552462185742,0.44797019186086257,0.8936924667821246,0.7069632022067885,0.8292607439558257,marketing
0.5699023020845814,0.36834025999432546,0.8958614507226137,0.167427789933384,0.8243548302385004,0.30773890498334266,0.19650328859630165,0.4356798550283448,0.9729471167036402,0.7466483897031537,0.42053477105124293,0.14505706238750088,graphic_design
0.012988555304853225,0.9518183426572497,0.42724031844645505,0.4343145659499199,0.19789498740364145,0.4826667342547647,0.8855756697971372,0.8610068771172932,0.17503732561712657,0.6467928351848995,0.4313945570834735,0.4817138443616377,software_engineering
0.1256980319783426,0.9517379525618388,0.5680400261218254,0.33533624893367003,0.3125628629300618,0.5756495356896647,0.933329386590407,0.7923657426363535,0.5154819240944571,0.5500466676353936,0.24817825314488987,0.6441596538644883,data_science
0.4436360628534094,0.9394588042817351,0.24395279517151788,0.7935394345879946,0.4505428184346856,0.725747876070097,0.48278871650851746,0.9107647360086549,0.3289923412757101,0.48077447020282427,0.10588278873803486,0.6174361075429015,medicine
0.1813510803373044,0.5623839048326983,0.894668748631439,0.9242571970498326,0.7699412547728374,0.15705807343575967,0.2172682738406197,0.6685005510042646,0.8633522431793694,0.9677227136129164,0.5205910895263569,0.6988042834482283,marketing
0.14064426448353692,0.5587483138553707,0.9102748273325281,0.2645282114842227,0.36581417388209386,0.15984335632840663,0.5519085399641153,0.2310719558264684,0.8882834142230859,0.8887375078109554,0.4451812763507646,0.5063237613553596,graphic_design
0.0873493524060757,0.9608634330584613,0.18582053496947173,0.21594973525390446,0.349033772874317,0.47518133479836705,0.7506121415055275,0.9010380131378605,0.37507673801093117,0.22840449041559938,0.2168126760038789,0.7251255857942318,software_engineering
0.3534516256187924,0.8843956977257762,0.4480386350408891,0.1820698140151791,0.22743991012479928,0.6912507559437945,0.9732047015780105,0.9213030248797756,0.5471989253757915,0.4091509902713284,0.3289696285800449,0.5681406414283681,data_science
0.5911926370151676,0.7583535683430737,0.333277420503695,0.8520559401806351,0.33525261401047296,0.6538346311027604,0.6436587916161772,0.4155540541773451,0.3075304271544871,0.6435926916699458,0.2331418768100307,0.5101305239799353,medicine
0.45500166423812877,0.35689479611061803,0.8728063621641685,0.9202191648401326,0.9615992356249933,0.40651141910519945,0.30317123294930937,0.6299875182782761,0.7014939620037451,0.3753659516598504,0.7866490240157183,0.5924139668251663,marketing
0.6808769221306497,0.434826416433941,0.9902457947326045,0.4213896759578536,0.5985124141580455,0.7033364684533276,0.17113089602939716,0.6585522673372384,0.9988526984726424,0.472828345819553,0.39442160935094334,0.5444253698054994,graphic_design
0.5050897904283845,0.9648130556746534,0.5977594899047434,0.19844861696184754,0.513183238705651,0.5199632622844069,0.7964964812014743,0.6205746141375041,0.7749410549420702,0.36258085911388277,0.6444300688570404,0.7365957368117584,software_engineering
0.05219831276521928,0.8262548033149308,0.3697027471953782,0.18027876616605584,0.1959706290990199,0.6062754777807503,0.9949766526163242,0.7975175924821538,0.30742475040290745,0.42283128735449815,0.23238639229639738,0.6954789723750576,data_science
0.32964634661521236,0.522595002964898,0.6428675716427618,0.9600968949991451,0.5225487549552164,0.8307278696412475,0.6835258569738586,0.7662139754258828,0.34436760536444494,0.6985447862134552,0.4485040976362858,0.6855888809493335,medicine
0.4333544588822441,0.13349321878490725,0.6778731731609605,0.7450797119605876,0.9676855013660604,0.49091837387319526,0.4284071442656324,0.4913360637665867,0.6990945789277294,0.8600303223149919,0.7405692980159734,0.5220289303929744,marketing
0.4258252325383058,0.3141480603868989,0.9534565937348347,0.24648662139929786,0.4156681732016996,0.21954526956326692,0.3004217652128743,0.4226723567720321,0.9407112200022427,0.7251789201115112,0.43954924501709985,0.2453892116562097,graphic_design
0.1780409052703536,0.9117890589148593,0.38144320836937057,0.05142172528479055,0.29032066158348485,0.7802503091090064,0.6981214880459446,0.9989903744020971,0.599094865331454,0.3777523332202432,0.3544959463153296,0.7210917771980521,software_engineering
0.5314870850547596,0.9507550582006516,0.40205650952418553,0.328673260998123,0.3555835005201712,0.5579692285085842,0.8860091194739864,0.9615582731496516,0.5540417021670005,0.6997589446560754,0.38908440558905816,0.6851212538324638,data_science
0.4316165528325441,0.8625278839420321,0.1666061870623347,0.9702293201670633,0.4109281096901855,0.6640499649464955,0.5264573505117938,0.7443977043912683,0.29134043829555584,0.6826915898404079,0.15280646417490748,0.3365609442600074,medicine
0.10587491336780779,0.46667970536227626,0.7035416129137211,0.8411017844400082,0.7691054141502219,0.5199612083514226,0.45797196454424943,0.4914432868249479,0.7290199725850344,0.9151683887563351,0.7486597266806466,0.6954017085854087,marketing
0.5363137288349198,0.4351516659021485,0.9362546722789414,0.24688786871328972,0.47200581426167354,0.2184182235417389,0.4113808698032335,0.355039052315344,0.9140668717195573,0.6463337552812667,0.6555208850240467,0.5147409782744737,graphic_design
0.21289824353414374,0.9533677953061355,0.5644315403317197,0.4448337307069025,0.3191749228287579,0.3158565071132896,0.7684903258798185,0.7951053817438485,0.8099084991919958,0.22571103935823086,0.35613892486564785,0.728391123608562,software_engineering
0.23295387841031248,0.9128124692450397,0.3203825389198424,0.40150272558146105,0.2878479555290525,0.6236203397595464,0.9428561843738695,0.8651526964374159,0.39157983699768145,0.5063574955588888,0.5208117618356018,0.5049029110068891,data_science
0.29633653197497867,0.6103358171774217,0.2769310057049287,0.7458929535638029,0.29742199084562115,0.8278485836539927,0.6959288079834888,0.361300800968308,0.106490080983658,0.7785374983886433,0.33104155569773047,0.5120279237915054,medicine
0.45590990763876343,0.14818895248890052,0.8181763603170757,0.7828070484174747,0.7681403631814248,0.2522906918020484,0.4788846547677901,0.5601470963495842,0.7312690685080512,0.9891062777914892,0.6488740013096632,0.6493554670256261,marketing
0.4194667668125587,0.3279704659359497,0.866895640254943,0.16159397166926007,0.5415096313653956,0.587932984436184,0.321845025918629,0.6996887092597721,0.8293563857070104,0.5736889117296557,0.43762948323089934,0.3299003849213188,graphic_design
0.6493478359723609,0.89351687338333,0.05860671454817566,0.4544026919244442,0.09749403433233653,0.23455500203668278,0.44171384936051283,0.86540577052463,0.850980723876416,0.4681258905422683,0.3695831698950559,0.6097562825407864,software_engineering
0.18569374658028523,0.9827053468444095,0.3438515078350288,0.6365050527018932,0.21911686913791567,0.3651413998511261,0.9213143147304211,0.9353207063478564,0.44165895622094975,0.37322967866615075,0.2986376559774436,0.335350647025506,data_science
0.5636602716957353,0.983609131486196,0.23544511639622168,0.8262038113260809,0.5436655049925476,0.6311728358799659,0.354046285780874,0.7475124680618876,0.3864269386247115,0.79496470557361,0.08322460089425537,0.7705566831616569,medicine
0.5361425372136595,0.46630832481448165,0.5864461901684836,0.9053691751831804,0.9980275803242722,0.5765435453713063,0.5628974978377279,0.6512816141134619,0.8953276808532189,0.9846530910558046,0.7550864459280167,0.7326080823686654,marketing
0.27044635315526966,0.417750868489353,0.9843125086753537,0.23241170912258205,0.5470292887487197,0.4810420002321965,0.5023293471390974,0.2688672894220658,0.9391633271354114,0.6105213261626755,0.5145320299584397,0.19742133984846977,graphic_design
0.574893705202291,0.7825030694289798,0.6979496496337325,0.02437648584047455,0.12975556867637694,0.354745555496258,0.915367039742779,0.6930601413989916,0.20846487002483602,0.3200682869303349,0.6157415247425153,0.6557938962797205,software_engineering
0.35417210934761495,0.9731206759841119,0.2549027963283379,0.49839762863723247,0.10379989160205298,0.7906185159354825,0.8735111988955793,0.8843665058945147,0.17828642997886435,0.566436541994946,0.3101095993145759,0.3516858415198476,data_science
0.470421273438724,0.9095910314681823,0.37950860172996964,0.8113449686186687,0.4409188939652442,0.7200351639648005,0.4276318138163202,0.5759620500301947,0.507892740355591,0.6663656368296631,0.2763715908273324,0.8530466585959828,medicine
0.3078117466342355,0.17871430112551623,0.8523694640697146,0.9082598876775448,0.9974361942447445,0.386117601917009,0.3627144487562855,0.436544569798473,0.73918830607783,0.8407751475809226,0.7425083309675521,0.46551546125229304,marketing
0.590254586339589,0.18599063566535753,0.9303173482894639,0.11885284893532769,0.4472424870268344,0.37518598135799247,0.43071100631841724,0.4305732438749015,0.8896974438794196,0.7593707565169968,0.3751874312258964,0.4384229977849085,graphic_design
0.4120862434107397,0.34914589415249114,0.1659277846999729,0.45877661412485143,0.25083156703293513,0.5941541473320454,0.7421173427854882,0.6241946594630591,0.552891459025598,0.08615898768786284,0.6003197677875993,0.7579214426731178,software_engineering
0.2739354425880061,0.9784981770090933,0.36615270071779066,0.25460210459098875,0.4003215884127187,0.8544384928909061,0.6384247140761977,0.9385024232634249,0.6209237433120365,0.4523383034226455,0.5612001420594167,0.5584237039952143,data_science
0.5701906761924693,0.47142289557284767,0.03981266189752148,0.9515962623076359,0.29141176745153674,0.7994424820308065,0.6935368718362411,0.6674782480372577,0.11910541738609776,0.4811177208629494,0.5296816464643956,0.7954483856575895,medicine
0.3547997744478073,0.33059346340683066,0.6754091001738574,0.9104673216337377,0.9909204963129766,0.14912715095837187,0.4095531911543517,0.4033670473482256,0.833256259538563,0.8993458875838245,0.6737823730519784,0.7593069512832629,marketing
0.23375659068119378,0.34081520443758184,0.7962609918865884,0.06312613680259459,0.4724965488061144,0.10279466765682199,0.2632556308665636,0.20463947607247904,0.8329483711042298,0.5019979036476879,0.5374660606738833,0.39312935356818723,graphic_design
0.28803315317700035,0.8066148948027555,0.11413851390291452,0.1325955930241458,0.27907830294303076,0.5683853287084523,0.7647837750286736,0.8801540561058855,0.4687418831281432,0.3536810247776491,0.2925125047428948,0.6360306853113544,software_engineering
0.3296549785082715,0.9568731325283467,0.23063234605474653,0.4163627481502918,0.19642996186352865,0.47145837147924435,0.7799899814414958,0.9892200387715135,0.24741087231083916,0.46946251587453225,0.22198010570141302,0.5343361400036192,data_science
0.7130364667484014,0.7177703686101515,0.4010405105025914,0.939851857229905,0.5994289106426065,0.6929403585598434,0.6310225268508235,0.8165920048493589,0.20472288851916695,0.5616961069962245,0.14633470533160414,0.7042119893402354,medicine
0.5327632013026052,0.1858207041309527,0.739221740369679,0.9214406600139984,0.966656739510051,0.6394767832983487,0.3279904710575486,0.5575237005997546,0.5015041219161344,0.991048272242326,0.9264161327725589,0.6333256051656421,marketing
0.4911899285064307,0.21378391358015011,0.8588633416280869,0.114879240105081,0.38901054064449314,0.12947398794174944,0.391129099533247,0.4734219256404825,0.9865507141283979,0.7871470422212844,0.6927679384290586,0.6607053988869752,graphic_design
0.17037719538614857,0.9129109305537885,0.17352279894040126,0.0828776878105494,0.21965245943872513,0.49514637888660695,0.5127785751099577,0.9849478353850779,0.7641836184008252,0.6497867387025056,0.14387023073343314,0.8784433073387332,software_engineering
0.6942307777891022,0.956965916718532,0.33118894714557895,0.7029771309559071,0.33369870309927524,0.7463087241399569,0.9119127941970072,0.8414291486775338,0.41582996888495527,0.3858861618543632,0.23956394966451025,0.44551920289427,data_science
0.400111805568973,0.8426297744830913,0.10841608835624114,0.6620092649646936,0.28300790950553933,0.8693185942293195,0.8531952403639699,0.6597792662399936,0.3527901368684686,0.8723849974409036,0.12373102098594196,0.4265958539226142,medicine
0.15271517142002777,0.20978068065554084,0.816524856779804,0.8420161751069066,0.9659786937571259,0.2885204262600792,0.726739736880561,0.4936906643442686,0.7948867011456574,0.9804622482076448,0.4494205096316285,0.7158612507284214,marketing
0.5477995405777554,0.3311476611563176,0.9677945282423408,0.5075064218402929,0.5545543538833182,0.08519490979597971,0.2209696008433836,0.5341504892147602,0.8999949006325448,0.3539301455287528,0.4350044552734016,0.26840998741256183,graphic_design
0.6172915324251436,0.5347874754546641,0.11265369169714773,0.45637956826786996,0.3721615047670803,0.7257612904110969,0.7554022506813484,0.6405750123112101,0.3794614876446616,0.537965837247695,0.5872171645676887,0.5606872072815589,software_engineering
0.33318373814724667,0.8627251756287978,0.45759613618427303,0.3228917828485179,0.17271135604088622,0.6300905809721172,0.8409678405971905,0.9184486945068379,0.2503873830905481,0.5380287569545542,0.5676399621003299,0.6150012966816243,data_science
0.5164252338916718,0.6865749798015232,0.15311677381909025,0.7574738168965219,0.5230201062504539,0.793449429331767,0.7370128873782852,0.9774291523220431,0.29462043895740975,0.8860738267183947,0.2908628551635838,0.769303371773036,medicine
0.2754838704954215,0.7710169688131924,0.7114299238512937,0.8378371329093467,0.8922120206217482,0.49384316936779227,0.529133912322873,0.790916773764703,0.6690398597685027,0.9446486070798441,0.727826854799882,0.619612376998973,marketing
0.6022177518040999,0.47700588166981,0.9598376168101487,0.1807207948703446,0.6257532892219515,0.2614706985500079,0.43019629193965886,0.1243022667892239,0.9231890509102368,0.7460894677864448,0.40371744646271873,0.42473668239792856,graphic_design
0.35880798385193596,0.9671887401862842,0.15189679024633054,0.043608018643062324,0.44820139866639847,0.6309529689344201,0.5512747162976466,0.798013299568698,0.40938441259554964,0.533071312908598,0.39398928637611735,0.8841032707044802,software_engineering
0.27028062467780917,0.9879863454793651,0.14017276941166448,0.03310019638942753,0.31515697419980293,0.5516470322795906,0.8487192570844002,0.9531553567835827,0.44628872694025185,0.7174439060427688,0.3880787331848807,0.4518092031179217,data_science
0.5471462037200036,0.7156693138868668,0.4296209247245084,0.8941519578409406,0.3204949076456722,0.7724351803512112,0.6338894992684801,0.6312883208677967,0.3375942125614447,0.7049246225422584,0.22702282472787463,0.6936040347553178,medicine
0.6308038359597229,0.3441246282748105,0.6930712929595402,0.6263929314656755,0.9625772892674156,0.5019624584545882,0.40936817192900044,0.3170618533721249,0.7940360918525855,0.8001769779958102,0.6248855305100128,0.6001006406879965,marketing
0.3979279569417069,0.489381629987256,0.9162603061893514,0.10930334789953874,0.6187679774241744,0.30964174547365825,0.24842963130685045,0.2490989949367824,0.880343813146908,0.5511686818671925,0.6018462077944774,0.23006840140628737,graphic_design
0.19865986336578725,0.9760098689360529,0.29110026832398145,0.3228045350856098,0.1588103125959674,0.4104403288857596,0.9247084489181825,0.8141199096291603,0.5380945406551942,0.5984343877517512,0.3120798819104383,0.7921558602192862,software_engineering
0.46619510141651993,0.9960880367828935,0.3067226833291329,0.3343432071688844,0.43966078690978294,0.8182325950145751,0.9411390464273949,0.8016886259707338,0.5508696034809768,0.5271644816682627,0.2379116817861355,0.7875880272877043,data_science
0.5437283498594211,0.68381580404983,0.1621875628173163,0.9304837574208485,0.22671207902604967,0.7174647534447498,0.6303892618777619,0.5793481981175197,0.4824611591396941,0.8833984995690116,0.19144467172015545,0.8143484228012151,medicine
0.10513308367716706,0.5634470537403713,0.43389613202980426,0.7362582048971084,0.8133263061650319,0.29200926414139894,0.6149317033943077,0.6116141447853621,0.8059642953659852,0.8703589486171972,0.7034850473958765,0.5195936809082543,marketing
0.09612768230496886,0.08331844090870828,0.8447856180798521,0.19926182699996697,0.37996335797981273,0.3704638412611804,0.3169811788971693,0.3488346606605757,0.9614514441966706,0.3497583030744823,0.6435769130219098,0.5964935132175238,graphic_design
0.5373630133308306,0.8037801764551739,0.05098103529561871,0.3751770275798266,0.17627555196708908,0.2952653261845156,0.8598965375894662,0.7724492942914427,0.4811708865223938,0.5868756536930583,0.3463634922558071,0.5615824789961614,software_engineering
0.14157427845437567,0.9924372201437661,0.2559410173230521,0.20851772838157856,0.13196178346754125,0.5197988864297546,0.9980554564427067,0.9449392172881069,0.49271964322921075,0.4737442262090431,0.22414814644792272,0.6868581408817633,data_science
0.6408333420523535,0.7338349895199026,0.16037184907472932,0.6599038119066618,0.7805183338447477,0.7347355051001474,0.8064407729266274,0.7911871884138759,0.20702597036601345,0.6919550026500082,0.07305883116468276,0.4831361356797642,medicine
0.33633188351262205,0.43500371240939184,0.8112452868201574,0.9278395087092498,0.8836630565010781,0.29757645686062095,0.3297827051261736,0.5103720068568398,0.7227876174254206,0.865939424975832,0.372530676090779,0.4402163927715661,marketing
0.11674023721579242,0.32895690038166014,0.8910235727624883,0.1456710992985199,0.4150891035175163,0.11060964408661687,0.5328086923996852,0.4988763195404923,0.9734698607267398,0.5078408541859871,0.4374860401865922,0.4848126264211886,graphic_design
0.11291158421475943,0.7901643819212224,0.5732187870351891,0.21554695531005025,0.3138485809002585,0.3173378955670827,0.8539416873576615,0.8351558573749626,0.8406338468167179,0.23862227122771792,0.42904444793965807,0.6921770154536193,software_engineering
0.4664331237069186,0.9048214780423334,0.22233960084894497,0.5944587614262844,0.2787980689555329,0.7342339638846576,0.9729774541762278,0.9960203329982565,0.32901799084801453,0.492578441647475,0.4637956671296532,0.3382949107151455,data_science
0.38994450565595234,0.7476961751336463,0.1077622215321104,0.8341732396836574,0.4484108560119811,0.8700868103561885,0.516961505766216,0.4889290908565327,0.2554704486547924,0.8087690618204193,0.35558223234420827,0.5899448319634355,medicine
0.46266045138140555,0.16372510312822128,0.5140552510852122,0.9442197181760463,0.7761256916441249,0.35233534222009794,0.3298598161306909,0.5164108409468178,0.6125689964116778,0.9550100894606962,0.6084707624343814,0.3894923500752876,marketing
0.27388209811220426,0.20914368791526577,0.9777879120797246,0.2625361145958479,0.6358116683240226,0.33368855243263396,0.37653020610591614,0.295960888739612,0.9548611515598715,0.7929948043268557,0.6836162035941492,0.4384693805631087,graphic_design
0.36149533527647004,0.9238494402976254,0.43760789399921257,0.12842124753293382,0.06158381032181962,0.29135305984768906,0.5713625291743664,0.7521132614663163,0.5783571109205294,0.25881275266063064,0.39500287705280396,0.5900600861643757,software_engineering
0.060771504384880236,0.7637968825196918,0.2095367623017121,0.2047914315836461,0.4571303847625129,0.7761227255121376,0.6616633124781202,0.8578707195916496,0.1867718568838821,0.6043920207189863,0.4889993541272952,0.35256460426518965,data_science
0.58989395625765,0.6998464897159763,0.2357813730516791,0.8219952127737271,0.48399381640132394,0.9503781572516001,0.6574441388199065,0.7634114919328527,0.2894695656135681,0.6966534902789624,0.2741995103983478,0.44209320498278676,medicine
0.21727623477930832,0.33897355684317665,0.6762907657857214,0.8179318657827093,0.715438600358325,0.27595327143078346,0.2576805309477781,0.36122621110494535,0.45556862825452826,0.9573084643828336,0.7010486211482434,0.8415120270985437,marketing
0.36948488415382325,0.3789787728649153,0.9939168908222213,0.261297261956328,0.7238329598396569,0.6483941036002123,0.484363613939227,0.5062223181174589,0.9940187399505438,0.5098986127006694,0.4212425605994331,0.3431108824428958,graphic_design
0.2837707488507603,0.9183296222828249,0.40001543415678587,0.2070760783007431,0.29477262366847223,0.6376938999671622,0.7426503874945217,0.755557776656387,0.4228781223091798,0.2936186248185396,0.5044436099821643,0.8732878573590426,software_engineering
0.39858390469363253,0.9860227852770221,0.14471480968380196,0.39297608129998407,0.25134495242161,0.814623507282635,0.9216168845632201,0.8920281672898357,0.11413765737339725,0.4203440480267352,0.24680066094351416,0.3654490346224743,data_science
0.44366474060564354,0.7955556443537724,0.5617858838073093,0.7772557077535045,0.24926625400493085,0.7583793173805421,0.5596985540852383,0.542799025375615,0.13515740139099544,0.7390643176988614,0.2620638174858562,0.47049758841748907,medicine
0.10637669093236302,0.11802627826808482,0.7667979154644977,0.8672527672128146,0.913842693846009,0.7284490016535925,0.18998855321979166,0.6140272896751476,0.5435218640406475,0.8560307863139802,0.9114568613070476,0.47755748150594907,marketing
0.6086664530341985,0.33622139568003573,0.9704038783657973,0.18219988181153424,0.41094767059742077,0.2845030205686533,0.1588812030352919,0.4091970853713965,0.9863435739034557,0.7403353284988715,0.5958444558070376,0.5143210342644583,graphic_design
0.5720729879826312,0.7766612876289458,0.11596795563622822,0.4089112338985274,0.3957185894337244,0.6678505554480798,0.8765579183028358,0.836040774169702,0.8009349611141983,0.5603617055649427,0.7117209839194464,0.6488496143187785,software_engineering
0.20023690970350216,0.9180483313765283,0.3273488515036448,0.11390349343985272,0.3106498129676169,0.4448634099305518,0.9741995663901302,0.9268762189799155,0.4276734492085934,0.39764879425003075,0.13773479918717735,0.3051537996226024,data_science
0.45955914184746455,0.8714765431969508,0.18545066732906804,0.9096636054867886,0.36811307005647825,0.7587751699117062,0.5559137787510066,0.9089449049292129,0.7598386043176215,0.8851398810049823,0.30468116141073465,0.59156018089866,medicine
0.19549507682979908,0.26369130660023443,0.5863626113002417,0.8620476226235284,0.9962528804028449,0.5310531327052195,0.19460545349579272,0.15887879210175487,0.8196375954652296,0.9565337517867645,0.5739822649827121,0.6152375565226044,marketing
0.5742893107645298,0.4005997919610436,0.9989454127766507,0.2440963034082198,0.4919962604977036,0.14539798011963614,0.2992305409125262,0.3337927135822737,0.9979740852787309,0.7360407803501806,0.3954769931009027,0.14091776863625735,graphic_design
0.21036514378906385,0.9421742827534108,0.21360169836925091,0.20889375135604316,0.48899558489231887,0.7698041687866332,0.8469600643741001,0.9485077238897358,0.7896337032695923,0.38158473107104457,0.27619970469092114,0.8898113591452758,software_engineering
0.31894066601007215,0.9909976331659004,0.15475188572416093,0.2944270762098219,0.299256580207423,0.7250050691426305,0.67739247693167,0.9167934089712412,0.5985556823247873,0.6162757865468373,0.2774725754228558,0.32704741964612005,data_science
0.5092757335538779,0.8625855544230219,0.03282669365154996,0.444515422681486,0.5798848167200003,0.4913781822964531,0.7634788687941344,0.8030463348472081,0.40982445540074036,0.6508734812779251,0.121917234014595,0.8697046411041899,medicine
0.2311315572988999,0.48471219765777346,0.7573550758313655,0.8066943424873004,0.8940566162299822,0.7148713502358732,0.6063961911869444,0.36882337580659363,0.6055445491077818,0.9318744983401833,0.5970665600558915,0.5075401727457509,marketing
0.6103285611313627,0.280288919762451,0.9698491137281106,0.2883743762662043,0.6745528031226946,0.3591218806577317,0.4188997794086765,0.37363545855278096,0.83660376715441,0.8270577979733292,0.47757892343349195,0.5540855504096036,graphic_design
0.14379185808078895,0.9181996560993531,0.07369361532086093,0.5721597349921962,0.4488910163540579,0.757719894677617,0.817123723675608,0.8961411961546363,0.4253978096897776,0.1674681304046636,0.3978726355463011,0.5731763298098635,software_engineering
0.33013161177951983,0.9588201332554821,0.2500876375893781,0.43754641079711254,0.4293796305826716,0.5662510991424078,0.856255564462,0.9515650043589226,0.2699732642209068,0.45261971169466503,0.22891112864757543,0.6026047945591091,data_science
0.6565921292725353,0.8540068188871798,0.07521308308584758,0.6697193956415396,0.2580752069352517,0.9375980024688478,0.5965127497451846,0.7686454525771671,0.18854420522461512,0.8081650516988116,0.08059433061817883,0.4598648436708922,medicine
0.312207959982066,0.050395935460650736,0.6865157048824618,0.6457344190899085,0.8921765704774635,0.49542279385827254,0.4587713165252454,0.6570713717364631,0.7238529594372839,0.9116565464379016,0.7648858579238673,0.3961159053561344,marketing
0.2365695878493401,0.41047514899591775,0.7853840860704278,0.20528790318668347,0.5371891605301847,0.21800462245043417,0.22221494634478334,0.30955245601023573,0.8683378296199786,0.6504304323488306,0.39717922813944023,0.1943502226344993,graphic_design
0.3978017675841423,0.8851542954057109,0.038536517041027354,0.06708034354440559,0.0852293614099942,0.3405486818348622,0.9150337955185469,0.5559456739798581,0.4081246533540177,0.6145816632090183,0.3547410830547417,0.6915677075580784,software_engineering
0.2538586966933763,0.9557395410560584,0.2627609520456942,0.21146492934322744,0.1962117132012246,0.6456416344120691,0.8830634926621409,0.9863478989318439,0.6037634329353315,0.28361119312480965,0.15476240196795174,0.2647141102194339,data_science
0.716504216321353,0.6160967047941861,0.19975981573078802,0.8753309474828503,0.38972988104878337,0.83859563911801,0.469286504690515,0.5153174545112188,0.3914076255900024,0.4692178418726323,0.19963899663669946,0.9267859856114263,medicine
0.3138565695822653,0.27469157717273657,0.6012345092019898,0.880842428649937,0.9769972859106402,0.2866692967050812,0.40798210442502103,0.6240312208374916,0.8264565887752151,0.8372289320698304,0.49942513552230744,0.6088994226470792,marketing
0.3292674389437169,0.3200183822154828,0.8061799878169563,0.0908323027458795,0.407982562260205,0.08935007180431717,0.428135739728728,0.6336237224242226,0.9275051941040399,0.5916833404713999,0.33339860137943017,0.5404082875426988,graphic_design
0.0931284850640972,0.9272602582923899,0.17873396881478829,0.17600201782637234,0.28825075520137955,0.7836677895869086,0.9304298088067778,0.6279533906974246,0.469844427113971,0.5449521531858663,0.38890346356457534,0.3501050886874958,software_engineering
0.5941907706488934,0.9518539751763432,0.5128929001166519,0.09437529858549568,0.3536106211299634,0.40885500108428474,0.9309863248010699,0.8088888436565538,0.1579745763512408,0.5193360989133647,0.48044909317105766,0.24562125652474573,data_science
0.7155413257233557,0.8623554108662207,0.5889055747333315,0.7879101723438464,0.21102618367479167,0.7832207662015711,0.7237256860228221,0.5417665280644216,0.2107846581908083,0.43626369701262835,0.3896902264908482,0.6433773722547388,medicine
0.20531895521434299,0.17964202297851722,0.6286017280816167,0.8462989594912972,0.8147947923108358,0.3042655955481689,0.3533978554025896,0.3078714544832669,0.7395802326112386,0.8010897415224375,0.5509040418652432,0.6682412549201093,marketing
0.3926620055968136,0.34958836700294127,0.9581331094845499,0.6858995027703518,0.42139452708077113,0.17733244324414218,0.26220753376467304,0.5069998687710032,0.8719265366296887,0.47393871999474735,0.5193688189399193,0.450061646954197,graphic_design
0.16654120934228897,0.9000986734752509,0.18083475338213317,0.1350689017451421,0.30456497626799894,0.3822919890505482,0.7714615168892512,0.9276155740957287,0.7477319718567162,0.6481692341126314,0.24384933461001831,0.5155207429698473,software_engineering
0.7939636417434509,0.740611330431153,0.5103294252231794,0.3387328924043261,0.49672268102595774,0.640000412107263,0.9911511870359676,0.8554981527452461,0.42889107904313345,0.6666570977866187,0.38162294447694717,0.4514437936800562,data_science
0.6584716894591716,0.7856264994082528,0.3686294206501203,0.9334321581864041,0.39600328852415784,0.8569527782563146,0.48338301830856023,0.6903607481523886,0.3002444063447743,0.8440189465485158,0.22459253593277656,0.4342814753682783,medicine
0.2952010387212487,0.2800816625387446,0.465339149347817,0.7380896716950065,0.9748585230457938,0.45774520820447345,0.20706672292748682,0.4215293680555517,0.49602240077256654,0.906410442974515,0.8614072901234752,0.45915843094308406,marketing
0.12786020063590556,0.36870327235324885,0.918323625659373,0.10190187562423783,0.6173227376243237,0.2503700291947476,0.47589929726366037,0.5488459971810935,0.9166852587031575,0.6202544362243296,0.6954281351398338,0.32863624259821594,graphic_design
0.17726184650034724,0.7554474813774068,0.24563201806054857,0.3517818529161792,0.4167875458775867,0.41766471116017634,0.5445023733248537,0.8678055834247312,0.698044734597209,0.34727027495037033,0.3469785630892877,0.39138106132119094,software_engineering
0.27447982348702854,0.9316652297754932,0.10977195183463385,0.010301891700069319,0.17537860384925383,0.4513531377855805,0.8770592448740382,0.7785780017880466,0.22099592959242026,0.5646202277424586,0.12685962701647863,0.5670895300492576,data_science
0.5194286160645603,0.9865514150836493,0.161511362904884,0.7247127936810474,0.39441269951169733,0.7935958211561129,0.24100704433646344,0.6638506914465486,0.1618529609570448,0.800624233627913,0.1339412676672744,0.5829619747599608,medicine
0.09366590771958712,0.24521788568047123,0.45550507298215936,0.623650908249135,0.77015408693185,0.4402518702171226,0.581092131933955,0.4913426968837162,0.6241320690058105,0.9256102693244529,0.8073811776100557,0.2767808176119451,marketing
0.30325985241635217,0.29338400091139,0.9406719968917946,0.17457464891053487,0.5649192111167227,0.3623912108288361,0.3873620800882636,0.28989098444060024,0.7486299380763601,0.4205212654319061,0.4799365911464834,0.5467862220200431,graphic_design
0.16229818156574688,0.880581148806851,0.2504771155566195,0.11169825819886811,0.21045012497404783,0.638535925893917,0.9322009011377248,0.8865795970027375,0.5898021826514419,0.21041458134338775,0.267303512547724,0.47700522130118633,software_engineering
0.40918313739069573,0.9270008339201425,0.05103645985491319,0.34637470800461717,0.046965751895239286,0.774999210704217,0.8541011130644529,0.9767940293022828,0.2393784778702508,0.6207724440926499,0.031137097137155702,0.3344715739370582,data_science
0.32300656799222605,0.9235538648032133,0.6548046994863455,0.8269957962491298,0.6221090670984365,0.5352905746193712,0.7900373570187351,0.7218462636669365,0.3266553204131166,0.69161749332805,0.22068941258288483,0.6194168509041361,medicine
0.5156792119436655,0.3238729787781081,0.7859404690933185,0.83263185918242,0.9232282739608498,0.59189045887072,0.7373321356198923,0.4673951513469773,0.5719862010058833,0.979227828000688,0.614399578192302,0.5772647604657068,marketing
0.23781184971045186,0.4003223336371775,0.9649478522619013,0.350356832655782,0.33393690414842964,0.1326902255240229,0.19354100283661768,0.2425619494902092,0.8736842187148187,0.7567051366870252,0.5829484831047086,0.4005946167932456,graphic_design
0.17044610261902982,0.8583682096831271,0.27438842876970293,0.427913317640945,0.16187420668869773,0.32881346411334395,0.6832994771806884,0.9166456924645648,0.42658296651294014,0.34984590793479897,0.7475705454592946,0.42149898596349367,software_engineering
0.14429971078327067,0.8835578443150446,0.5188493252052017,0.2862381437772914,0.32392464899484835,0.7587950916860262,0.9869718566732769,0.8684088316396774,0.22396802469375654,0.5294903402314358,0.174099348632147,0.5603535739186856,data_science
0.6701615583406751,0.337841817201151,0.30304545066998007,0.9223943987081515,0.4085213982626462,0.536992582886026,0.760235212944777,0.6345340917525251,0.5675561961244772,0.8788196987270883,0.1484731336636972,0.4445842060471455,medicine
0.5494943058838945,0.1695308920459772,0.3841232592922464,0.9285718003739993,0.9035869075384778,0.21463528464297005,0.39171876024678326,0.37957239566679085,0.9238689491784531,0.7481458344737759,0.8612522696602363,0.5605038633322984,marketing
0.5722453139729361,0.3061098348306804,0.9416620630317927,0.03895850292962478,0.6696163810035975,0.39499592595856403,0.23641118281356038,0.3740066123024056,0.9746863242579801,0.7055970505214473,0.28423966547644197,0.20374674664879044,graphic_design
0.1529823031893184,0.9421744136013089,0.17178102153411093,0.237837476804992,0.34716921476415685,0.3723384432611668,0.6848953472367418,0.9790573669951563,0.7653264659603046,0.36752607659334985,0.5398801861523528,0.5769816984289095,software_engineering
0.6181374347489517,0.9406466128312656,0.13342950909990814,0.32197993350032184,0.040890781337936936,0.6283284328027124,0.9493381395701438,0.8603873092978822,0.4058330074483966,0.5182772212465054,0.26556785937606375,0.4900312954288977,data_science
0.32920455587646863,0.7087698915646797,0.2791071826668192,0.8183672089670511,0.4871974527607499,0.5580896690960419,0.7165046087751636,0.6368370399611069,0.41462565738353974,0.6218528006019942,0.0557830067350989,0.549788368875447,medicine
0.3542309215879272,0.32307541375228116,0.6127092024275277,0.9546960513068294,0.9934598354628502,0.31355089819755494,0.2884565726508021,0.5345488959923672,0.6666442376648136,0.9417988560154854,0.7697157982748909,0.754374267981741,marketing
0.3419699688467217,0.28175294306544096,0.7043211629171264,0.1038316341024458,0.553517695232017,0.27722630123049186,0.30559289963584946,0.4999648891211657,0.9739277591213401,0.6865576461612597,0.4345626747548003,0.3919404793660695,graphic_design
0.3863813907185648,0.8963512095988609,0.4570375935571062,0.36852053026448334,0.09275072239236658,0.6887486654912811,0.8972448329287704,0.8470793281611246,0.6367654982799191,0.20205907554395056,0.2454232222292056,0.5623293478958724,software_engineering
0.11589903432141459,0.8668392193279664,0.2889941109964411,0.4481714356469632,0.3093490549152705,0.41019949849063025,0.9948389486297218,0.9617368682995461,0.5443634949749795,0.42609746417799815,0.05321982482749119,0.622936144261673,data_science
0.39819327964429907,0.7000051631049657,0.33921880812847194,0.5702831864133898,0.4698205180212719,0.9006365538908793,0.6648477001425958,0.8389701498280986,0.5093077416015174,0.627596981104535,0.09221690352390072,0.6340090084554931,medicine
0.2608267796996955,0.3527673091339823,0.592372480325293,0.9274994022460203,0.8053233666061069,0.4839061053460591,0.2758787755359454,0.4254409535138333,0.4014537195399912,0.8640112534456337,0.9485924029589735,0.730764800930473,marketing
0.44132504886907525,0.22889313075584244,0.9100339680754709,0.07157298350855049,0.20169876565482953,0.4450523346733564,0.0362741820122601,0.28397175241202105,0.9371766230849355,0.6937409346394484,0.4460045678224265,0.18229263916171018,graphic_design
0.040890015974273476,0.9380644511134884,0.1033356755709711,0.35000129324971896,0.4070010882156731,0.4479454789477231,0.90042264125621,0.8745313904815176,0.40206866806436603,0.3046524496673559,0.3090283968206609,0.6688702457102625,software_engineering
0.3898962669810745,0.9914624550947475,0.34098678248677633,0.2172150239049113,0.18897660012436937,0.3866135763403061,0.9244682844227561,0.9998135861967651,0.6393643522973034,0.4989647456664258,0.2436664553521334,0.2846245228756369,data_science
0.6430405663358755,0.708374456325062,0.42305973265043695,0.6477503761956733,0.13853122819544225,0.6639087270136913,0.5443498084856142,0.8303625873220115,0.35963087363420876,0.5671651431362985,0.11325232825084425,0.8103463469142503,medicine
0.43363994795461547,0.23190314859702776,0.4924212678318771,0.9356205850629821,0.975716053538935,0.283375335941668,0.49104309434053134,0.5469598492525156,0.7321907349122051,0.9022615408904346,0.7026407341412352,0.7592082406809002,marketing
0.1943383226714932,0.37613571501904547,0.8799043948027226,0.22298037549346872,0.5989656112263514,0.6009051310128741,0.37738826439439727,0.3681696906664354,0.8955324077055894,0.6950943304430514,0.6346127847578349,0.11892760975193695,graphic_design
0.23567383279199702,0.796580175548919,0.30793191697989003,0.0540923689775606,0.444763183951097,0.5075441428628618,0.7706882813140973,0.8873675108068607,0.6020313483565746,0.5143927771242061,0.3691248870705624,0.629339528910437,software_engineering
0.502958553710107,0.8325780788591954,0.1839117591891657,0.6391441508191142,0.19618277290572148,0.6351671368023383,0.9596776441420445,0.9063393344797405,0.47120562096048413,0.3386003954896275,0.1905169590855627,0.601868136930121,data_science
0.3302064266408716,0.8713364242893601,0.03540828450128376,0.6485462036756365,0.4200042674960988,0.6416990689756602,0.39654685418053803,0.44463813242299477,0.40448213689256335,0.7249501980538147,0.14559252560460667,0.7671244960548143,medicine
0.19284005493016468,0.5546282253718079,0.8101904315388331,0.5498364852966661,0.9770858647181888,0.608693770496536,0.460584823545975,0.6477058907748776,0.7760012141754167,0.8586647425414217,0.8012006036408077,0.6432084442380728,marketing
0.39873543465935524,0.23631130253004676,0.9138096427717782,0.272633452198084,0.31101434097241415,0.22463125182475147,0.2666926152099231,0.4489893723409807,0.9175230518713501,0.8192548159707849,0.4837782552369178,0.46323904961371876,graphic_design
0.08458687565299107,0.7234737244136885,0.17079327061875327,0.3177643397024943,0.2944408605615576,0.4974327487061749,0.7088549516407788,0.5849939163541764,0.68592733049059,0.18862674963016773,0.4241404263972286,0.30840215347005717,software_engineering
0.5494230117557105,0.9391275103722687,0.2516963115503821,0.33054092708675137,0.5198963578611667,0.7641312789414878,0.9661069954870162,0.9006629401787252,0.3323076692868257,0.7496003909349993,0.283524611310575,0.5638973877274431,data_science
0.4307073662536169,0.5163984697874039,0.3726941346242727,0.9801429364848449,0.4920161543879846,0.6990247143482206,0.48115717938500435,0.8317486830187736,0.2664632323015377,0.6318995664321275,0.2105742509702798,0.6296628259663541,medicine
0.3291585890432726,0.4821624979568121,0.6806412289368567,0.6403321937821085,0.9270007772927782,0.5219165346116538,0.38306680528387793,0.6142854878292986,0.6481836474741043,0.974202538938824,0.4986066006715758,0.3962613372827679,marketing
0.6392594126589245,0.4825622340567797,0.9811432322707542,0.3375024273155918,0.4447245694221654,0.16751853463743788,0.21608487389259956,0.37967618562433847,0.9727932653723772,0.7010390283249996,0.688302224904522,0.38859013736530645,graphic_design
0.11978124927996907,0.8501741991712494,0.3382828465012565,0.42562080660396556,0.26417030194897867,0.36071840275034905,0.7148865113759107,0.9778338372655287,0.8342454463733905,0.1941133641797654,0.34129013529623403,0.7020647317461528,software_engineering
0.6081569247294613,0.7533309382788357,0.2390935697983055,0.5863723391198765,0.19483422578344126,0.7264566784765176,0.8888335896706866,0.9667677910023127,0.439335865116444,0.41228172698799187,0.46889729552756515,0.4514113696628709,data_science
0.6439121080095614,0.8560966510540631,0.39335452636417434,0.7393685272429655,0.6872437467845198,0.6219440433548552,0.6701195355717747,0.7953896534542926,0.14943801161620232,0.9217373202361723,0.06567802881104512,0.920881306579109,medicine
0.3813483857337033,0.4848012467784326,0.38190923124746706,0.688855708840441,0.8743428822410143,0.5511072644722741,0.35864229559976657,0.6345046061898797,0.6153989756535987,0.6602790124555554,0.8074155266725351,0.6652130782325749,marketing
0.2891094746457007,0.603437108239812,0.9792065387547203,0.10098112105908173,0.8281044228832832,0.08732744430766161,0.23814051801091127,0.47241475049607107,0.9826535322605104,0.59465005339031,0.46411631150290966,0.26508395136442225,graphic_design
0.47408932532782705,0.6625584467609466,0.2953023258946291,0.3350283371806393,0.10002119743804228,0.42567906274859246,0.6157405952120353,0.7594617792697002,0.6767967614942922,0.6179515067723889,0.35983544646884735,0.3492976406811626,software_engineering
0.33740896233332535,0.9951644641533571,0.3155352778142147,0.16111200818354499,0.2504947635846066,0.34509566918706425,0.9665593703407204,0.9869881709315639,0.28901055724571934,0.489733141544967,0.5228798739328188,0.7176435298304787,data_science
0.6145861933192419,0.7972752153065327,0.2484071426775622,0.8274673190021616,0.21221102920393753,0.8373847085070394,0.5185725187823148,0.6644841555451908,0.05337972208406176,0.35369441622010106,0.1601417741799256,0.6126633462269465,medicine
0.007047121550771775,0.2705101929331019,0.69684093591772,0.6871037546823794,0.9656562623545909,0.32535534972174246,0.05666650450488104,0.5045979206032766,0.691751320892806,0.9985039673591292,0.6623678393779696,0.6247039333284913,marketing
0.4537056166058823,0.14804888583190615,0.9989569414544845,0.16544508424378038,0.4306200453505238,0.16413205473307027,0.29955195113615757,0.4959059136924541,0.8272923028264121,0.5765503729533652,0.7713096597510548,0.5539008282863112,graphic_design
0.44520563079974274,0.916624058353421,0.14483326764716736,0.3422742322300688,0.15454088063149424,0.20616710334883978,0.8369712056443604,0.9486093393204507,0.38615954137763675,0.3372331500331264,0.3753004529339136,0.5639551347273796,software_engineering
0.2690197725799021,0.7775983340169046,0.23192315257110244,0.28008475569864655,0.17005676386288204,0.684510479279003,0.9825840176671453,0.8110928378137956,0.32082568650856486,0.5248891186091461,0.548473510414108,0.6032199244973943,data_science
0.5265598515923395,0.9859514794710978,0.19052479368552042,0.9039101043440171,0.22948305618711237,0.7027820255011831,0.4542190969525392,0.8523841427678897,0.18405727374499006,0.8127151184867756,0.3179284794253161,0.6552382550717514,medicine
0.13063656691986592,0.15390887036920156,0.8438748844402653,0.7777387768196888,0.7221273323570879,0.7859704631930008,0.2940529589147092,0.6565244153471798,0.474382924637851,0.7496445417498788,0.784560054885903,0.3524189190276439,marketing
0.5274081096948476,0.20396635070186997,0.9672662363947024,0.38109991460191234,0.5667556076121705,0.0745297224512866,0.23755862180885629,0.3293987423059566,0.7419144036707475,0.44758250561647084,0.5385050646512787,0.47986084317387734,graphic_design
0.0925555183767859,0.6860850855128897,0.3392679926640103,0.18175124341897958,0.10618611413447414,0.43508592115142364,0.8237480090647047,0.7472918445993647,0.6920053039834921,0.6946272663841941,0.4139222200211584,0.43279488258418425,software_engineering
0.2633279995054381,0.9616331941022609,0.28297860208311637,0.4863601532905345,0.5044175787964187,0.4588934123029928,0.8735956210211862,0.8358659392258072,0.6337322490008397,0.43122815626418093,0.08606236432248845,0.7952196381770005,data_science
0.5122313410479674,0.9209187205428307,0.37977029534253093,0.9932006442628672,0.37252674183696344,0.8173275939465069,0.4736402797947764,0.6599251854367992,0.2997875205241655,0.6482006151448203,0.16359132862332013,0.5971127668986302,medicine
0.36959061626327244,0.23212346190474792,0.8057913167454852,0.775681998709862,0.9759834725931863,0.515826745186561,0.6320788376543205,0.2594757690045918,0.8220484121449098,0.9748430364185602,0.6662348890220612,0.8089857399000222,marketing
0.5103243194082092,0.1731014256452351,0.9093667519598677,0.130707814553873,0.2936715952795121,0.36043626647774374,0.36083529265419584,0.3409685217244554,0.8202666144114198,0.43145907637455716,0.518359990220465,0.28335378005184514,graphic_design
0.09120021965906097,0.9393385569871481,0.37618365350969224,0.3827394340106731,0.07016284809296179,0.6405717265381822,0.5994647786360714,0.7368300869794238,0.34146992204274274,0.40465424651491705,0.6334894019968867,0.700049122460674,software_engineering
0.0462833776467785,0.96586337570021,0.29735835145573075,0.5614606595872211,0.3442641392985475,0.5921386628650902,0.997430585637274,0.9913396619859504,0.629684212750643,0.5752783290153344,0.4428715910993808,0.6284404928258309,data_science
0.4860372251808618,0.8236084381536717,0.21882523715802785,0.6521227332342326,0.2821352189008206,0.8683157584904122,0.42539971094967605,0.6826044166398402,0.3176264268542853,0.5180127725995706,0.06412984909610871,0.7753640410663556,medicine
0.44974813335048247,0.3564780155289419,0.7879917625680699,0.5915858894491202,0.9170555285665296,0.3745328239590624,0.3207238214341274,0.17202546966280532,0.7752975639855807,0.9625756578002381,0.711265162202761,0.5952491471991376,marketing
0.4421969091593917,0.40368793534712577,0.9961409115007704,0.12344988767378273,0.5865974445502297,0.23848968912147941,0.18466211305531033,0.5717324701033436,0.8380162935295428,0.7314775154082679,0.6418951404431937,0.6640773378015947,graphic_design
0.5219690411919459,0.8961549797671681,0.3017862458539681,0.32894532428117096,0.17792337754106383,0.7461079687047691,0.8706933455158599,0.6220118937233167,0.43165419014286416,0.3746247160785896,0.6121883443862058,0.28159037359873756,software_engineering
0.26608878731718016,0.9555920303718911,0.4465265351703948,0.2698994609118652,0.3564355688538356,0.6903070733600543,0.9947996511950952,0.9477051657142683,0.18362541941753374,0.5749338823412413,0.3957953016940603,0.3912091131838712,data_science
0.6308160821292045,0.8176921118229328,0.24147035721512353,0.8495917286248481,0.6925651010038996,0.9703753937096917,0.6072527847538801,0.6884779509518666,0.17352566736126362,0.6182308916087229,0.2593510664483735,0.5390788243024361,medicine
0.23789408780781757,0.26112052692490656,0.5719801263533558,0.897181733546646,0.965267841496097,0.371572366324947,0.5549975830197735,0.3582778339238357,0.6991161545257621,0.9490377910785734,0.6424208551056545,0.36202481660754576,marketing
0.24610967415848614,0.3420009395928881,0.9828348969338498,0.07550461677248348,0.24598545353599008,0.14411124010923304,0.12263932503697005,0.3873917769082737,0.9975416119733586,0.28666810074874055,0.47671088229288644,0.48170162030630786,graphic_design
0.16830312771080816,0.9746801773006126,0.45027122747788806,0.1417427577092742,0.33831371780998665,0.3611097319650012,0.8181995540879143,0.9645037296514254,0.9210195701197029,0.662883046312027,0.42077904167014585,0.5618555677249115,software_engineering
0.44734153640928503,0.9777590068377582,0.09023545160100865,0.1856909154714685,0.14214362381315643,0.7734084496319501,0.9987701621589014,0.9168191267392168,0.464479274256817,0.6921654821146229,0.5710016110574144,0.11446743106516051,data_science
0.6904036077150303,0.7553495943771508,0.27621983704568503,0.7605014908751082,0.13455818553282273,0.5378329186747659,0.657965923412161,0.7057754388773497,0.3464391132802315,0.7320914260226258,0.037320009210781886,0.6428634076052095,medicine
0.42554517447888707,0.14627446318283308,0.5470518939889124,0.8154862736409718,0.957886031860697,0.45066843861708733,0.6625820266333109,0.44033266995161335,0.4578480611763779,0.9078735951421326,0.43824154381258196,0.6238712164847426,marketing
0.6259016626634315,0.4275602377053523,0.9796815972519917,0.2646409567173696,0.28025214445553664,0.29832737546628546,0.27563349332566667,0.2807759005230397,0.9618871091055672,0.49025294961087545,0.5174132812754074,0.22094573983250934,graphic_design
0.6551642006310493,0.8955275185210638,0.4877652563027121,0.1811992858825757,0.41840087757336625,0.7028684760265049,0.844508970005665,0.9029776286927558,0.36944960630081447,0.48273151868033576,0.4976542216831179,0.4672401925578334,software_engineering
0.17092871317639055,0.6803245353068484,0.6045933357708239,0.30698717527399594,0.2989440951557979,0.404106682347996,0.6638602171479397,0.9481704038950123,0.47883696131433234,0.2290316689205948,0.47101478799755425,0.7549675895759953,data_science
0.5597905461322112,0.7483862575355537,0.33985714372418757,0.6824637236133408,0.5949039510392916,0.7138171102666138,0.6929864057535476,0.7728012563253831,0.358794067291175,0.683629224883124,0.06055552270850029,0.5465387919872939,medicine
0.13169644287712853,0.3631215091090437,0.48415352435473974,0.7953696908959341,0.8372112932753653,0.3513626604167552,0.3637628317191403,0.5986107736928584,0.9325882821004456,0.7599889318245718,0.7634445764679447,0.7394362837421606,marketing
0.494130096991528,0.46054733607283177,0.9642872132029013,0.3024761837068336,0.4211125815363783,0.35800167812759776,0.0847972068399352,0.3595879260028338,0.974953732953752,0.6238264870492386,0.4967842684462785,0.20306468267956806,graphic_design
0.038933981763224164,0.5711147115328209,0.4685000948272613,0.1738502796605997,0.025601520201615737,0.5354132336282402,0.6368644418701979,0.9651235639755407,0.7356986721762483,0.6174288230456684,0.29096017145401426,0.7624825466777759,software_engineering
0.35651186543667474,0.6788284905019432,0.17002812133465228,0.6977607332923523,0.285602354280507,0.46400599326003644,0.918654215547676,0.8300836722373767,0.27829199331682497,0.6244651727078944,0.5502792847207982,0.6060526630346492,data_science
0.6010117787325164,0.9687425603194574,0.2279611478544183,0.7268968648246639,0.22172893906836114,0.6418786198883133,0.5305158704753957,0.6415478886096928,0.3442000397429795,0.7910405733070104,0.3417247696770804,0.5684406306270505,medicine
0.17653818501044993,0.22213081815227162,0.5591306754837666,0.8382993917278981,0.7720681204513082,0.37497693372050583,0.3799970979810575,0.16228004833368637,0.7984180766708918,0.9304782033698183,0.3633022532986684,0.472217024091094,marketing
0.20325150843871495,0.4052076972298114,0.9912882320552672,0.34336020806095036,0.6948213265187603,0.09067413983184353,0.1643661605503809,0.34663742206116843,0.9976401063948862,0.7129900661383899,0.5703136446423741,0.3844824765304915,graphic_design
0.7959135060813649,0.8721047144119402,0.14547346085451435,0.4815798878379648,0.4407078314271478,0.5826458638812919,0.8214604100819227,0.6780040865887207,0.7360823045747867,0.21197654415631845,0.5302810178681833,0.5649328285669869,software_engineering
0.0506192876622031,0.880353226722157,0.30518982185935173,0.29699467854794775,0.20716057869914303,0.5508455636181806,0.9912862827228243,0.7902680160377481,0.6018807127406322,0.6166568386180504,0.4227236073872262,0.6405257765884779,data_science
0.6847366520111456,0.9097077605403554,0.10427801202533364,0.9290694638217043,0.5999722797899317,0.7782249429126945,0.5367636387693935,0.7293618150826947,0.3668553731349854,0.6425211458376625,0.015554835506943997,0.6105460609402718,medicine
0.4827817783404203,0.2659063060595644,0.8907831541734826,0.40138069255881237,0.9635899348597877,0.3220376605701898,0.1652485431997255,0.758862056362975,0.7491418188674678,0.8659876844493574,0.6232162337270982,0.36044092997319294,marketing
0.7266683844210436,0.3801834953683625,0.9265272143624896,0.48056023172642687,0.4964790267909369,0.593250211064662,0.2195323664819477,0.27873537243880786,0.9246811968670137,0.5592138398226257,0.23051359964051815,0.1704848799949868,graphic_design
0.1347443549196677,0.8887122285901226,0.35579894895124253,0.2860485384353675,0.07333914486076883,0.39296069494252467,0.6918683660526096,0.8298822260212119,0.4035843174427796,0.4886276375198534,0.4681936025431986,0.45501996980226717,software_engineering
0.4226857005226663,0.8797479430134301,0.25104168959761936,0.12712437199526158,0.22955966877555017,0.317134639101422,0.9737366357315197,0.8688759117688442,0.27025395557495596,0.34915888936192374,0.3873242945371245,0.4472860913030023,data_science
0.7677781929167244,0.8767271261512777,0.27494814791001065,0.9141475696204894,0.24300086116735778,0.7245112579097032,0.5897728270124994,0.7702701975168793,0.2816030102364904,0.8429097540330168,0.43851150900202746,0.6554530932207546,medicine
0.09834081926630747,0.5406844466972711,0.6890849174663249,0.8154884793452707,0.8026476006331154,0.5380663249361286,0.3545266483665058,0.3968138583894529,0.6488923258590157,0.9179109188043109,0.86188719775411,0.6736389997116284,marketing
0.27219745421793623,0.3118382125843202,0.8710901527334777,0.19583340116555195,0.15066202550942956,0.1676075889027972,0.3553769778505794,0.200983366598105,0.9829363892028241,0.7234809027697373,0.3333082045424281,0.6311460726351386,graphic_design
0.1661661755385473,0.6987786260885241,0.40954393313092224,0.6338910178612004,0.4271904628994212,0.6405736336136713,0.6162469493442491,0.8145510054561602,0.6291987555662057,0.49579232829705056,0.2776702986122892,0.49808915098636225,software_engineering
0.1807447051298724,0.9520820049203084,0.5452303651197458,0.44410714217438524,0.34566979860160935,0.5800844454724609,0.8850007733645466,0.9205856905103654,0.21461807936263452,0.37071354351261576,0.3981342356933465,0.45906455966614496,data_science
0.1389440552015734,0.8560150390352088,0.032165956377805824,0.8878410158052069,0.2360455876946855,0.6308264657487642,0.6894180407286339,0.9194078904016895,0.32964147988336384,0.3667605055434566,0.11986244755936057,0.47972396019922225,medicine
0.5325177574568561,0.1714497760632722,0.6813771512521953,0.9267872870760032,0.880321726397585,0.6041871817384004,0.5534013088642966,0.4207351083302358,0.6925704003360007,0.8895577245917741,0.744565466362823,0.599253231953799,marketing
0.2859339409997529,0.3707947249840887,0.788595612114807,0.7049402855775289,0.8888300461414333,0.07927625769806641,0.10811385956104169,0.19515988130485856,0.7372254866326526,0.42633856552368304,0.4007364261416645,0.35597051760931037,graphic_design
0.16552672348082945,0.8060532819126838,0.140605361536395,0.19285757791483923,0.3316850644849664,0.5300050155595568,0.6867562844031027,0.8191759234600665,0.5528094232608113,0.1255720732777724,0.8661219015870757,0.8762658051126521,software_engineering
0.5505143133210351,0.9606944738479694,0.26625622870609905,0.15733660801511462,0.6548970471928588,0.6015258061804359,0.8944995805872632,0.9935059815043586,0.4727388262324498,0.47358473058564554,0.24996708827868602,0.706839281326584,data_science
0.7483677940246017,0.7469237073920078,0.3363370061030693,0.5176975522388768,0.5153414637723047,0.6376262229890373,0.7155162309973885,0.8436724495539639,0.264350663047461,0.5813693788889406,0.10574017545663869,0.7026553113193748,medicine
0.7544111508347856,0.17803952277689042,0.6041414709231014,0.6836629447184221,0.9824065358866266,0.6665380177838899,0.3058755209822881,0.45011464787415334,0.7206014386242953,0.8428457635947206,0.5815430133758211,0.6891089099304548,marketing
0.34752002037329255,0.45422473958099036,0.8856307511914494,0.12159529188283838,0.4927192994082646,0.06830278287777702,0.2938494973201701,0.6876443270630339,0.8769168372442526,0.27393281289978005,0.5178350254538359,0.4505558270238948,graphic_design
0.09826564542904197,0.5553676080412575,0.18533568154898158,0.5180704151875382,0.15077181503595488,0.42912104311813337,0.6436977832636978,0.6217052975732631,0.6020890204569893,0.5604346312519948,0.23573869713171222,0.7552759261420252,software_engineering
0.3514005095805771,0.7883311282809613,0.12482548011689605,0.2643224871861378,0.13918302936910767,0.6135327034680581,0.904657620231719,0.9646199001759393,0.6039918340104118,0.6642007290489078,0.22469872464218074,0.41904845917878314,data_science
0.4350635876668766,0.9852016307243732,0.30350272891629554,0.9805966291762387,0.26679624121701007,0.633321996210471,0.8505851777637714,0.832040533857847,0.6403496851653221,0.5018091615907004,0.03338123161166493,0.7597475243489753,medicine
0.12296478162698056,0.2680717705882175,0.9483898098527487,0.9389170950265447,0.9611604316510106,0.5568199218543376,0.5583269167527397,0.5001524358734757,0.7023187633585714,0.8728707421424462,0.8282805855654933,0.7064507712832003,marketing
0.4552435648041691,0.35383658505697196,0.6463110649152385,0.08900923995011438,0.1603420709791955,0.04035729432746063,0.36246702572179695,0.41706857537513176,0.887988422999593,0.6096522372259495,0.4934319434063899,0.4854824102763516,graphic_design
0.08965173065749875,0.8579178838512873,0.6232955370737174,0.18352421974638475,0.28021873762174976,0.24889075655559398,0.663801654717408,0.760973372633061,0.7150091915802432,0.7245677354780977,0.3924815515275109,0.5284227587849055,software_engineering
0.5600598496027563,0.854532784013795,0.257670679752483,0.4594105250383216,0.21572125473277307,0.5914553242870245,0.8701272427563843,0.8166615535392527,0.4195130115849364,0.5292155383661578,0.45693023789983245,0.5504726864763547,data_science
0.5111457887585431,0.8719261359521193,0.32564278259065443,0.7904156839786206,0.48120220972505856,0.6339055853953087,0.8986741305305029,0.5036419038220666,0.20182926450522473,0.6322195977745946,0.21267721555199,0.8224661699833907,medicine
0.2019155710940277,0.09099118473963458,0.7614899876197643,0.7639497646619728,0.9918329571550109,0.35782175595679844,0.7945341115904514,0.5281836550962402,0.5431281245381414,0.9348128615135348,0.5591124802650685,0.8209864501715489,marketing
0.23753127413810535,0.2262388797243208,0.8306315394337446,0.28471588546602283,0.6070982306715521,0.26767315032582756,0.1930049401110923,0.3608128054051887,0.8736855568228024,0.8257363172112513,0.47171285741380975,0.24053262272014017,graphic_design
0.137466079374307,0.9214066218115159,0.5639865479501839,0.14041295460286102,0.02869232905643923,0.4302410103978258,0.9680188480955438,0.8904551959517907,0.7196203718198573,0.4987709800665011,0.4154039442343861,0.826108236158974,software_engineering
0.2822584545715166,0.9621480234825082,0.38027474102943815,0.2893073741975614,0.45180607508252096,0.7081652289013842,0.9560355004309097,0.8790110514778886,0.32073001460340533,0.37436765222511087,0.43961829016256343,0.1846975800512332,data_science
0.5166293202437963,0.7852552605869788,0.15979696757844541,0.9321713026975265,0.615268243071148,0.7426861003679733,0.5374581995054697,0.5909133363371492,0.16903236347582842,0.7475168146534821,0.2786462860808494,0.4344177104873885,medicine
0.7152800662527399,0.20629280010644724,0.6593893633981059,0.7585954418716814,0.9874349159020976,0.6017727175233776,0.4392478099516843,0.5104214263277495,0.5092682383738477,0.9459506094840119,0.7142606102878402,0.6614726505238585,marketing
0.331475576900763,0.24104047708702472,0.9113842163133176,0.28970057738522054,0.6064807787489284,0.23236014468018917,0.43072194496528576,0.5675157806951299,0.8915568255193769,0.7121566436975338,0.5871723799623613,0.1635157057726126,graphic_design
0.16471316407076633,0.9225027365321917,0.34748541477728484,0.32609647554314064,0.4569724385749856,0.4196616612575009,0.794584302018047,0.7286972956428862,0.5167280887647094,0.4580069789665716,0.3546819692699338,0.5104867650588734,software_engineering
0.32463286109182454,0.9885985980332204,0.39536555201724455,0.09623211124048132,0.30301654641758113,0.5899591825399986,0.8791824007912754,0.9602801696101121,0.5118990107536728,0.30149208999747285,0.20027518242806902,0.5085637456815123,data_science
0.2779711004697065,0.9093686283613766,0.09701036879595142,0.6802829705735276,0.1531822770639558,0.5403022772421578,0.6331285257616323,0.7168119405326301,0.08663699243446518,0.8029636621513278,0.11847232422974331,0.908083410112984,medicine
0.28466120262260003,0.455985186592963,0.5456566587542762,0.7416165700382435,0.8310117844407298,0.2599202406328535,0.3218644374900045,0.22332062455844953,0.6460190008216916,0.9468491514181837,0.7395477908119289,0.6257348193546267,marketing
0.4534779092461063,0.45189370251288746,0.8670532562219877,0.6974741871068773,0.2901683038286885,0.734633358806289,0.33177305471932667,0.3904510234043171,0.6347232335250803,0.660518481386672,0.5850904351420425,0.47753498887207363,graphic_design
0.2516038931763061,0.6806125160197846,0.08983511579313351,0.2855177730255687,0.5714916560263079,0.36532949687073124,0.7595837196140992,0.7526984581835143,0.5097108458457089,0.3837090970888924,0.23216032250092064,0.42294229566085767,software_engineering
0.36417291282867487,0.97230826915744,0.6806479822985387,0.42342285753734427,0.28629711120100065,0.6619800670863245,0.9948944329743431,0.9224599923502751,0.4478180880039314,0.47542425721701304,0.29173529955801586,0.4785177285139051,data_science
0.5782257118199003,0.8164128190311529,0.189517505986174,0.5649931551704301,0.6405526204705713,0.7215146043764815,0.4858234561541181,0.5649896646804166,0.2217700106257976,0.8382857886302963,0.13639913548212415,0.3854133722440381,medicine
0.10046633054672097,0.19752679218818264,0.7918797207688082,0.7888655535979614,0.8769851491332721,0.4589087612360623,0.31193317460980347,0.4774161264995309,0.7016133076846517,0.9526146249160229,0.8321385091769002,0.6419333557702853,marketing
0.3525784340045701,0.3422520612413625,0.9454650609587347,0.5117845991406079,0.683380938032605,0.3438346271826978,0.20971281211841067,0.4674615010084874,0.9827084822101021,0.5782863886050708,0.22485005958785947,0.3650391709083924,graphic_design
0.10979779332493013,0.7747487146645116,0.38158407424617574,0.10141610728397583,0.17537042989752122,0.572144824970871,0.6608619943477092,0.6510206848191601,0.4969185132750051,0.47489300510035587,0.3265400104036167,0.7622151090818924,software_engineering
0.08714865003146595,0.8466417402205764,0.21994099138786846,0.28682499684813506,0.15154841448941575,0.4281577573266566,0.761549931580137,0.9990338505521895,0.5763428381871943,0.5773906254252557,0.09224753990175522,0.6077637998484093,data_science
0.4388897190355284,0.9022018789348171,0.36510619158930324,0.9739682322703151,0.2599006061170525,0.8450653583648694,0.5227131667166389,0.896207255939334,0.4020475396875409,0.7029656948118574,0.3853996184570524,0.4498614522482649,medicine
0.018415517866552822,0.17809835441486307,0.7644019119274713,0.8603899315265437,0.8326848964730804,0.3172964557052487,0.42168960662661176,0.3090640660360275,0.8298135642266524,0.9750721004367844,0.7679043506793853,0.7502738938238547,marketing
0.22387985531824178,0.4055964494989611,0.839909666912339,0.13050715598342677,0.35433627929862194,0.3960242638089383,0.19648250225956101,0.5617719902902434,0.8100335185741092,0.620195981800789,0.5592100818169207,0.2816482277838175,graphic_design
0.16837983407668425,0.9651075773063031,0.41526298890850755,0.09903956549448928,0.06046816401351894,0.3719410802264013,0.895902073891006,0.6941250919760433,0.5726726710013885,0.09176160351164159,0.6581522889178582,0.8613713161121381,software_engineering
0.48241353794927516,0.9325325719406217,0.22929078580167012,0.18517298527395082,0.16416423098753793,0.7568635552088653,0.9214112274806976,0.9233236246831764,0.46820249703683736,0.3304374130356356,0.2860055877227476,0.492027117985446,data_science
0.5532392863119738,0.8103425029567364,0.2616290807970254,0.7898740630868705,0.3546071867929203,0.7462475480303833,0.8547489053846643,0.7952710072919695,0.24037388997461348,0.5105987102546921,0.15430720664560382,0.7823383437322728,medicine
0.35505427527496963,0.44249644613035605,0.6544461768239894,0.9547071395339395,0.8244479355474693,0.3816370946334945,0.4486159695261287,0.7340572235111934,0.8363149119450142,0.9930711637267049,0.867222122418507,0.6294443186901666,marketing
0.26505300424855993,0.24358903359228123,0.8329212258258806,0.18213707419696223,0.6481689920321214,0.158975786916067,0.2617767295267725,0.32370811895517826,0.9075860678375837,0.6500962863356171,0.6084251567740337,0.326625251762003,graphic_design
0.5427017482671131,0.8530577530149294,0.10026262139706416,0.2528399611155732,0.07566896342709578,0.6807638396545095,0.9573058907445907,0.7111958024440304,0.5453206611996575,0.5684474368223967,0.39332302327344254,0.5095308684623542,software_engineering
0.6235117955133624,0.9549984509845583,0.26381109167915234,0.3627211173102406,0.41929199555676144,0.5369504235364376,0.9583318242223124,0.9852682133273526,0.528682266795613,0.6795907756228425,0.31693107794288106,0.4450401267834483,data_science
0.4829307190355801,0.6657986672371535,0.18712879901317828,0.810726697850752,0.28186698383805997,0.6438405853180548,0.4362597642232388,0.6806780225329855,0.2255342531788107,0.5057160148191269,0.14106376098310627,0.9073321639201276,medicine
0.3554240604172474,0.19423481505721027,0.6077179684271563,0.8710242315466252,0.940430817043085,0.4968380730760453,0.31576340621517557,0.25885517787659024,0.7008432802209954,0.9869755554860895,0.4499375531070297,0.5600679989507901,marketing
0.39562902779600784,0.32698218996824696,0.810694399901727,0.15032579346931213,0.48928708536315624,0.21310826664773486,0.2257057641124887,0.43049887897003564,0.8171058506914118,0.46139644748699254,0.5946049993074177,0.3263115714352592,graphic_design
0.2098954731535912,0.8420076244133683,0.44507131489061025,0.5554012619957402,0.16362227742962357,0.6347796888976195,0.7241202962926822,0.6576942875452672,0.8725339901829651,0.2881468885477978,0.4892454284866826,0.4492191326403166,software_engineering
0.10148057940490113,0.9725603386573822,0.2905235635741612,0.2121597902873071,0.12064053434819226,0.43646434781459814,0.9081079761239913,0.9601742014590878,0.576811043770786,0.2582613445110146,0.10189832575937073,0.5271660171366296,data_science
0.5589409108556201,0.9326030492759344,0.5001499436464113,0.8499573424288871,0.14214461626208572,0.643810376621226,0.47312259785313265,0.775716931104156,0.1628867854556124,0.9753443501313896,0.04560597357298896,0.5603564790530485,medicine
0.14908881018497125,0.327299708683791,0.5606572658092794,0.8647910119545934,0.9588534352103907,0.5429947639797383,0.19444059464388497,0.5477591424770158,0.8692207447348882,0.9139466225611282,0.8358761891903194,0.4373520672430498,marketing
0.4806963074239044,0.5284154636889125,0.8745217273753525,0.24082042177610352,0.40115472044310874,0.2114302358198702,0.16356712658716321,0.541057802065113,0.7076824257122291,0.607338878070972,0.7921133881422184,0.39869540637783935,graphic_design
0.24691057859058532,0.8314636285302449,0.32456355717461055,0.32849223322401544,0.2883701136585188,0.3598765618253451,0.7989550363465384,0.8593144639620865,0.8306840904990441,0.5121073260867084,0.2142041638291467,0.3228485724702344,software_engineering
0.32605263902530063,0.9692650788858269,0.24497302408386068,0.06321330725740323,0.4048576739480685,0.754867515040091,0.7570217020452855,0.9940649944114962,0.15477625388730668,0.6635576526313341,0.14202353621696345,0.5584893426530302,data_science
0.8507795668020199,0.8271642838992213,0.4619120364030649,0.8257777888329287,0.4123412218409093,0.8727836485875949,0.5106056579459913,0.6614741094426035,0.13585231680552373,0.5892227650763772,0.02945305578635379,0.6082003721566049,medicine
0.5254326948406398,0.45312753615042217,0.3587515089438532,0.6551461315801718,0.841559026213784,0.2520187482574271,0.4518154708042156,0.5653791216325392,0.5569825857856483,0.8097502455230807,0.5737859039817375,0.575137685269456,marketing
0.49694208285924774,0.6154361640240266,0.9782034921292505,0.26245609977275447,0.22507287361938483,0.6348772610337723,0.3545582723755985,0.4555300785768773,0.8879497417346415,0.45307353913370646,0.5405451754122372,0.5429679762412946,graphic_design
0.4731632132784698,0.9334676725768867,0.1280510021014451,0.24918227184847286,0.23481672544454033,0.46015830745520164,0.7940368278214024,0.6262062185284919,0.7776573205169729,0.34732466138810564,0.6469441621553808,0.6286929186466707,software_engineering
0.2136745087887537,0.9235995732451582,0.11681041191471482,0.5141314230244424,0.23474333006225928,0.7454741899083189,0.8254395086799742,0.9744325527292235,0.3756510538263686,0.45301632904359174,0.16430654171961573,0.43263823415203717,data_science
0.3117695449272093,0.6378488182617051,0.1914703087337622,0.7697468324776026,0.685991751667454,0.7568335160998841,0.494717906536686,0.7127302936045494,0.3217001623078708,0.7920497743447408,0.2912789843061644,0.35054721942384737,medicine
0.2972566666481636,0.4070895279117499,0.6983659176657966,0.9202447098311274,0.9282583677319408,0.266329565681278,0.35209123952578997,0.7326324001857409,0.6881737687338437,0.7855595572290417,0.5317191743048564,0.5440262801820369,marketing
0.6086347122052402,0.33332256064264015,0.9678762337412224,0.22197177499481913,0.4865627337633676,0.22476736790413523,0.3236550770119881,0.34642570362999,0.784603121256383,0.6026789594958892,0.5471149482127048,0.25348729232154626,graphic_design
0.39742595785736934,0.5970417598874058,0.46180995137100267,0.21180291733678014,0.08678382933548316,0.31017281930449947,0.7176748196806788,0.7259901186008676,0.7337015493909348,0.46387900682181643,0.2810616327154093,0.36189751814658444,software_engineering
0.6254066846692193,0.9230503968108555,0.32829685047823587,0.3912100802379779,0.17040241354057528,0.5105825989651224,0.9517470754461089,0.9494003184672751,0.40214609116793376,0.6033262359878401,0.3180915886648073,0.42601185705110695,data_science
0.6961165037411745,0.7372771781266686,0.5272742265605443,0.9892049761373672,0.6124000599514949,0.7239630974443526,0.8041190998827615,0.8364795512861736,0.4109996254147259,0.6979401377417728,0.26515053399072314,0.6500178578859389,medicine
0.08781710958610273,0.4819058345596817,0.5865130224850909,0.8987262925639327,0.9956076869651057,0.5027659291543796,0.4670116526977925,0.18764691665587313,0.7303159486323305,0.9094529240383534,0.6891630029976966,0.3482486264800615,marketing
0.3525623670347202,0.3874344875023329,0.8487056753359049,0.40075890329420943,0.6502003279251722,0.1528698057179937,0.4352782110851993,0.26532440580020833,0.8839933295325992,0.5971433168746293,0.31652582385920375,0.3785203804360336,graphic_design
0.12318135266731903,0.9014069457428431,0.5456777991691732,0.5767293883259172,0.1964520594291609,0.5016164361744081,0.6087680682255588,0.7911772543978558,0.4593126617069447,0.632597035456559,0.21002513539514112,0.70435766578533,software_engineering
0.27047588750631363,0.8037642129451966,0.2577428028305379,0.30535457775808494,0.29650227858306116,0.6200706716207176,0.857931259695952,0.9674153978007379,0.42726459940043227,0.3376504586503612,0.2370266775017024,0.6372902186494735,data_science
0.5538203718572533,0.7918740037429688,0.25924916466975806,0.8564923880531271,0.16337490624917378,0.6308120915256423,0.3838945651437841,0.6184442196524811,0.4240487820517353,0.5570270870111045,0.23214933158688641,0.7175995518676878,medicine
0.26961529294753034,0.14155229246051604,0.28887322564461854,0.858137561112836,0.9298788340553751,0.4247761746468653,0.20077517998985156,0.40667729512101414,0.7128156327504449,0.87689929079402,0.5771797354431901,0.6646049448891498,marketing
0.5681188448201927,0.14299394507404778,0.9908969483584538,0.7055789300859754,0.4275675673249436,0.22293220980781175,0.4500772753721807,0.4180228508614437,0.9824411747614316,0.4657760648452717,0.41731413472611484,0.21383743458360913,graphic_design
0.07668387382786009,0.8064049286718671,0.18938033149279832,0.18058272366340242,0.05977289778781591,0.48380976341189363,0.9376474699773574,0.754857710490318,0.8024147505436715,0.5472687128677745,0.40629051212278855,0.7279473740308442,software_engineering
0.3532400825021082,0.971722631103954,0.492940014328563,0.2391316240888711,0.3818002012717604,0.6536038263225724,0.9898949606150498,0.9807451655194894,0.42310564484686575,0.5197496320487858,0.3724537779089784,0.5417245389995743,data_science
0.4561071981021695,0.7407975566770035,0.4261525246419675,0.7289381550092651,0.3096142160523939,0.5722771977828314,0.778314068468421,0.6845801861680704,0.35417823085921557,0.5584724834231318,0.32471083937991413,0.46280260146439006,medicine
0.39025393540622993,0.24702530701116238,0.4281286253681666,0.86031526234623,0.9783157147679142,0.2265209722084729,0.6407433088726773,0.410576406789469,0.8808488831239423,0.9218035592787543,0.7503586510866854,0.739568267500251,marketing
0.31712586215004235,0.35543627379351406,0.7594692987522637,0.3809516911587997,0.5550053227730299,0.38085240221841254,0.40746114242585424,0.3700275470184115,0.9224383386267688,0.426168141847684,0.5979490550556081,0.3941555189202408,graphic_design
0.4069411157455527,0.7426235900743848,0.2859041344162145,0.29822769883522177,0.7038013214243477,0.6722360496263636,0.8178605459646083,0.9120644362014764,0.6882960946624791,0.4441340669273393,0.5633330141906913,0.8544571828579558,software_engineering
0.15575468510982746,0.9169219867252215,0.23031737370437036,0.07903594554077199,0.3700305201957329,0.4102216468728379,0.950850420343777,0.9132770310582744,0.45637366648745653,0.26804274032900727,0.46097720028996925,0.5801766193555995,data_science
0.2972991810168263,0.8664570608397745,0.26940280398767097,0.9105833575446808,0.3971558047515294,0.8958371459660627,0.5398744528180648,0.8984366519105969,0.37348612232249606,0.7537124062352125,0.06479715762859868,0.5008012862328419,medicine
0.2048128498654807,0.16074581721848027,0.5516232276335641,0.8459190081403654,0.8714199261153965,0.2627248207573,0.5049732089606507,0.7699993121311475,0.8047866222274997,0.962662810646843,0.5298829537144476,0.7616014696533949,marketing
0.4423097845088413,0.5488286170673825,0.9728673725087084,0.233657785735431,0.6311991272170264,0.10600452779793772,0.3294392568329461,0.5505394441150602,0.997114985314603,0.4783286435765615,0.37678664458860656,0.49068954170074736,graphic_design
0.5564856437549478,0.870478999446924,0.3136898040527119,0.6143666854666285,0.32284180181148453,0.2582026266986697,0.8130970683871939,0.791991357999174,0.6261549881115989,0.3301396899090782,0.18551787199965572,0.7648492619094942,software_engineering
0.561072886639493,0.944402568429648,0.15557083136302657,0.3276722287291925,0.5607525407526216,0.4470496631067435,0.9868504770401764,0.555712059343131,0.5429882227414141,0.6491104538316188,0.33727276755247576,0.6441943831066337,data_science
0.7222564901180563,0.9831171156518225,0.3848996955422116,0.8042228199344903,0.431864059441102,0.8444419833173098,0.6738743316512193,0.5879612731661916,0.35691374968382983,0.36553123144248106,0.11016478436712554,0.6404357005712852,medicine
0.2459841902015208,0.36884506963365776,0.6879563273234177,0.7487156763529705,0.8528747917406102,0.3363259668843011,0.39010047160963396,0.5070798008564821,0.6344175018723276,0.6503450541955135,0.8112945606601959,0.4154402427614202,marketing
0.3337903312202932,0.49946400116470063,0.9819046859393267,0.3786877937846236,0.5259910412208204,0.2932629578682016,0.2393471578750282,0.4453260737232816,0.9766368008593159,0.6020225929525468,0.5176212867639771,0.6136957278745281,graphic_design
0.2634748029207992,0.6599808279773368,0.08569834173073673,0.07994722798423645,0.14514176169911056,0.2156213357122278,0.73996026606451,0.8018893487884777,0.8806926286222078,0.2130780510072584,0.3915805442722944,0.6261400742295867,software_engineering
0.03733528748704279,0.776490671841415,0.25426336727946686,0.16079821237714423,0.16658203150822715,0.6162168685567585,0.9160990644181016,0.9156745692011065,0.59605440313091,0.482241530054343,0.19484049429879424,0.630934768651551,data_science
0.20163422808643178,0.8562414082374152,0.6479509397830427,0.9250111267998329,0.33237780733890554,0.9418439770442741,0.5899951118118609,0.7883740871449375,0.31909872098457404,0.6651738488677456,0.43073349129677857,0.6812676798628292,medicine
0.24871066646147363,0.636760510452274,0.326164603502332,0.889617233162061,0.862444179516504,0.4005261479677725,0.4864630408763042,0.5945051679478333,0.8670822049007583,0.7793772940883101,0.7833900757395768,0.6068793701280654,marketing
0.41311355176127845,0.14276466428492524,0.9599742269320789,0.29276831812760157,0.5670538865637237,0.8207302842355324,0.16351301557818726,0.3606279359004046,0.9201090340658957,0.566952484390801,0.549677215774296,0.24602391452781164,graphic_design
0.17330266468705283,0.7238897119174684,0.590701653421358,0.12542049213065634,0.21146969427273557,0.2785413521842629,0.8760300475911075,0.7969685306340929,0.47138454792267304,0.37922744462900027,0.2730623016915616,0.6345497759888067,software_engineering
0.2979566269011843,0.9395733553076171,0.2804536905385878,0.34754357661080265,0.16525378172253552,0.8609011404686662,0.9777450938370407,0.9662929725760967,0.29179366669455403,0.6419773772926284,0.11972897553396769,0.8490518700241403,data_science
0.7546030054533749,0.8980006478819048,0.11936559857009346,0.6532552315874264,0.331150413157877,0.5264976387888762,0.6554502674026675,0.6965572791515737,0.2848571560230967,0.8330759967114347,0.18378756620714995,0.4541620535080604,medicine
0.27045725960812333,0.15640602393363237,0.8251052783422804,0.6915190834949185,0.9922845791322144,0.3746940790665409,0.2900011526759215,0.6625928211222183,0.5775577145026416,0.8615920633558314,0.687818025744948,0.37827594862974784,marketing
0.3740204158613017,0.05960320651101589,0.8381291091427621,0.4053658170612039,0.5132131562383762,0.4943113217661017,0.2447133347787958,0.348093939273373,0.8652921241897918,0.4683999546106379,0.47582320239081316,0.3084839350066347,graphic_design
0.12731597421530239,0.7398578642537565,0.3527807994776643,0.4884685547908185,0.1411936781826853,0.6592379758169234,0.8615399035295357,0.5687626180835871,0.642556241913499,0.579892242724173,0.5316050915297788,0.522855013795481,software_engineering
0.37235845439580845,0.9583115493613177,0.23203073217265913,0.32528256357035595,0.30415091846251285,0.3671050081672991,0.5627002117410853,0.8652651793219328,0.4928674799481359,0.5707547682806615,0.2394027936394783,0.7438811214293017,data_science
0.6438639021879016,0.9588430820894404,0.09221886406016463,0.7826144741254337,0.2737830195856463,0.770736142848968,0.6898763636589088,0.41662564913842315,0.34592403696271923,0.700021626821643,0.05319881143995256,0.385849797496053,medicine
0.40902859965716787,0.1327874244147022,0.5148186167687777,0.829321635335957,0.8494617189074132,0.6114028995163084,0.3043879709108125,0.8037977885186853,0.840368035831503,0.8686265093748285,0.8863186995066151,0.7392915131260106,marketing
0.3886897700773911,0.2589601347399438,0.9611273173851208,0.17810788120620394,0.3125338899675953,0.39374442344188293,0.29282588780291624,0.11836429493290228,0.9637172386526294,0.6629774945617795,0.5033370487251364,0.16969608608354778,graphic_design
0.2671494269856284,0.8502616032041561,0.30887213029287697,0.20012600148693013,0.16084443794626715,0.7973777455441482,0.7065385248577282,0.8105136700941462,0.5546600370797672,0.47829479971767447,0.5119068607058669,0.6432045071898703,software_engineering
0.2572309303426825,0.9658943984675136,0.2524246189456833,0.05925117650832584,0.2664202139695097,0.8236712432777423,0.9708454378286695,0.9983391251907765,0.36635400951749814,0.7615574043475605,0.3101253675194381,0.45400129340509954,data_science
0.6176288636165314,0.9097741181142897,0.11533236451308224,0.5995079342160519,0.34557527351992895,0.5552583536201362,0.7059704053118075,0.47043783978314657,0.21824695286035226,0.7749640193596274,0.2723757165244632,0.7868588885514428,medicine
0.43445617487049537,0.3178040365628553,0.6182495290881723,0.8657091940300581,0.8571006127650762,0.5379286900466371,0.5541772439595615,0.2201594790190483,0.5337184384824025,0.9691470557620204,0.8413032295738317,0.3504173209743069,marketing
0.4210631812310564,0.17041878996350462,0.9608746732437847,0.13339576439738687,0.7759052441107338,0.257535212874426,0.11920323468077929,0.6350164146522521,0.9672485354246672,0.430315723478259,0.6031116728936404,0.6194705239715501,graphic_design
0.33421259314955903,0.8038159613930961,0.23798239546283378,0.050363257653628556,0.06916720107630825,0.6543893386552195,0.8526852402574027,0.7608667459077258,0.5462465439624119,0.46560654683512237,0.4585978794460816,0.7013536858512216,software_engineering
0.15991442877916254,0.9842325074190665,0.11316217135466562,0.12720008410135195,0.37317504114058697,0.4328273925973831,0.9230488498345079,0.9901134816055179,0.33344660389716935,0.7343931874142425,0.45555555520317087,0.4737013460886936,data_science
0.34270049948993414,0.8250121978226962,0.2361030324609335,0.8761163844744029,0.484411257044764,0.8880954047048035,0.6343575188139928,0.6042980661971652,0.11109464108049294,0.7948079379145251,0.1285026461879872,0.6458029107181589,medicine
0.32331184991288375,0.47354243261015017,0.7273906839288001,0.8642819769134779,0.9235591432570481,0.07577609884517182,0.6603589491645244,0.4633964391399606,0.6713445522690655,0.9914826752375036,0.6107567511081136,0.5320052897134478,marketing
0.12294453808360059,0.6054956703138931,0.8857171308893226,0.4532182631021403,0.3167996447878588,0.4655428740364084,0.26161065848136245,0.5979203740436632,0.9672010175315268,0.49602420832671734,0.6188500771393832,0.2635863454889952,graphic_design
0.45222969975389643,0.8980644022112293,0.4672337024206253,0.3328234648674563,0.20043010742157077,0.47715638694149787,0.6521787983156682,0.8520193580652843,0.5885989572494014,0.43233145818885793,0.5769006496368444,0.5020182289469914,software_engineering
0.567931024486846,0.6411914689074564,0.32093269023327303,0.16737694609167492,0.5135641110236001,0.7073435336610365,0.924590869396648,0.7786863938015691,0.4527659450715619,0.3618777761969481,0.24415607764261954,0.5836940148270755,data_science
0.46432505881715475,0.8035275699863997,0.056246029427627055,0.7138033586004457,0.265344389392976,0.5991630192553004,0.5072104632825215,0.7772685851306447,0.49315527143472887,0.6791606467890557,0.04779215396957697,0.4690619544538769,medicine
0.2817865965674001,0.22304719900291847,0.6734039460499815,0.5820680276660137,0.5959396115738032,0.3121606099648659,0.23106329429719938,0.6537151274683937,0.6437817821868419,0.9949639505330476,0.6833378572546541,0.588343422750123,marketing
0.392949469980253,0.19879381493142723,0.9582848094045385,0.20949396955347735,0.42583419532738026,0.36202442316144706,0.1998092363108481,0.4633234393438321,0.8538979780642041,0.5135724948665217,0.3811901594964179,0.20118649057224067,graphic_design
0.24673900033388532,0.8068622027536704,0.16426825174026605,0.39495406581490927,0.5448124060130821,0.5196401106166758,0.7753455456435268,0.7718790230187675,0.5341641664287271,0.418592095972936,0.34941457359599454,0.7504468093338169,software_engineering
0.08109073232143492,0.945693242845469,0.318503802916186,0.4037379043108467,0.5709879985048645,0.6658055566335924,0.9852416947097646,0.8181490317068577,0.36206778381148613,0.49056215251607826,0.3198372771691886,0.6419765294340265,data_science
0.6835732339612101,0.6538046942903148,0.20233141520587403,0.5990745572711648,0.40379237629006265,0.5369799972336797,0.8132068570389139,0.9222103327501687,0.10295434349654685,0.5674862820863349,0.1161321138802148,0.5214140722178401,medicine
0.3002390761412494,0.22372453709887788,0.3076627912994441,0.5679960728381863,0.8601435569166883,0.43965314017506707,0.3346207500724348,0.6020448322548545,0.5377166972130561,0.8325256977039674,0.8300144265287698,0.7006105544753145,marketing
0.2877192365255017,0.36923588573850097,0.8876782395655097,0.17657893165120778,0.5040790619774771,0.1467736254736713,0.15230147084397586,0.20426058971991856,0.7324754909562758,0.6277859281533175,0.5541616502722222,0.5422719662920454,graphic_design
0.46618671387805455,0.6602794877872095,0.10578744971317844,0.030627102100718676,0.1517251240045671,0.5383262147003454,0.9422007193560512,0.8572017216855359,0.7420613269343063,0.4855584904590083,0.35612326446733805,0.6459006291482619,software_engineering
0.12597115608917442,0.8805720451408564,0.12144943266411891,0.338328840287638,0.1675119402316012,0.26950249886721866,0.958450856843873,0.950963441845334,0.3676202538729981,0.6781675162708148,0.2579417536338376,0.48157585493433575,data_science
0.48934891299156547,0.7081449644520872,0.32378460188120967,0.7891335677793406,0.1468518395978194,0.8269312010072142,0.49531272725893544,0.8899349593816615,0.28427414332147627,0.8124801617192488,0.25297104724663366,0.5900392626124155,medicine
0.1894417304579338,0.1811769664474971,0.6064935906580551,0.836108134321604,0.8983258602853575,0.4460666608739948,0.3810777540116322,0.6336491589178712,0.35970386095310414,0.9540569459764664,0.7412666544831223,0.5871194764800173,marketing
0.3705318249417296,0.3672977950948598,0.9709448342253771,0.5681044993587866,0.4063497092809221,0.047074060488766264,0.11228891473671908,0.30353047131076366,0.9979552864667239,0.5477674948272204,0.5869248170895455,0.20264916617135234,graphic_design
0.20107062869603912,0.9047334690759583,0.49699124037401404,0.2747705524986803,0.3426585076355037,0.31437217476969875,0.7676176902473858,0.6785339370134368,0.5616577795777526,0.5070252298913477,0.3071284143404464,0.8042905465254193,software_engineering
0.30394085498242973,0.7396672697884116,0.4303944184999506,0.28826163715397946,0.5567342016371742,0.8603550373178848,0.9221614547597634,0.7106428707054122,0.15898365231689987,0.47048438219463323,0.2042732965263748,0.288181619686886,data_science
0.23813944437335,0.665914508478984,0.20283138111158516,0.8541400791638005,0.30734061389209105,0.707971942663436,0.37027779217577605,0.4162992208235894,0.6353742363540172,0.6564285755316627,0.06942418659779973,0.4802673901958301,medicine
0.10832358619926084,0.2873513431865148,0.5704057222136794,0.763658924893765,0.8863957165232089,0.21540911358469575,0.80358407531027,0.6576563516315505,0.9509814904047671,0.9533044135653017,0.7278505480238069,0.5208329447076668,marketing
0.37781624760838345,0.15414633801766425,0.9786281467353378,0.12611680953850013,0.5376207579958812,0.22153654935587588,0.17627003997555576,0.17477418530138672,0.898999249375862,0.2887781607564934,0.6046974085271698,0.16928556662023914,graphic_design
0.3945457585433009,0.8680362596834732,0.13223449099121404,0.5742123952748052,0.33466947851726486,0.5671323389538842,0.943634916396619,0.7616653294580431,0.3377369072088075,0.6482199452958634,0.5540764060483747,0.6215381512451688,software_engineering
0.43550415546979954,0.8440384088113777,0.25606976721879,0.7893180984239547,0.18600060339540686,0.5412002275168539,0.9638612396569267,0.991838044736268,0.12040293473470103,0.4252727373007299,0.3517884503967179,0.6555482834833456,data_science
0.2681189977507047,0.8907996608657347,0.20124225739796264,0.6055696252393218,0.36991236901766816,0.6249022492251245,0.628776675908781,0.5815578696721542,0.28985914414912084,0.5314565122558471,0.5345808146903642,0.4281755616613828,medicine
0.32704815045498997,0.23640308532315096,0.6488841366025874,0.9352759249924127,0.9365667454858535,0.3164109743169189,0.44089482510161115,0.49523940895747726,0.676494245902158,0.9874121675731005,0.49670101191365407,0.6774157706069288,marketing
0.7813738893294113,0.4329857432195217,0.9768588742112537,0.3196486324039355,0.7349879850394136,0.1507931513058809,0.4178217721104937,0.40915496771912213,0.9077383400143565,0.5705631652314719,0.6159440423261041,0.4155417413419085,graphic_design
0.23861125310508632,0.7924676258851527,0.0926367461585892,0.2563916335598299,0.04850636499907984,0.6197229753416408,0.6355932642687802,0.9403993376619247,0.3754623735106056,0.29689968170700237,0.5044764922098501,0.6085839175065116,software_engineering
0.2839770923297949,0.9553266094367519,0.5086408639687979,0.15238230119048138,0.2752280192139369,0.7261889206601037,0.974283079836602,0.884871583621687,0.31258397479049305,0.7720548771939262,0.21292867584632913,0.7284585734925836,data_science
0.3307608444208961,0.8363429605757754,0.38723754469043214,0.8753492462377043,0.4211164146442591,0.8085507335907227,0.580392236523538,0.7361552523667875,0.19254632535909308,0.5879164642071888,0.3328921867040703,0.7497599060604189,medicine
0.2539741651851469,0.19927465123035892,0.6573069295923617,0.7684108952174896,0.8146633177986229,0.49128587152910824,0.17888283922763912,0.5057580922508421,0.7686758752138287,0.8974726500923221,0.6691413169845135,0.6891389725169652,marketing
0.513551677046581,0.7163830505953875,0.9867732750080938,0.2909632600280014,0.6741168617407872,0.2594651480863561,0.22788421159109898,0.3150796432360996,0.9820816131323286,0.7335412133514776,0.802825788614868,0.21242996204043862,graphic_design
0.04086220206348595,0.8809772336614808,0.09171381485522544,0.291499885312403,0.20508558659538684,0.5419844546615804,0.7731883198171426,0.9557661812175359,0.4647270993541165,0.24420993710495728,0.31860169550141676,0.5221543533419187,software_engineering
0.12251562362216062,0.9185043912501373,0.3448436246118928,0.1992111948510884,0.341592700592331,0.8713435022684463,0.9727625167706039,0.9678307638425705,0.5802024138950335,0.3785576194949079,0.23514142226397788,0.5105906213152417,data_science
0.6522934041848605,0.8261541091575297,0.1129768073839655,0.5396966393688002,0.47620992604080614,0.8487012360372899,0.29785912750346716,0.7965758502894275,0.4719623017975933,0.6504675982263659,0.08577413817940327,0.5572687553102845,medicine
0.3468149430791665,0.11798899969665853,0.4767017528649866,0.6783226827912048,0.9485147306051053,0.3888687780006435,0.4083374809985329,0.42474909756539475,0.4607467431280905,0.9580241577229172,0.8069520493522655,0.43831822730117537,marketing
0.17779153747246468,0.6029531243842466,0.9258263364597469,0.13513793829400494,0.449974877603025,0.4500692338408201,0.06513402909666892,0.3242978718124667,0.9384647276959984,0.5815985711285684,0.7398158839965256,0.5724249570348754,graphic_design
0.12071883772883583,0.9724049670080426,0.2821482487908899,0.14854130442813193,0.44471521791979246,0.5653244671691909,0.7782861863270358,0.6785015445448165,0.48949574351062747,0.43624775318154096,0.2130302364423143,0.7141925917903822,software_engineering
0.4749444728523601,0.766748719596279,0.1400818821775965,0.364098667222144,0.31129386097192896,0.5697401330594966,0.9793133250207471,0.8977761824673908,0.21490343198380582,0.7851194415332817,0.12510280157859488,0.5056445099031512,data_science
0.5499162772715754,0.5480018368396711,0.2541507457710623,0.8581849654841684,0.11420881528374449,0.5123338865995799,0.552582863374059,0.7547005734958321,0.16890309945518028,0.7416138077411282,0.2208594823341998,0.6571517535235006,medicine
0.11438960844766614,0.3282966819862056,0.5479088809240662,0.8340383337072226,0.9610686591109603,0.6703343258329931,0.7756793270665339,0.45746199434257817,0.7995461148837228,0.9493190881689049,0.8007210772258088,0.5260381109051789,marketing
0.23927852537946073,0.5017472170403692,0.8015498344495962,0.09414836501867757,0.47864729359173125,0.2624289211688385,0.22372743880629853,0.5382930959611419,0.8823868132753219,0.6166427635896241,0.6135313744902975,0.24044865726893472,graphic_design
0.3645862050642629,0.626859531026325,0.09122145456777923,0.36645130863223996,0.732979111626181,0.41636674303955595,0.7485650837099026,0.6876319488844459,0.7271748477156914,0.434736107882359,0.596751759679834,0.6068217724905796,software_engineering
0.2955735380217606,0.7372554138361794,0.08256083940333285,0.31421389377613645,0.2744102911696606,0.6657012625807454,0.947091301864046,0.8000095470931767,0.10742697836983846,0.5165671580574128,0.09064682966698574,0.4326971893444891,data_science
0.5271632500216538,0.79356267655208,0.0494533706636992,0.7353428049366443,0.4285112150846661,0.5612179303174626,0.6255244249556092,0.9106726986316095,0.23915714697074505,0.8007213913389758,0.28389240049362185,0.5009807636665837,medicine
0.3612901257417362,0.3318980082833666,0.6607392481578864,0.782234768804942,0.8973373603833533,0.7119109707936546,0.4537464020484591,0.5329350603125379,0.9046952384454405,0.9643575402958082,0.7017004128991049,0.3339333777210822,marketing
0.5989483636284214,0.5248035041013892,0.9939818093225753,0.3545491990359493,0.2654227179794674,0.1936395053020318,0.22750616652985453,0.5453083603482195,0.8345288033108382,0.6400715679802229,0.751657692375282,0.42590162747634686,graphic_design
0.24965383322244727,0.9507029801561909,0.4373135040235899,0.48018926287811575,0.15100469731556215,0.7033271296929212,0.6782079214930569,0.6494076534422062,0.48888236451218525,0.7284996664563287,0.34374843823580614,0.5408671610752315,software_engineering
0.09629666409717844,0.9791538393831585,0.2396717856379684,0.27829646193314184,0.38211793553578005,0.43162712225280914,0.986673254192415,0.9844158897921816,0.5178871737580096,0.22686626456310172,0.4433611066892932,0.6556887302904632,data_science
0.5098666823238407,0.8041088775888304,0.2026545876954219,0.7545447568549207,0.33844265238094623,0.8082230886615964,0.2660892960825773,0.725134682160676,0.2797888987368521,0.6279033406885964,0.191903431938415,0.5026040857413705,medicine
0.2417239473096077,0.35121679291254615,0.4026617575405686,0.8922607843594906,0.9473799925998054,0.6583776027088857,0.5178792859019283,0.3209235590922331,0.8668222415850397,0.9501806641250464,0.8168499936307148,0.6945422758099391,marketing
0.27472594694994357,0.35060360101063287,0.8554678095599264,0.5651836440308227,0.700300780430336,0.055796551113591476,0.18603994998498,0.4698504341914287,0.9380254797760917,0.47412255283319965,0.5288297708475211,0.10199115220989806,graphic_design
0.19915946618033586,0.9422576572734079,0.5482702650299321,0.7104639269602161,0.4399633920558274,0.44354991088438317,0.8047519660788252,0.7560951264111739,0.44085497719533867,0.3131627984037202,0.8671450274879415,0.7108596194204895,software_engineering
0.13816763057606138,0.9463729984097656,0.2961970540780865,0.2560665541123318,0.37708432127980146,0.45323807082370676,0.673635347421361,0.9609705186318314,0.5204803606157636,0.3717941779953286,0.4916223743738799,0.4260723346605508,data_science
0.5098219984556762,0.6778352711587425,0.271644368503114,0.8196416309921472,0.626738123295679,0.6698319112841964,0.5275356479487031,0.9191671961772641,0.2757038889656093,0.9314637691735689,0.16020424372143569,0.7942717066445717,medicine
0.1670841443410407,0.1179619168446629,0.3364139618623446,0.7746145538450353,0.9783867480868667,0.4826238381757687,0.5152415716046265,0.47443927761845034,0.4268863338818496,0.9673020508068833,0.6058148715166817,0.4558422247002927,marketing
0.19506258305623161,0.2843819191773203,0.9807374101686284,0.27327820581952916,0.6159141258312497,0.3644362620935809,0.26198454898383206,0.3528066200026059,0.8051431325720936,0.6491312871965529,0.3456289515668023,0.5665291732746737,graphic_design
0.5491404060314506,0.8787187718398632,0.501920456195771,0.11455136981771812,0.6319361788322346,0.4040541391269913,0.6422277241816722,0.8027241954157194,0.7043545931941131,0.39137858749946614,0.24755591849447842,0.6057279839513579,software_engineering
0.19230751703595148,0.9885966092953894,0.125270152864008,0.7032132410159884,0.45026068442409656,0.3713935453154915,0.9239590802903831,0.9160761132127812,0.3645380288627497,0.49993567291281904,0.5819619374844641,0.6874374320383935,data_science
0.41377258997979777,0.7991456354690796,0.3843741789093278,0.6849762739682226,0.5915270283400124,0.7834269022518824,0.35008169137795375,0.6829037274193366,0.33199979112581995,0.9601670835336554,0.13014440713944186,0.31462676465427886,medicine
0.07620668499346123,0.2979715404638525,0.4906272231748439,0.8859217269957518,0.8007146447737669,0.32406804456235494,0.5548344978795867,0.6922406970802519,0.7624122498957941,0.7768302763783852,0.539650361474261,0.6493699327602287,marketing
0.3793149672186162,0.322723916457724,0.8859655011127574,0.48111673274174355,0.4903020812198331,0.09237175286710542,0.10106215508937312,0.5550146156439165,0.8921628492873341,0.6806148858712946,0.6048231234783047,0.37158546903569606,graphic_design
0.2234521157147323,0.860957819601317,0.0800522046077605,0.060060052992861844,0.28432220531253427,0.459763328189932,0.8334478153858342,0.9282215147798163,0.9077373559160151,0.5219108319270662,0.3624840128342538,0.7138620598901516,software_engineering
0.1187027514636399,0.865796162888764,0.29601578401770157,0.6295370148309957,0.2896994192637571,0.7064146611408041,0.7436830341974993,0.859573906026801,0.42239737456713833,0.5180510779557811,0.18654796399296114,0.5159255990492814,data_science
0.5709226978142622,0.7107505178824702,0.12018654043441838,0.838882162016716,0.38859960893818574,0.7273106240968048,0.7923414210372542,0.6986454735204245,0.22834684532847582,0.936259967816691,0.10887346989376784,0.6125325263033056,medicine
0.08252640916991745,0.3559620494930287,0.3179636014748054,0.8439105368623959,0.9250555913338101,0.40410564201780563,0.3745842965777988,0.7557189972999516,0.8830710513182427,0.9952878126709731,0.4455855726131785,0.5048562102266041,marketing
0.5326677344693189,0.5667937034322158,0.7758882187768302,0.25301045301517305,0.465067979944651,0.18995901417371594,0.41253182267269517,0.4662098170966806,0.814045892854704,0.6099967318419812,0.47888256335368734,0.5340454659582605,graphic_design
0.3968632616313774,0.9138967784413721,0.4679347114346091,0.0560255581225723,0.24936756814876213,0.32822210156665693,0.8192895752357138,0.9552621074008579,0.6466791142398204,0.3862905354202837,0.23319847227448132,0.5044854171221576,software_engineering
0.18898798160268204,0.9445246392620992,0.08808612192997665,0.33629298135038,0.19164355532155183,0.46587799760326587,0.9797922794099603,0.9502933937521557,0.38695425449845905,0.5980275404504307,0.1447500011118077,0.3370041331402884,data_science
0.6001355193066705,0.8841767494206635,0.13145835680736764,0.9121413882199203,0.31621546223779323,0.5088961297994365,0.7161293650328109,0.7919484477040516,0.29667793596773406,0.7246799333785429,0.3744683523323034,0.41100811734237364,medicine
0.16947043327738623,0.24782515683066514,0.46969302369944915,0.8106610940382876,0.9480315073521515,0.3391340803569822,0.47929012851019265,0.31588216755147075,0.5734123286938944,0.8005080951412015,0.9079600288773609,0.6417464709838586,marketing
0.11361372569070241,0.35752935285420434,0.9979105977637701,0.2750707966118617,0.424865249930823,0.3061230328146054,0.6333874562844876,0.5325735921660554,0.8266185407072344,0.8757027903356548,0.40327146831464983,0.2417813471770699,graphic_design
0.49913100058800364,0.9766211330811619,0.4317525180560073,0.30074016449507435,0.1933273309933422,0.24173030796018646,0.7196174768243307,0.8507577696127618,0.6715770797558562,0.5367860998901424,0.41722450009754225,0.5677425199856257,software_engineering
0.5025057440595665,0.9667316931036689,0.1437609365295146,0.2342838507185063,0.26616299665578014,0.5386638341551305,0.9088038605550269,0.7927731955485869,0.39516386228495953,0.49855793053298864,0.33043906229343334,0.5985167505057528,data_science
0.3621678060171481,0.7643187310859836,0.41779079980024225,0.6583438067692646,0.6698303782389727,0.8536142033877361,0.4045161531117389,0.6732661454149945,0.3463620844274307,0.4280310756413794,0.3662128701049334,0.5364257146050804,medicine
0.4287110883853976,0.3257504034389661,0.6618891118155178,0.8409410660165952,0.7034397290273569,0.11737673752110596,0.5818024707882287,0.5634872640158005,0.775784217481599,0.520392631558757,0.7165272082816995,0.5881456229684029,marketing
0.3327136602324375,0.3134116290645114,0.7363508680738475,0.31826831607531936,0.4729917764363135,0.2810981786518027,0.19279401182672118,0.22757608063754728,0.7986984123360191,0.6779903964427338,0.32882966217338117,0.6483642506717422,graphic_design
0.4288225067242548,0.8166646987673073,0.24619087877711018,0.32426244744888877,0.17910773412305842,0.3918264300631886,0.8233454897017611,0.9025515585687448,0.6871048176788618,0.44507361913792853,0.35991657663909293,0.7030702706386196,software_engineering
0.2118651143402433,0.9240987695949234,0.570833790427266,0.2957098037091346,0.0773807943628834,0.554739769919437,0.8765328385378658,0.7692771310235821,0.5197021605334353,0.38678459727939696,0.30466178373161557,0.6121707102234095,data_science
0.48097393098655583,0.5109040948010183,0.23577993359595753,0.8210966712890172,0.6614935088576878,0.6719214076996165,0.5489619724579011,0.9478531599195135,0.16355828833455763,0.6557154845655325,0.21192672910841004,0.42393882004766953,medicine
0.6706454181638025,0.20577573825659454,0.6296452088405461,0.7845929170279208,0.9967826149637025,0.4323151384756093,0.2956057478868135,0.73192954746174,0.7678293014984177,0.9827241513219177,0.628697908134013,0.726418013570513,marketing
0.31932123030263915,0.3241918676120039,0.9709917500429264,0.2196521152980472,0.2982923282210291,0.625335015699439,0.15605377888585387,0.22263452971536088,0.8528068759421518,0.605657425175245,0.41800130044079525,0.4634351203384803,graphic_design
0.6563378932014424,0.886993641450678,0.2094062642438598,0.09889576818856222,0.1049826477147566,0.27641426206477987,0.9405845748790149,0.65562679373561,0.6232504986272261,0.6258154869527157,0.4650082579055749,0.22805595778779708,software_engineering
0.43906711709944496,0.9657114786489548,0.4616617053409835,0.08796929839885469,0.38250233743643075,0.2582436606404506,0.9371489881575931,0.9524197275495937,0.24716505448602763,0.4823703502578858,0.2824556616832135,0.5635482883469698,data_science
0.6681471074643558,0.8246210714078487,0.09674121834267875,0.9671596230446426,0.40249714028726147,0.484598585710809,0.7074027286346645,0.8215761790322145,0.6383832091597978,0.7513276915658892,0.11227578480284527,0.5993145786262546,medicine
0.079318705222538,0.1980473739982782,0.6506211416538095,0.9102780636778733,0.945306285515343,0.7810031241790281,0.3944761101468795,0.5496315236285357,0.5992737479588294,0.9405571929686817,0.7160279540521485,0.5951425579400043,marketing
0.39839828980850595,0.2529508330946045,0.9642963559659408,0.08817246632098767,0.31176014145323744,0.14221959094382378,0.42836884729857244,0.17204674444075577,0.7850648827223499,0.7312146130470165,0.5358323108025917,0.24077756464325928,graphic_design
0.021553908928375796,0.648387230621338,0.11391423945579317,0.30018684583554406,0.07717357823467001,0.7661793700735033,0.7731252858195687,0.8034118977168304,0.7492011929060226,0.4195252163038291,0.18971897113009656,0.8237059499749722,software_engineering
0.5568850661959652,0.698211368336335,0.42578736892508406,0.18248063632116587,0.3508695943895201,0.6679865099076437,0.8988322263292859,0.9865886082756236,0.4843519466186649,0.45215577796738926,0.3192299141968945,0.6529223727309887,data_science
0.6424173310582149,0.908472857644735,0.4966482787546986,0.9046436935250293,0.36027977611074075,0.8723061942753289,0.7641388596631725,0.8657215882409616,0.2922700997037988,0.8268431753774971,0.08597879136959224,0.522365554477043,medicine
0.06532050790072301,0.31048902072890255,0.4788670498670019,0.7979722502607546,0.9618244988465694,0.28727586988750564,0.24988502783262986,0.43889895270843116,0.6626728002331435,0.6993958253016754,0.664333988719889,0.6775930258601409,marketing
0.47906516578373565,0.6518838972049611,0.9222125388743635,0.31290312817158483,0.5267386713799608,0.13567530903832958,0.44233849701053785,0.20794495039046798,0.9025342094679549,0.5773250361899547,0.3254688946197718,0.1979619568459325,graphic_design
0.3792477793833702,0.6338251595780433,0.2786323627886847,0.0963746190338486,0.4702321770800729,0.8210442469931878,0.7773150047765005,0.6656312581172069,0.24431504262375559,0.24196940876563774,0.437956845179651,0.7421594965214788,software_engineering
0.2091502868368172,0.9983898356670348,0.257740656167505,0.11896959900172939,0.23310467841540936,0.7010336231729459,0.9820163835798363,0.9182772000953158,0.43222603539971616,0.5011159604372669,0.36716512942652424,0.11721769330644277,data_science
0.41353758838856003,0.864335511070798,0.5349727950848246,0.7188756372809364,0.38522112124157565,0.962470839262734,0.754223755358197,0.8518933821108615,0.3986194493500891,0.5882423940923279,0.06926856784158422,0.6741891356147308,medicine
0.07471846020262568,0.18266918568620932,0.7187957585820879,0.963907751588059,0.691741668510342,0.32449899437876456,0.4736921628374956,0.6623851953170442,0.8189470182638016,0.9211266368863966,0.892203028652382,0.6448510883534662,marketing
0.24203438461393423,0.6214396785092918,0.9608390322680584,0.11826285745394813,0.7834220175315464,0.09621505419702064,0.192020565780871,0.5578663109540002,0.9935941580568391,0.5940868608871619,0.5812937541421616,0.43527783047459756,graphic_design
0.5272333265414856,0.7104036779527544,0.08088086916507102,0.34087660014180793,0.2634904821364551,0.471619368937988,0.8335715966728278,0.8709597659664874,0.7214085143045125,0.34645892026515157,0.6454584312549916,0.3880644637486337,software_engineering
0.2523772156044831,0.9639407991583314,0.39714706176916925,0.2583951440619703,0.4356589989283279,0.6289288094228344,0.7704148973661786,0.9830134292513587,0.25064184231730613,0.6156696810673571,0.2732010238026264,0.5197846778033633,data_science
0.7861239725617097,0.9503761620838044,0.5691209989211359,0.922989818984567,0.4438733125902272,0.8703416827167727,0.4686358231398924,0.39989465467495855,0.2958435908335285,0.692251619026367,0.2400481944330186,0.7664774453069654,medicine
0.6106251213794576,0.2702737842094663,0.7862632895252434,0.7676064766099663,0.8952157044953211,0.30597778394862546,0.3798677310065189,0.6155693060644972,0.7176368706725876,0.8618953909601789,0.671229407979675,0.41276063102011,marketing
0.08496390154116956,0.49000425061725794,0.8361267223171907,0.3998514932226517,0.6891226427267803,0.1352290467000922,0.1693954921260723,0.2838514800402462,0.9743901045793393,0.5983827848696908,0.25641877207931935,0.2757162584860783,graphic_design
0.2819781412817152,0.8606249399822584,0.31180579097755545,0.11985783787519617,0.5405690461982983,0.47903605459179455,0.7932896314348945,0.7429933109717002,0.4657685890205927,0.3776141792803139,0.3334750509123958,0.8141390981979618,software_engineering
0.3158822194390956,0.7525009435999647,0.22710934823782342,0.29516721344286456,0.16627442198856823,0.42801290127135855,0.9871584153662377,0.7091602794887575,0.2850905433034161,0.5404145694118078,0.19212968248014922,0.6553995095191995,data_science
0.775430157895601,0.6551093630517854,0.16183948028201506,0.7309794302953756,0.7007384299989288,0.6503388182321654,0.7407471379541625,0.47020741846388364,0.11772471132223405,0.9235959101251656,0.15336451546378976,0.556624553103977,medicine
0.3158105334308487,0.4998324286692114,0.3001700303557038,0.8847542367301755,0.9779265079773068,0.14773411163298425,0.29337538542283476,0.6291560442826597,0.7734368240849716,0.9036654040744431,0.7790429449273554,0.5426839712636392,marketing
0.4758149038054803,0.32332179615914247,0.9388301104051567,0.42690989856375994,0.40317835844556693,0.20654467133729282,0.15195545813359515,0.3388587574100415,0.9562920140052831,0.42232300743940066,0.6241670232293361,0.5733807931385181,graphic_design
0.13968406680348827,0.8714348685289717,0.3168314627764785,0.24385929654697688,0.48293673803884923,0.31782144168937565,0.8412237527041718,0.7406453771479657,0.6963245278095099,0.17800241188026242,0.3145516765772937,0.749388306080509,software_engineering
0.053709846658593616,0.8723329307538547,0.32259523206517665,0.08076599360587768,0.31271206775299565,0.6026041880991824,0.9347733786283438,0.9592924620260126,0.37404997007647917,0.3002002842064003,0.5950063694929337,0.31509812772070983,data_science
0.45068974488806945,0.7797636001812336,0.032264502533550954,0.7339052756664403,0.3989833642989968,0.6917979321242625,0.829473868471149,0.5858512426133863,0.35132539157546344,0.38277857199975707,0.3436086434991177,0.4452772554871819,medicine
0.4085066974029371,0.32190907377105643,0.5451999289525221,0.6697092905258585,0.961661789165552,0.4810626266032752,0.490249293501405,0.590235405509136,0.5395465437332054,0.9957241262584228,0.8934942845514555,0.5455792747654556,marketing
0.48503987671859444,0.4835378937921895,0.794634390289558,0.45475965658768336,0.6088211818885974,0.17774846056546353,0.5716683180991854,0.6259205325533702,0.8786741987969251,0.6712622193310529,0.8207945717872904,0.4374335522525991,graphic_design
0.5648549941869415,0.9492421150278211,0.11638602286873054,0.2581669683620409,0.26705024913024983,0.5195976109458293,0.9085080682173095,0.6937546642935059,0.47800150434449723,0.4796779267874109,0.42323226251139295,0.34602732067052483,software_engineering
0.225424381892118,0.8956642019870765,0.559340614381676,0.4589342749154037,0.24353254110863803,0.5002106653391957,0.9526167648522348,0.8531570726847268,0.2881365676135616,0.3870797851079028,0.25355684659614974,0.4679660051376612,data_science
0.6194454955408608,0.86637771123414,0.39207669686858415,0.9770608248979009,0.5759061539665954,0.5668851305877844,0.5034620274451236,0.714001933525961,0.20902597820213048,0.8497208843712323,0.14270118859312875,0.8331495530410342,medicine
0.30695053282582097,0.30995508087852064,0.4123728882938877,0.9498286946198587,0.9801223130068176,0.20372843592021442,0.7429110565139474,0.5352194453889031,0.710928255278559,0.9433221353670702,0.8021247225779503,0.47882615002356343,marketing
0.4694030705671314,0.42348805893708236,0.9239656780598725,0.5841578123181873,0.7512252638147326,0.3533264998677649,0.29743143519780385,0.14342977997846978,0.8252012088849466,0.418138038960606,0.4486043065801843,0.8428470020956553,graphic_design
0.1827105708132474,0.8479027112746118,0.15781295398262055,0.2386580128209494,0.5283880598065717,0.40194136567732414,0.9230876320619337,0.8439289330551033,0.6440375021512946,0.4687390515612253,0.43844955852800055,0.7292117682987428,software_engineering
0.20890258671962292,0.9115075944807254,0.4884170726456971,0.27181908350403855,0.3948716024869532,0.6667828488044152,0.8364159913764125,0.8197046148408539,0.4057574693080271,0.43720031245878155,0.5682516183169749,0.557557012856708,data_science
0.4087787392909763,0.7527455265035028,0.3333400462811716,0.7059237048779567,0.381501363818629,0.640725400811312,0.6061388565671467,0.9359854175279146,0.19143490028216617,0.5063794327779846,0.4658390049493345,0.6964411888002121,medicine
0.2974425782194555,0.23381596754917297,0.5601062022686162,0.74707800872549,0.662912429076491,0.43060506614795796,0.4524996210006952,0.6422593639355572,0.8416065971755005,0.838185184568459,0.8712721098245103,0.5849361459179553,marketing
0.2433246252245864,0.3974384690150401,0.969574757665832,0.3162698306753239,0.5245806489933876,0.204662780304995,0.3448552142315664,0.6093895931844457,0.9343443646881976,0.5870406453196414,0.4273804531762048,0.40473378278321614,graphic_design
0.3257623201931654,0.9326670400267235,0.16872486521377258,0.34133732976876713,0.2982471177090999,0.5416871453997785,0.6819813983029612,0.7263932810948325,0.6737791725276872,0.3386518561774759,0.6164686963716178,0.7255284220458877,software_engineering
0.3500555292165151,0.9925881305570863,0.17204664201357742,0.1014893350264214,0.3204022215252693,0.6808027259608421,0.8588063986700897,0.945526768582648,0.5368523737979534,0.5246264773997931,0.04537330807420375,0.522182819661077,data_science
0.6842673410979601,0.43499811460378335,0.010908257756727137,0.8218505780125441,0.3085843566014582,0.7042751446698738,0.41376495054685297,0.4944476158575397,0.4442754357332801,0.9111512451091174,0.3320916473132039,0.4485668323040529,medicine
0.22113025493845964,0.2991971163383476,0.7604337704407929,0.9783017575244984,0.909251969222124,0.4086283017157481,0.5868795050033514,0.6185949971902646,0.6758276043632133,0.9605505963179843,0.872896227273172,0.6745298037698171,marketing
0.741428704850873,0.41099350965135484,0.7594656772910262,0.23430093216185094,0.597819668278824,0.10769366075452125,0.205869327744239,0.4752465682853993,0.9117579389189221,0.5498281734451828,0.47255848880137385,0.5477523121582866,graphic_design
0.6486337237890076,0.6642594389986907,0.47069592180947606,0.2668948215603141,0.19357817088364757,0.5001597260493528,0.8867631771397038,0.7144937406759938,0.5256143673108007,0.40752888386858716,0.22296440435171355,0.3793956695242064,software_engineering
0.1845189867545465,0.9864064105070562,0.2706833004042241,0.37515316166347223,0.21047634732926637,0.685949942785299,0.9362733284775808,0.7874913724819561,0.23513756993804852,0.3606377645847029,0.10476332343272642,0.650970523840455,data_science
0.6417890414701888,0.6728410151060374,0.16043844086504966,0.9230819761347904,0.39515394270187293,0.8306684987783155,0.3906804823334712,0.6712279593130375,0.25234104994495127,0.7715653492446913,0.20846762055195311,0.5163355288722445,medicine
0.510147985981061,0.3236718404375467,0.8094170288236584,0.9467782581680062,0.7635158898938357,0.5638445387697398,0.1712262444216236,0.3759720375757679,0.7818192335352878,0.9601340435711351,0.6428232801035896,0.8569399914787931,marketing
0.43719198810406407,0.34117047251727806,0.8300052905818621,0.4598391653217863,0.24215033740580413,0.4737256662832545,0.06336026286175866,0.6529485996180204,0.941667389566079,0.5341217182033025,0.6031221350816479,0.5108458637991153,graphic_design
0.09573990879844396,0.8680044552296118,0.4243229491264523,0.1570028687948935,0.1708684268046644,0.371656396053054,0.7880862528106929,0.9636663755774785,0.7877894099445437,0.6244543329455425,0.4585745248864195,0.6946732605980598,software_engineering
0.27799497112813853,0.9895203341349565,0.17581614448078875,0.19729746463620876,0.1455538520013074,0.8398681812086833,0.9788125031610717,0.9903799854497831,0.44069351774475635,0.386851374906197,0.1880181746732433,0.41095198926386556,data_science
0.5423397594082451,0.6850052517672448,0.2239652162572089,0.8865123639940878,0.21372463012700899,0.74590097620732,0.4376402465794181,0.7903838139936822,0.1940014638389176,0.7956184214591391,0.21043839905616865,0.2859811410848579,medicine
0.4673159142523191,0.33454986928191294,0.4664695802530669,0.8076714848933607,0.9233082695739117,0.20347758928292378,0.7023014423301475,0.5358831771203211,0.7975669612581174,0.780189781012638,0.6795382888443587,0.7408496640673927,marketing
0.4381587729568603,0.3410490385276784,0.5991965690883996,0.5802292436049518,0.6327966409864872,0.40664333614428877,0.25495509543938677,0.3515543935725864,0.8186314104985422,0.7083587798166228,0.3655609992352247,0.129320180760362,graphic_design
0.15293448853509858,0.9328890391951385,0.6029662315599523,0.22212896218800757,0.42405634462720404,0.3815319384776174,0.5652273459324041,0.6945651294242916,0.47177379932709457,0.4970679266564937,0.7059194491810666,0.9529113828003816,software_engineering
0.41576652205924464,0.9028825592255416,0.4997159868644185,0.5906213643902055,0.2821726676407944,0.8355386665437523,0.9322987226308743,0.9590444223023716,0.24423150313946793,0.4043916994410869,0.42374475210759033,0.6052878161445081,data_science
0.38304432049282144,0.6668060725633789,0.13720999032374623,0.628511256600058,0.3523570734686658,0.5889542573468967,0.7454357101776536,0.8199017085437513,0.2794008963136386,0.7484086296275463,0.12710323993628211,0.4777644626509744,medicine
0.12036213563826925,0.2266561424466303,0.7811699111140704,0.545129067103499,0.9589977383752362,0.4002571753047452,0.3241746820148121,0.6513667968586818,0.6263022164601136,0.7978074205246763,0.7013955392112334,0.6738240635371605,marketing
0.34042434613185485,0.30969919253640266,0.9309050689076538,0.32546235918878685,0.4574048486380291,0.32236553609875795,0.3478163523852984,0.4849126323993826,0.9087573164619291,0.5723648120037907,0.6740877178029621,0.3183423422471863,graphic_design
0.30189802092852963,0.5840849292010675,0.24511244757143427,0.12609507927298336,0.5589215568985325,0.3689667546963038,0.744912564608911,0.7986086366615663,0.6991483874317345,0.36143139867447294,0.32668853609497966,0.8372395748542595,software_engineering
0.22078480844147658,0.9768495645985021,0.3582490971480175,0.13593648295220198,0.15219021690811815,0.5585117976614218,0.8872456006676103,0.7603027797158298,0.24782075499230882,0.27306292232682405,0.32663647676706775,0.8763600429725138,data_science
0.597543894143475,0.8545024305454743,0.10924358872427241,0.7475042977576104,0.210196268621132,0.6735468476606477,0.6224570084663285,0.8765022243943799,0.2401408804303811,0.4565884131630202,0.18531385396901429,0.3592141067291335,medicine
0.1757112482718605,0.5275308955961837,0.34903866777123055,0.7604511764623879,0.7880036766378202,0.33915756379772777,0.7083928169950651,0.5231090700787473,0.6796653835264511,0.9967539570507413,0.5909061721258949,0.5221841059829161,marketing
0.3682968572101234,0.5955838202024233,0.9509378994362512,0.2671797615798284,0.32858963228865984,0.23795139671946272,0.4124099616963226,0.23781600354785332,0.9680886436614708,0.8419536367554598,0.13299047910288786,0.3803564126537078,graphic_design
0.14876140480003833,0.9613312733576874,0.22063104345555073,0.42845055748653055,0.059264966229364426,0.2592582233494039,0.8218244155135972,0.9206439360203625,0.5268115787689718,0.40919399122472816,0.3354001251148884,0.5596138000444482,software_engineering
0.2149110885539387,0.7655541852967217,0.1973428927352554,0.46602808507279636,0.36212302420656955,0.7702808749787983,0.9278422569044937,0.7997300123869606,0.41072332932715533,0.5554641803275265,0.13663365681286568,0.4583180106075614,data_science
0.547677322490048,0.7745348450311487,0.11986664224011978,0.931382678377799,0.35454962683862107,0.6198437780690824,0.5700472880541364,0.7132426149094279,0.3045312619523543,0.7014555651352379,0.29077881582987253,0.6572605348454887,medicine
0.597188853448359,0.2656707584025361,0.7187076663967268,0.9333801229298044,0.969297750825074,0.47130047637075934,0.2913076538254332,0.19421813680157432,0.7442851442361457,0.9113048719023863,0.7420724179161018,0.4317172139547682,marketing
0.3393604268824481,0.42197519937985023,0.8197842199671243,0.4125217226838235,0.6005654950885784,0.2896397101048977,0.5387174064014968,0.6154736594715355,0.8426000395651276,0.7865584840220594,0.5021632825210839,0.3145658522675202,graphic_design
0.5133797206349113,0.8220477038388816,0.35739700945808983,0.20105063877002752,0.3096722254018521,0.08220059756693744,0.804907931358572,0.8071602100930699,0.6632232706468643,0.4145585739708142,0.5090784952093281,0.26660828166912937,software_engineering
0.1651804268378503,0.9895540555185082,0.4118269960403675,0.23318471316505754,0.24996120907612734,0.6413961136105957,0.9510105042172848,0.9961149087881928,0.5190236459318831,0.28684068886805286,0.08152833041549841,0.785705899154664,data_science
0.5611164861647865,0.7879587551689875,0.14765468524511102,0.6348432896257038,0.1869197287818526,0.8021689258123906,0.5615009165591953,0.3902229535013544,0.4579077057463052,0.5098390197689945,0.05582531118267677,0.33291518755468014,medicine
0.09490138296463285,0.2986676743227665,0.49809470830179,0.9376150069690359,0.6882211679867977,0.517554338179619,0.13638149097573976,0.3802420397910194,0.770515059916404,0.47046386665673645,0.6798488822008626,0.6717645067912397,marketing
0.534548348828115,0.40419870858038565,0.8705545857437293,0.2851575827498924,0.5545919188288635,0.2553009429896087,0.4492739461291551,0.12990193279522164,0.9389575751926278,0.3939326473544074,0.23510490344691015,0.5375928823870811,graphic_design
0.17740261609087032,0.8095126614501724,0.21035011543838666,0.1097024886667264,0.1065381185570502,0.6397923833778343,0.7510843894831563,0.8427865639902041,0.5621532568491865,0.5357909746239389,0.46248371346261297,0.33190175429035934,software_engineering
0.09593081264315123,0.8204989874023432,0.2813801197402314,0.08735612821104749,0.28841267699288936,0.7504549204784041,0.9131776488255181,0.9207195953675703,0.38879136272397846,0.6442646149575031,0.2732373622806824,0.7876325664094845,data_science
0.7296123397231868,0.7387673592347472,0.10425904024718241,0.9005081539744936,0.6373414458280016,0.7500654210762943,0.7192113450926354,0.7308925452571478,0.3794620841376633,0.8263832274309028,0.198968045241812,0.2752791195180286,medicine
0.19401036760641407,0.24931800249279937,0.6633530738736959,0.8426695122246334,0.8924733516651668,0.5735483057083273,0.3684222906889104,0.7060403606243536,0.5269323701261558,0.8107747209395649,0.43077362628517035,0.7407633692687642,marketing
0.43744757344018725,0.357706727465027,0.9991063256839771,0.2610880028910942,0.45697411324741527,0.35031382155837304,0.244543819914687,0.3874054468103572,0.8250577761012905,0.4108327110812594,0.2663581826734224,0.4794948582897173,graphic_design
0.23879479125923764,0.9177122223183295,0.174130142635258,0.17029033132435895,0.07499496247882903,0.7161866263820248,0.789121083734794,0.7398087073592198,0.6638586802077152,0.36728283361196246,0.5248901773362548,0.7326626328702028,software_engineering
0.43766824999652854,0.9327763094573293,0.09436753132991473,0.46552879964801835,0.16968948811869114,0.6942286747993698,0.9920504008022648,0.9597601820177076,0.46276595687182875,0.679192485961532,0.09103176103315788,0.6195236352290627,data_science
0.17410792613889672,0.6689012733165032,0.13613938127155698,0.8079913594156799,0.24124335929567717,0.6965011761735118,0.6588494604826267,0.5479777454371348,0.2211893399803534,0.8916617083320162,0.19603151713275951,0.7454662885033658,medicine
0.3061098850698539,0.5000673845731377,0.7091702543118102,0.9700712420855784,0.9556845545041965,0.7381200748580654,0.5124045094412037,0.5295422066933805,0.8645307275415002,0.9634581239369348,0.7693866755483356,0.5547999475141675,marketing
0.289531721036482,0.18501782777176545,0.9147028568892682,0.2465960965790729,0.4505024376939664,0.10426552090497512,0.3421491547620642,0.4780034948784788,0.9180107124642513,0.500047536602737,0.49386653706556377,0.2888830317356897,graphic_design
0.05113785864435971,0.9771663858041436,0.8185199375081694,0.08593380236567968,0.20633059251595218,0.4869504845169512,0.7423155543585526,0.9095290903075409,0.4236518010249579,0.31220081017726503,0.19848590362036372,0.3431863220500487,software_engineering
0.3798373053113834,0.8414887348943106,0.17535769426151937,0.039011733773699896,0.44409386070826223,0.5768164225081338,0.9858566212058144,0.93528948082277,0.35986112006043397,0.6083373988683333,0.3493288152658666,0.5948609189903671,data_science
0.6770694456934192,0.910953913428168,0.10234550240552837,0.6530995705796765,0.4867927830107983,0.9221769288764835,0.4761110552719673,0.6452084156204686,0.4271681548765331,0.6015556288738512,0.26204186198029583,0.6601330590339468,medicine
0.09724359907536617,0.4108349344333062,0.4454513612889248,0.726303548242253,0.909917605735008,0.31103348089348765,0.29239617617476815,0.3557953822531837,0.8822260124885447,0.8650004277253208,0.7329493440007083,0.703629148497418,marketing
0.7162639212861531,0.637678009274856,0.985767651920053,0.11094516391815536,0.5244093105895586,0.2359907073958633,0.24262890210554536,0.35022578756098344,0.9861734742110784,0.5901435124893728,0.5526816996007891,0.4376359269485539,graphic_design
0.26949036587824426,0.9081457366348618,0.06775063327528766,0.3599556210032107,0.07736345564638783,0.5337740407568375,0.8489236150657478,0.7872318892536133,0.46460666229116604,0.4595370227677199,0.34573501927491634,0.6767377587881924,software_engineering
0.20638199120313602,0.8371981283604657,0.5977097900366551,0.4042040234949117,0.3667371464553965,0.634134736737522,0.8813529013913132,0.9685809305716043,0.29137985260829047,0.6446018174306964,0.4792873476881271,0.2692582113574834,data_science
0.6388717569733647,0.6465301762732069,0.2538601920990193,0.8350789072060123,0.40880436303297724,0.8597040162284467,0.572586732502012,0.7822836122703921,0.3531481153113638,0.6368030942197135,0.16700002551938933,0.7137155916766231,medicine
0.35982066811660357,0.10168196681655572,0.7352778219665203,0.8519623770717341,0.8845156215126673,0.23179417129218316,0.22898443113943148,0.2626793840140592,0.90602938483641,0.8575721560117696,0.6067023405160014,0.5351851087438032,marketing
0.37084022755935847,0.27463208042917514,0.8141542543293615,0.2976734664069343,0.5987850900630293,0.16688004791547248,0.2905958408683292,0.5858973618919623,0.8383594476882642,0.7479398492579321,0.3344873009660526,0.2871403171490123,graphic_design
0.0770499970200748,0.9634340612929678,0.4422459468881357,0.2551383537171504,0.10129540398359989,0.5540311162661719,0.5831703989646474,0.650242508058178,0.6254507680908991,0.32293639465710117,0.3931573789678325,0.7620550917487915,software_engineering
0.4464128292080716,0.9914068075886362,0.26906178312869594,0.27455650363376954,0.18632100073763125,0.5116954476442319,0.7834057516916215,0.789089033649158,0.6275290599981089,0.3406901410179988,0.5963638211643164,0.7826949320297041,data_science
0.5514344202743667,0.790446209618421,0.1318822294976491,0.6942045029900178,0.34342203498251406,0.6822680707987744,0.43525292691243145,0.6547073992616629,0.2522100838313198,0.5933926852381708,0.13619139357675425,0.6889062398074045,medicine
0.0697672178258134,0.4808530018582382,0.4530562503146958,0.9213459242640579,0.9500707649218668,0.37452405600748795,0.41671400694919747,0.5048612161917309,0.6095205579999704,0.986032038194756,0.7177105001906101,0.6247890225058209,marketing
0.26748550441871366,0.4388242698033922,0.8535803788984486,0.2386873515030888,0.290191453237562,0.25273996054261083,0.09650068645092859,0.440462613058512,0.9414853303448714,0.7941809493557551,0.5451528092490732,0.45732070797192026,graphic_design
0.1147504772750369,0.662024256627885,0.2665203527988317,0.1857600973036301,0.15372810211182358,0.43963058867986643,0.9569954683556902,0.9164652393287536,0.722188443105846,0.3834015473265349,0.484470733450405,0.726218441381859,software_engineering
0.405366334474501,0.9849004756726197,0.48844017870071343,0.29024728376907466,0.26282952778337426,0.5733911234578113,0.9404450147562472,0.9920504343960636,0.20376069158648,0.6174310088511425,0.5834461110311079,0.31916217595693314,data_science
0.7055658050651674,0.6820901308408479,0.3467462478916201,0.8391823533341822,0.1638008569860603,0.8876428941415139,0.6365061229723229,0.8658815847386231,0.14587493446317473,0.8001369048120666,0.1594165368063363,0.45976457295981776,medicine
0.5190370491812751,0.16285688899557532,0.6693223767755672,0.6390365724366667,0.893509653600806,0.5408684394706897,0.5487836845349875,0.48181791985523803,0.6785042089366612,0.9181702699899373,0.7724559497102793,0.7868708773406226,marketing
0.6797452043599838,0.46218545102620534,0.8531452165051352,0.13482622881407266,0.7489003013750314,0.1328342309136818,0.4417460607800889,0.42836040235287354,0.8367674461548577,0.48518618705069066,0.31438995721619306,0.5032043266127919,graphic_design
0.3550408639823248,0.8050362003760844,0.4796828462409733,0.2664569832766903,0.26502903883254064,0.3633663775197174,0.7411327177541766,0.43488385853206785,0.6556898320393261,0.5161364768628325,0.36293025124623557,0.5144590370606988,software_engineering
0.22193102459309233,0.8606423016575999,0.27349214755423784,0.60110923284364,0.43566767778744725,0.1313432012059201,0.8964099306918366,0.8607204157225224,0.2873734314405128,0.4813361354435727,0.23752008254956902,0.6528112902939858,data_science
0.4540801426385166,0.9038911160606435,0.2915952917893618,0.8466289173894838,0.5104757145062789,0.8069367775475579,0.5965266089420946,0.7299394007381199,0.3936485903281038,0.8379343992112855,0.28066543379168996,0.799861739742323,medicine
0.5269032332734361,0.12867463699144305,0.7300722344007778,0.9235735293924086,0.8950535481927445,0.3314667333893749,0.31464568755988415,0.6900394535788148,0.8463847704371419,0.8507336301653173,0.8932716338335123,0.8069211370122383,marketing
0.34465082212915127,0.359424738589368,0.8424814928593007,0.3050313736742065,0.2513429852954406,0.5215503875371248,0.2845851939857489,0.7569627659631801,0.9918940463665344,0.5734468979117842,0.43248709043681216,0.348304873401228,graphic_design
0.45073253552565695,0.8339583818190249,0.09882128547971288,0.044998334257089746,0.11191445386858895,0.2883570889943911,0.8675910128063008,0.7506722370022398,0.7766881501998528,0.7868758757112628,0.28589590135917353,0.7113007955323903,software_engineering
0.4096728837028234,0.9858769013348436,0.3575064704030552,0.363263708503102,0.3947581552802368,0.43848120634748056,0.9446529088146245,0.9901302629880212,0.6071933072121242,0.15273954644421084,0.11097900012467304,0.4700818216476356,data_science
0.7106226943651589,0.796151952777152,0.410626987516939,0.8453022092253927,0.42333065628648014,0.6467856469701121,0.4922661233424007,0.6831133540141411,0.2934343323074881,0.559471839214592,0.11436323092514523,0.6703681818064767,medicine
0.23975640168645107,0.24232261940385288,0.5372720396393441,0.8866014898916078,0.8988387094921476,0.26242031172697844,0.571448981480641,0.4222566565907959,0.9095141905677949,0.9875964419138786,0.644759791838791,0.8008708783780205,marketing
0.3431672391660786,0.2884909871851496,0.9924753658107788,0.38722736446659145,0.7178973854071323,0.2766772167381512,0.15401283034818625,0.29135351251924235,0.9724325091832332,0.8111431540291612,0.26858351964371074,0.36218923972099143,graphic_design
0.3966465860312688,0.9124754987138946,0.28631360327155764,0.2365352437330413,0.1641944864922985,0.5139865094980545,0.9391319393262022,0.8641035748977004,0.4729281201407759,0.3018905768365419,0.3546190494921427,0.44717751832459557,software_engineering
0.40149398164559297,0.9456009303719775,0.6634725157467807,0.2083171649873312,0.12996636454813076,0.31596158906496663,0.8759370583582214,0.8649186312778029,0.19760875972657851,0.5687151478806504,0.5833021505832962,0.4956713154212228,data_science
0.377076493425551,0.7781417347224977,0.18192502663109944,0.8492668936475909,0.14426092492626752,0.6069402356633551,0.47825155557420407,0.5979186974804219,0.4890654292384674,0.6119245508030893,0.3072113411129368,0.4264759872859703,medicine
0.2150230210051723,0.32596168659835806,0.6201602800910002,0.7902837488397945,0.8894710082801387,0.334099061072477,0.6026208681363759,0.8137426262395067,0.6921116921867837,0.8071383299287771,0.7923543620547325,0.8266242781288757,marketing
0.7560644226295149,0.5950250264537054,0.8237715422558118,0.11362642718051807,0.6059018482408902,0.3942472689113131,0.29605959900797946,0.3865134979863714,0.9630010841305046,0.6793707541057509,0.5405045814160714,0.23708208849118415,graphic_design
0.14691573033947483,0.9565241959760581,0.11390511881203427,0.22742695938457286,0.1568419352398325,0.5820225418041559,0.9465147416514306,0.5706120736248828,0.5967070224146546,0.2503584606945487,0.26606019782238055,0.6659491496830399,software_engineering
0.22579389352756338,0.986056319953753,0.32193052750699563,0.3082464307924747,0.6002873184935394,0.47237459834727197,0.9597779166524433,0.7598476960262656,0.3040439545741005,0.29460032662129304,0.1619174553887215,0.4078877919941056,data_science
0.49775578504329243,0.8245528086356735,0.1652437178488083,0.9681088825312617,0.5622200952950178,0.767314582792018,0.5105923148250814,0.37509644317928553,0.3496742133368892,0.7028428083187868,0.1420871631647745,0.6212769416626434,medicine
0.15261636908993104,0.35157512389104123,0.8053719317294961,0.8125646472515862,0.995798373837104,0.46869662794760997,0.565286178630847,0.5299098799077165,0.8586787884528194,0.7833920689510278,0.7221788926355653,0.6461076677761132,marketing
0.3183205543375539,0.2025357278423964,0.8005708047038945,0.18955955380589548,0.4073895260258731,0.08450177748983137,0.30854036596914164,0.23004395840156946,0.9988011880918083,0.6648849337578563,0.3272663980392934,0.6798465815757213,graphic_design
0.2313162568791419,0.685958141076109,0.41891718814728995,0.29071332977123043,0.42412682679090413,0.19058793874044513,0.813090989584077,0.8773249056509902,0.5198228757958204,0.6637377384165004,0.29898663884963733,0.49594550458859427,software_engineering
0.2704963464848715,0.9239713553799129,0.22293631051518564,0.06976272144308708,0.19347302317382878,0.7282041520733522,0.9902339676945752,0.9566402808483543,0.7019365098145122,0.52181600685043,0.3913641580788918,0.3396790944011594,data_science
0.533403539595426,0.8935866144045863,0.3880051937487351,0.7958994061089807,0.21743366356616728,0.7870297019180926,0.8261805487242608,0.5745207168578391,0.1979817995990138,0.732863230105045,0.3049021600889474,0.48656827437862926,medicine
0.07663999026266065,0.48453106500600246,0.4517932215122264,0.7744294220732916,0.8528400560219385,0.28917065484756665,0.4163216957480927,0.36840461729142693,0.4578978837044482,0.768472518635146,0.7668490073825543,0.6261285784596591,marketing
0.07433916863002521,0.2069115992602339,0.9560490436145934,0.16930587194001706,0.625456583826057,0.4849611021122137,0.2397628563560429,0.4456487338842114,0.7892152728548344,0.569104564790964,0.5090863341908278,0.4677597867979426,graphic_design
0.2811989304653745,0.8289207804690911,0.09986392296120276,0.11430252231369176,0.24047894083884153,0.5534019909960971,0.6153593533232485,0.84561187625362,0.6676858896755671,0.22962415674855075,0.2068948423334764,0.7455048834561167,software_engineering
0.6678797205377639,0.9363936468363077,0.2905586542689718,0.191486605294481,0.41342548350536495,0.4630441794314315,0.9462651855745458,0.8499418182350111,0.610878706426487,0.5332181407253144,0.20040932063509792,0.5032626847040353,data_science
0.47369538318324483,0.9757917518381722,0.6770023069034334,0.9009849001972731,0.36170123502949797,0.9128693404312022,0.4892971325583238,0.6894729553477076,0.27792956242594086,0.744276546754097,0.22053456582197617,0.8698875251900077,medicine
0.16645943238799168,0.04796600993747571,0.6208123790592767,0.8208883237645741,0.9856935818072845,0.3323376413554828,0.24693965683884175,0.5031754404140939,0.6421949094453033,0.9708589797564969,0.7330251277640576,0.6468528980714728,marketing
0.3431378374846222,0.11848952667209872,0.9142408942193118,0.09421805295983392,0.4669093959768117,0.4727654698981758,0.18300405872003078,0.36393397658194293,0.8344768673041628,0.7858651323942167,0.3553859923965807,0.5572043758734608,graphic_design
0.06926224224946315,0.9954184671172018,0.2875530108105334,0.20207592072865416,0.262280878204488,0.46990412713398205,0.9500334913146202,0.8348836944277294,0.520455527959505,0.15356917678491996,0.2855585893834009,0.38744478731649634,software_engineering
0.14370825918330818,0.9059906507577865,0.3126559071994416,0.36752633352601477,0.23631212006801008,0.6959617447751056,0.9495637100767502,0.9742924943296927,0.5261420395537142,0.3921751285973186,0.4403768763997223,0.5632665254512941,data_science
0.45671892518020846,0.9513978252764019,0.12323301407439943,0.4039434184571487,0.5071091065835431,0.6513279718051043,0.6838670825491824,0.7306812365645581,0.17995337488679775,0.8981363251700594,0.10080280800773375,0.8135624986839446,medicine
0.516989579742787,0.2127137943190607,0.666729798708666,0.9049079819212656,0.9937882543013322,0.2730577294031661,0.32803941788174673,0.652502753475107,0.9052598352938359,0.7822417334217708,0.326318041862306,0.6186479843755476,marketing
0.5396791496403034,0.17411171557652283,0.946631238740875,0.563717984093834,0.4011530648274491,0.09269671381812984,0.5355767638775436,0.5268303802036635,0.9867128391603869,0.35295190485146116,0.61510807884705,0.45288184266599346,graphic_design
0.28552084144578727,0.6780293658483801,0.559826440010324,0.1003535655859547,0.5243919065958363,0.6775063217298576,0.8498222264085835,0.8401887063128796,0.47942078334614563,0.32000532649316815,0.26458384978120264,0.5390958839450063,software_engineering
0.0863627240441402,0.8609442412175496,0.2594441914778773,0.2528642132864966,0.15308906020943622,0.4513426392052917,0.9386795266460509,0.9255292582088457,0.40308113342799656,0.7697351007956389,0.3833623112947866,0.5430725834802803,data_science
0.3616629564150341,0.9623144639700811,0.1844753099926413,0.8673968073901355,0.7442874890326863,0.6067972751719268,0.8148870548131052,0.7207576770392993,0.31120136039718854,0.5742740289405911,0.11375966414546565,0.7516461778476486,medicine
0.16983270751758625,0.14893625052180345,0.7823453312609293,0.5979899870836662,0.99483905199568,0.388127787369849,0.33340110065121614,0.656072910385381,0.7537355164589764,0.9410874043441474,0.6543211870675234,0.8459740351699895,marketing
0.3228604395520538,0.30785076943378786,0.9282292779789838,0.1870162719952515,0.6619549890988169,0.2611402335005051,0.5697498965860778,0.3784350259845578,0.9576321735100578,0.7338781209170092,0.4966215773009135,0.5755983732745501,graphic_design
0.567969571552023,0.7232350527489754,0.153905959540316,0.26777515696292187,0.20116107814136927,0.6849532054470329,0.8996485169935041,0.9027730095409596,0.6037145074421262,0.45360159391355986,0.2073644691025323,0.330309663160999,software_engineering
0.2312959664821448,0.9155162771015729,0.1871139950912383,0.3498305576134884,0.36290558309509163,0.5603900702454006,0.9844389844338588,0.7944229794647152,0.5134266005133539,0.2830391450026457,0.1664817367516883,0.45798358163624053,data_science
0.7419922168283664,0.968969465324296,0.4202028362195076,0.8772591135401179,0.25040424506361714,0.5596655186023141,0.6522232913027124,0.8548395494899047,0.2058911050853352,0.5504183355254513,0.12103196973669235,0.5343220032663858,medicine
0.02743029961640302,0.3484340520943064,0.5012997889215813,0.8416907863804068,0.614951673364527,0.699737596703294,0.4346157273250911,0.4265765133181499,0.6585316234105072,0.9172898713056803,0.7653848563094273,0.6353737958202054,marketing
0.674157167075823,0.2649423702760444,0.8964361953057997,0.12463508596934471,0.5985364527418522,0.06830614987460437,0.38949605991702,0.387409533549797,0.9772669117591322,0.3779688210098942,0.48183019711968944,0.39911537294978827,graphic_design
0.16094887537700378,0.8009296943989829,0.21908571595470772,0.2227338350912109,0.34492106121228056,0.3145788633002742,0.8002307537386999,0.7970866188100015,0.7865773753409765,0.3822733419426326,0.3212243276600544,0.4609314444974907,software_engineering
0.2135933474684338,0.993386311868362,0.1414098801191803,0.25394929238224423,0.20645917598191169,0.5227805247812671,0.8697178915419375,0.8248734910667765,0.2163264066616397,0.7454408951236868,0.5780114876955857,0.38253829098467695,data_science
0.23911294825460785,0.8329958635345277,0.12984218384992222,0.65119675192509,0.21561345627316061,0.3514884608763365,0.8123107756522507,0.6774465168582409,0.3525193548325625,0.9792835855944184,0.18588256331249522,0.5035331818729416,medicine
0.3831319750569128,0.23278021604998575,0.5368225233470395,0.8065177199205589,0.6256215984428362,0.3586751513510223,0.39621415207764177,0.39995382665814905,0.7350260549887525,0.8982487297642845,0.8015202730568948,0.5887076248524057,marketing
0.4887153566844595,0.4386654844141276,0.9469317448986058,0.24947465899133597,0.3910725352332177,0.0802039771078044,0.18874181390023398,0.30868808380383256,0.9065162095060297,0.5624192849843599,0.3917145898074741,0.5171768603058307,graphic_design
0.21487605077594094,0.7321513064261733,0.41075374041062285,0.4073009338324788,0.27840769504715607,0.2900314516197341,0.9179059939085453,0.7088276857110759,0.6065302603314037,0.4315553672281377,0.7250485672759677,0.6655181926014767,software_engineering
0.1741218258185684,0.8401061561564784,0.14441375403376597,0.2556350795193548,0.5394927351772024,0.80591384616662,0.5361500263434165,0.793555594485583,0.37899454875328836,0.5714601685513887,0.4227727258303087,0.6036648491394425,data_science
0.30254508085941506,0.7999743822477857,0.6438093974358291,0.9300937698771496,0.2752914126379926,0.6647123874705597,0.6732646448610712,0.6435952382171098,0.22925351751155099,0.6070818436189378,0.4917468633820799,0.48539462611288514,medicine
0.27728601461347263,0.5407228675824594,0.577000293957095,0.77880276822769,0.990358335949815,0.3860793029659118,0.11679081244384298,0.33085766807610784,0.45550449580228264,0.9848945399900008,0.8606253636708805,0.6168823127106456,marketing
0.4029344819076241,0.4944129844538904,0.7972601363943752,0.01666474154999362,0.6719101530775377,0.5516999693794705,0.33499774400533977,0.2638557475075453,0.995068397572708,0.8509383455555151,0.6053506799279342,0.43766968324609146,graphic_design
0.41886325351546233,0.6240014791885826,0.35852938006101026,0.14950251428374728,0.13547564788220604,0.5572614312652471,0.85099394222417,0.8363162000911819,0.7493026959146102,0.41553964627351625,0.5575408964165303,0.5404124071742958,software_engineering
0.22211250091582524,0.9601810589646421,0.3220057102894044,0.1181386291419787,0.07200120630592037,0.5549821605451604,0.7609241078498513,0.8636077853049361,0.5487692871798872,0.45731799245943916,0.4807470365195368,0.5049284495282274,data_science
0.5406409017243021,0.8688006726595927,0.1394618207250345,0.7524140114092629,0.4913551150293113,0.8053640152185004,0.6168128106511723,0.7307491780854207,0.5322801909046749,0.5444775758191301,0.021102617151074803,0.4326049243428701,medicine
0.23664101099091428,0.3232219202306093,0.5504148104344722,0.8809180201428715,0.997799835333218,0.6896957795019656,0.5600913886228392,0.4151219043794584,0.8713156216669671,0.9033857573940586,0.5929982173208793,0.5154807313161678,marketing
0.5228449499633997,0.39393086452001347,0.9530721081008634,0.2353102804357611,0.4258545628555085,0.07760523968244874,0.11762538154891146,0.6626414032683118,0.9847224777539584,0.5050993272368043,0.5999317129773913,0.37716655954335304,graphic_design
0.3815255380549091,0.9085923674973788,0.09629856690157033,0.3334344005069495,0.1801566992734018,0.6882073472516761,0.7046509152661529,0.880871594193881,0.5108152852884781,0.5060193021594669,0.5560150273000982,0.8735313863882813,software_engineering
0.1610257379248948,0.9904299446658783,0.03971677139575304,0.3663369402858149,0.38630582027363,0.7107215719208009,0.9668679991542182,0.825968378374266,0.45094788095624655,0.39900812436837874,0.3261932097931657,0.4986962921255634,data_science
0.25302709098107584,0.8761005041101861,0.2719492724028191,0.8309914208217474,0.3375483777167152,0.7818997058545794,0.48184436646954554,0.741717705263264,0.3298106993936954,0.8232776166318776,0.26958300208553426,0.4547520725790756,medicine
0.28863343658902635,0.4340053552646769,0.42412610887653435,0.7367799612789627,0.823936503671324,0.34805347385985175,0.4053909644613301,0.31144216938861036,0.8793201001143683,0.9668273381462271,0.9027306080282154,0.45129824670464497,marketing
0.17263907709808313,0.2750665044909725,0.9375566386695019,0.16879840619948944,0.6052849238642557,0.24263946081814555,0.2403358294878771,0.33020844955115286,0.863297624054405,0.7971936400781646,0.45325779931119653,0.3273894065946474,graphic_design
0.4532674574372303,0.642635167328434,0.26634964090324775,0.594959756668505,0.05789506457009727,0.5045925254859138,0.7677875794111736,0.8675607665287293,0.6674632778337982,0.6082224813915006,0.328795500957114,0.6286958910853624,software_engineering
0.14150457690219856,0.9771303297360218,0.6568932038442641,0.13243259873793278,0.19685331795786695,0.5136895185839567,0.9666467625823685,0.7744622514844163,0.21028820081027227,0.38616354373601963,0.3703339313906094,0.5440639225142967,data_science
0.3988740090176283,0.9236038789739033,0.3165147872114693,0.8099024574747374,0.30652448602357474,0.8446827677355155,0.7252517623578896,0.8134981895061593,0.20580005451416172,0.7976217014208641,0.2734493368828284,0.5722050262488915,medicine
0.40200870266102723,0.09865090260332622,0.5205891525746728,0.7763139961375373,0.6898504259126716,0.4644226850465149,0.5281599608547985,0.764449302408065,0.7344191528174246,0.8555502429518794,0.36510599448969444,0.5424487309405349,marketing
0.23825787983957067,0.24499050974160066,0.9067217192678585,0.5239821013760401,0.3731840487515159,0.25525145259523024,0.23205223809909686,0.1831420995218595,0.671385455279193,0.6335629423366393,0.48124452619748753,0.6520584333889446,graphic_design
0.24476156702918261,0.9059139359033493,0.18924616482338605,0.19743318549346214,0.42452993677608714,0.37725019710557467,0.9210714296844275,0.7705222018482224,0.5944247743421076,0.4534986252087921,0.3164648260593123,0.4498507876687505,software_engineering
0.2522106954515068,0.9478429679856033,0.4515712821237129,0.14476479378731424,0.4006121628902029,0.7109222046798414,0.8934611786254797,0.9720245103426406,0.2836330250452922,0.5287772834671526,0.40023783165283117,0.6030324044037787,data_science
0.6167682752233326,0.7690698179653789,0.4960542483111413,0.806913529040275,0.5183289468425105,0.5382181523012145,0.5742180915973785,0.6381625895860744,0.12754503031866946,0.8115192845015271,0.13513783804897903,0.7646769354295812,medicine
0.12898636054762416,0.18995159450897087,0.5719180857741739,0.7937352992416996,0.9764392926693536,0.33038366461343366,0.3367367429707959,0.3472194746853018,0.7255291879918423,0.8188073698438294,0.6841133521962907,0.5755411414475219,marketing
0.24318583634230834,0.21001102317166614,0.9672989554744307,0.13254716398480815,0.7289049434672897,0.058983182253343196,0.23060979881553734,0.3665817781881813,0.886840025098944,0.6722321878265679,0.5384848172549637,0.440212244839999,graphic_design
0.40486611291415064,0.860605582888977,0.16346679862125185,0.2149749147048349,0.28427543268219835,0.7318545443469767,0.808736289572882,0.9441816477487835,0.6861647183411228,0.517357714170136,0.4760144339072067,0.5651224038425595,software_engineering
0.5791370741469892,0.7945845048326934,0.4772736590735638,0.17220597198588955,0.3657502703859186,0.5259385630985417,0.9167858731223508,0.6042667894516952,0.35182920440344007,0.5701990805248259,0.4188287303329791,0.6535127998498292,data_science
0.5425952627991929,0.8096808354344389,0.37504629192142525,0.8760670187943642,0.46241813608126486,0.889434974629013,0.7835328269788123,0.9356396433532864,0.3032909240840332,0.48435012417821605,0.2894943271243141,0.6303130999915237,medicine
0.36806038998618495,0.5637408950076833,0.5371427855135926,0.8855454832210629,0.8963742776990464,0.28558345952670877,0.4354213244687174,0.62628793834753,0.8939945434667741,0.915339908646624,0.6089986313171929,0.47125116201312955,marketing
0.621080185215438,0.42901530439540947,0.7216073961535469,0.3221031328884619,0.5855384646053099,0.31460682050798827,0.45639370010806085,0.6062790460285357,0.8512288305831766,0.4321780147383924,0.4652447074620131,0.4433610938469545,graphic_design
0.5519897767104813,0.9019950252334122,0.30382576443204223,0.4446338984359382,0.35216559527082014,0.3947330119108703,0.9510301488747231,0.9106258762768971,0.5941893508588728,0.5200521060839555,0.24467967095090812,0.6484781028767836,software_engineering
0.3231332049034257,0.7966562386165863,0.18195890647012006,0.32395465550316394,0.27278080372078445,0.5539483966561042,0.7365739992800011,0.9774583099594399,0.4833486652980715,0.6235793890613751,0.2174177872651043,0.6092658229671096,data_science
0.5152883784090107,0.8440239964712052,0.18715563283427591,0.8651487956302006,0.4312357097309137,0.7189872370866105,0.5653344612771484,0.701895967231245,0.14381219855462046,0.5729396667455782,0.02576176618202254,0.6504060943195314,medicine
0.5636476974426067,0.526780723139654,0.4466535426122626,0.8838709352322082,0.9807083041989325,0.6294515422170454,0.41509920777448256,0.3272950107637019,0.5002957143678709,0.8775347730360888,0.7228790864831514,0.3460931331419566,marketing
0.37407613533875006,0.24913299673904718,0.9023710305291157,0.30978627275694876,0.7124452969099622,0.5913788127506422,0.19459765412940727,0.2395281514567926,0.9860416500851578,0.4807050635927027,0.2879421369273176,0.2844933529691755,graphic_design
0.24996910207060405,0.6676119402519272,0.47918605905259715,0.3071719023950973,0.20368950898596427,0.5337132675391321,0.8726735705570631,0.5747727913056931,0.9130752588274914,0.41505423838088923,0.5516276787214405,0.47038831860716346,software_engineering
0.21777649000371183,0.8733580918357492,0.25332655595602616,0.21445459114638732,0.1927593937401624,0.6024075936790403,0.7636498646386026,0.9481792673841986,0.39557878390693285,0.8283450291768971,0.3239815636130034,0.5935424193111676,data_science
0.32510235597548987,0.8912381143650345,0.3291663334413742,0.7603904439425107,0.5309377558716069,0.847130421121928,0.5980354138701601,0.48566474267959137,0.22896121305465497,0.7971619434804093,0.34126311513485286,0.4765440843783647,medicine
0.033601918759339974,0.24413938043599487,0.5524808972054366,0.7760825411185716,0.9787311126322856,0.57884113006428,0.48702045140768196,0.6941772635432479,0.6577847263168956,0.9727935312049997,0.5682737862761805,0.8032796323545707,marketing
0.27896117511485513,0.19429621520512155,0.764967173130696,0.32489390270023677,0.2814738201337828,0.2759354677726331,0.29952476804909894,0.5942873660609072,0.6631863094238918,0.24633220967597963,0.7055072642703891,0.14722927275099745,graphic_design
0.3477723352250095,0.7679636187600595,0.058642635513494495,0.284745143871696,0.4050566661746895,0.517591475505515,0.8372558122602715,0.9287159847357209,0.8523953139411617,0.48428003186457247,0.4723798174208791,0.49576356334583394,software_engineering
0.3419218420920902,0.9895188551024198,0.4714645803003277,0.619718887831284,0.34149921209090417,0.7462595103690547,0.9961692542257978,0.9461076174657727,0.49311926993041283,0.4825737694814782,0.4706293839898579,0.7258126233775833,data_science
0.5335678788542442,0.9190776836884849,0.36125812657743284,0.8725528016979353,0.6592863997344971,0.48433948376776537,0.6978990617036366,0.7769357520634106,0.11830716284467065,0.5130744781704261,0.17512340067789484,0.7609718749999567,medicine
0.13234914195923653,0.29701450363591364,0.628842859873721,0.7406587110757256,0.9319311615556063,0.37009008121269144,0.5499203623514363,0.8170088909368892,0.8827725626764493,0.6942098861753391,0.7252248641449142,0.3894917825696115,marketing
0.3600171755821564,0.27944237064273814,0.9721264168966229,0.23375656935923417,0.42823529102767427,0.3975060953349901,0.10150387554131482,0.5360465163283064,0.8887781911265428,0.5371061709933767,0.6644484510535036,0.5382592779326056,graphic_design
0.30767638013326215,0.6718540642459137,0.2188363036298858,0.20687484812004564,0.35756966979032134,0.555311321019513,0.8464061769835333,0.9140333226568451,0.5309405295399537,0.592520777227975,0.517224409559587,0.8933401268875605,software_engineering
0.04951670687879353,0.8668067416279506,0.17057229599168738,0.2543205441410634,0.4439600170833975,0.4115096702345444,0.9358815961457684,0.8506435692491807,0.497425381338522,0.36577075419401467,0.20610743238388715,0.8014706887726389,data_science
0.32593022443141406,0.9508313534990147,0.30806046034043955,0.632318728881799,0.2595092939356071,0.5848040599640209,0.8240519589313567,0.8649368795494313,0.7066783790407051,0.937446018480261,0.29263293497232323,0.7258287608072275,medicine
0.1827701895909661,0.19989551398383024,0.7073073050204448,0.7542589881122516,0.9305403122186356,0.34588626486931934,0.51743074284955,0.4318168071478885,0.7938222384722007,0.9552988879390301,0.743176644671259,0.6549127591399836,marketing
0.5071635833771115,0.29425064397769923,0.9776464781650175,0.25623861732071396,0.5494518157665732,0.23912564682525012,0.307413193035762,0.8304720019384491,0.8805310139307938,0.4337984989468559,0.6315653128477746,0.5080836933195886,graphic_design
0.4662990179650002,0.5258843644239034,0.1464683903089099,0.30059318732642587,0.3279508869494122,0.5095615597519179,0.8298866366039468,0.7395564680385971,0.7010498073688369,0.5828422609697028,0.4514876718939044,0.5887021729045502,software_engineering
0.33117483163237554,0.8180621780835445,0.15878397629053018,0.2917268550063681,0.1508557524848827,0.5347372645836955,0.8743866877902635,0.8235958569239181,0.3054075913363698,0.4062820730114188,0.14855138246420513,0.5053959558697384,data_science
0.3610661681539698,0.8000025079225438,0.4260029499226109,0.9155312927170783,0.5085935246053965,0.9539175247206458,0.33060918717173504,0.8408750293588018,0.49943227615535035,0.876539066933773,0.07306546008467339,0.6947525834316417,medicine
0.33147644526089043,0.15363933448580616,0.7312438642090765,0.6221418904087395,0.9627653660962754,0.4470673291423136,0.24981799672046587,0.5263399325320689,0.757881518375567,0.916925639823694,0.7426447032820326,0.40598484981559396,marketing
0.47629686779673525,0.2256433932236645,0.7971139036260119,0.3270678924125541,0.5240103767097312,0.2884611824908177,0.10462796434033045,0.2821099997968469,0.8503081072020133,0.6841944408770108,0.6184556327502314,0.19590501884245382,graphic_design
0.33948139668116134,0.9088492015336479,0.26248757094951053,0.14580730160917368,0.2274613136169862,0.49534553164960043,0.9566579452294558,0.8763146308255173,0.3537705151904778,0.12037242953663956,0.4246091983106221,0.4982570700933732,software_engineering
0.18865113373528172,0.9550994871916256,0.2472139842408809,0.30644047585307405,0.42827265165788425,0.7190059904759083,0.8406356832250996,0.8474963693363441,0.5424444741239396,0.6179664436734106,0.3674545931190415,0.22130429630790002,data_science
0.5060198154392881,0.5631318702703723,0.12106835430379584,0.9066511389065708,0.33968980408653643,0.6852308575351984,0.6043314755036181,0.7813658888559392,0.2493217054119502,0.7248354728647383,0.1799826239221065,0.6528133039044185,medicine
0.1886424808813313,0.127378661993838,0.7206817775958453,0.9191231451259053,0.9917325529884684,0.6463651646531867,0.724017311802125,0.7176240467008647,0.6634420627776503,0.9645245759089597,0.6933770456140567,0.7326098818121854,marketing
0.27149247591074743,0.4148718788840065,0.9224684361899858,0.14659538201171204,0.658823476164832,0.08765295971379793,0.24478779690333566,0.11791665793413443,0.9052310237539016,0.4913808074828089,0.5395440936798864,0.6914358486269901,graphic_design
0.12770432472189375,0.8874318863853655,0.40403295404238987,0.307859264975714,0.4836642295071962,0.4223613719480944,0.8943470654968524,0.5827646855901091,0.8445876520331662,0.26401307135250607,0.5973610446519899,0.7758434203331169,software_engineering
0.22154482567683642,0.6667771753715507,0.34361373114984634,0.3895741858114026,0.23457155563263984,0.6258485551183464,0.8134764558154969,0.9202745872034684,0.5348256458551308,0.7265819490263594,0.49926142123773243,0.6965724511002757,data_science
0.4222531175113234,0.8101215167111786,0.04905079077435536,0.8058096560568778,0.21037860159424085,0.5791203512367136,0.7629337173808605,0.6113600466789311,0.4205477476604407,0.7168073175013958,0.09760663820631303,0.8314356392869472,medicine
0.2893229444282821,0.2803330368106501,0.7528284455335158,0.8870692142698444,0.8931710683457388,0.23669758664736992,0.36592528527158646,0.32736253960067935,0.9083773117444771,0.8201067362685213,0.7769250028560061,0.45939780870431485,marketing
0.3714670756225829,0.44215465274738835,0.976457825548838,0.0687132180061288,0.5850528906853141,0.0713462869432245,0.2747776587520689,0.4757830112509528,0.8682176721430119,0.6158261037850029,0.7167088275954343,0.31772694511127386,graphic_design
0.20934206309814413,0.8540911849378944,0.22202512631460414,0.5517034818344412,0.21980431587739024,0.5729454528233152,0.7779205097980298,0.9266554725888629,0.825573109633983,0.3947742194105213,0.4221511154129625,0.6104225842520571,software_engineering
0.24987048853583063,0.9353113143464475,0.2645440011289205,0.5394064971131255,0.3600711261554567,0.6102280336814347,0.9796305977004888,0.9798964100040785,0.5430387170528583,0.3173269085875173,0.5746655599067602,0.4102352600003178,data_science
0.7108248346529406,0.8903134222020223,0.21796503318923108,0.9164998572450964,0.3497981915480909,0.7811028378766852,0.6379337834634904,0.40843501917714436,0.5771219312564043,0.6474055139184614,0.11803012818702818,0.2922824538709002,medicine
0.12233735726102991,0.328129660101202,0.5299041605871972,0.7504371657360617,0.8262030077857735,0.48861637002037,0.1561428861430026,0.661443789462543,0.6195706639811824,0.9154737365483955,0.9334447104912277,0.6707625136848996,marketing
0.418671584188891,0.5834061685375022,0.9009521545772453,0.17236088871468258,0.5411593931850401,0.17294114099497923,0.43864869564600245,0.24919345254977865,0.9872388933075046,0.5925620465970584,0.17972404468530342,0.3457633279008091,graphic_design
0.37333962258337944,0.8946025434600255,0.18321507580815324,0.22603496100043102,0.23810244716896392,0.43838034292086786,0.9655945364083198,0.7302339715585658,0.5847819387993917,0.3869141669467139,0.26859471053709155,0.23640036487839985,software_engineering
0.27246077776272526,0.970533829932513,0.6527775055798481,0.5042390945198151,0.14078899890392899,0.3945008510541314,0.8704558434340431,0.9179079269940871,0.7184887884537862,0.3851901135563346,0.16476896019807197,0.4519495735515617,data_science
0.49543173231985244,0.7227650993244881,0.3944364979566081,0.8796218654532644,0.3662598995367731,0.23761189840381772,0.7598595892288192,0.6099055650259109,0.3443177317773774,0.7030464171886885,0.032115230424379713,0.6660082797479222,medicine
0.43240971577930415,0.18451757590287504,0.7710614731935461,0.9756320176723194,0.9466396068349856,0.36441306651527505,0.35173463747187245,0.6575593977336829,0.7813045579477741,0.9873625828127293,0.29810031201099074,0.43110930426211425,marketing
0.4376115774697534,0.25003278944574103,0.8729738225653334,0.5785735529819345,0.44963025272659335,0.1342458154968975,0.21294860054581333,0.38764065916262036,0.9292737668015786,0.6322220926702727,0.46789391135863767,0.23489637190594218,graphic_design
0.21037256875272609,0.8424760392307105,0.398998888382177,0.26112634238189175,0.37265095628796024,0.7393937735218729,0.8966018911297294,0.5693860043943995,0.7094613312450017,0.4836660827141098,0.3236107017572405,0.7392032511415887,software_engineering
0.22312428641128074,0.9955138281778364,0.21413180335702856,0.11678599149986758,0.29965585176826015,0.5351487134447507,0.942727768328214,0.9858630235205739,0.48291120110956015,0.49930362870115835,0.12367764844870544,0.41882236968831343,data_science
0.3829978370323895,0.9196412056351854,0.2686922977986751,0.784379002918925,0.34256158451483587,0.8591072368641602,0.6326508737955919,0.9767870077472193,0.3478576168539137,0.8237221101177247,0.013378379643331379,0.5285854352693453,medicine
0.31210287215935417,0.1351451466381473,0.5295996128215861,0.5647242081969384,0.8962108183268582,0.489133444916341,0.4540025679280161,0.35896723653844625,0.9113186557327723,0.999282664533703,0.9658348291902361,0.4166848640405009,marketing
0.20881005267053493,0.48796574399604603,0.9471565650549523,0.5208374651305677,0.2608335416132705,0.33761950361680587,0.5498732630427509,0.4206703294564183,0.8068702257994409,0.5355463535252903,0.25251671447601975,0.6929357252489521,graphic_design
0.13737630376319773,0.9463722141338463,0.32133642236651305,0.060195058792337795,0.09486429515026353,0.3509256825282574,0.9115989917079227,0.9178322382642026,0.6374773890245063,0.41018203489519056,0.2789194033913432,0.4814036927819988,software_engineering
0.34466270150021466,0.9940890918143699,0.3508746624959123,0.1772628015166885,0.3580311864897794,0.9456613399547363,0.9359520299746239,0.9340615464806443,0.45156486433739756,0.40019197053724387,0.30061994706973905,0.3440578557417475,data_science
0.4775043768334808,0.9324676067141561,0.426860739394533,0.8768843564547202,0.39924172651818546,0.9099873607296071,0.6815912910917599,0.7761270932358434,0.4396411660226399,0.5006599694090433,0.03495383439542484,0.5992879432355214,medicine
0.44451408181421503,0.22209542788801068,0.5800775605230668,0.6649597350873585,0.922446495533236,0.26568057288930275,0.14246007338698832,0.1736201398488511,0.49580169825176323,0.9878767822117756,0.9284354156495452,0.40624180656818915,marketing
0.31200526829323366,0.2639132554275758,0.972141486728954,0.1398234890054364,0.25016663468214995,0.402479805258641,0.19574373415901633,0.5361243211264338,0.9494051187773569,0.634483280832422,0.6170629964646476,0.21969336959237348,graphic_design
0.20451319953711855,0.8584491073026708,0.09951717795675967,0.2741189424925014,0.13919778524144794,0.2708703934542373,0.9237773270161044,0.6783712779654589,0.47549043114954603,0.37895470770310025,0.5402154421623164,0.4640142523121892,software_engineering
0.18242152882707244,0.9945840916214956,0.3771635368067848,0.005323421352429272,0.10691344465906374,0.5114678748269127,0.786083410175545,0.6974082236957585,0.2992567893432266,0.6093062162440567,0.32247769355891237,0.3160034265513686,data_science
0.41567249257063804,0.7894077977430961,0.3049462542194526,0.6928880386979324,0.38585034492912,0.6754495468495603,0.5620057094057362,0.7981116282418117,0.153271327386959,0.7080852222933727,0.14164631207139697,0.608286773543749,medicine
0.2870742274355231,0.17268285729934374,0.6490637147947826,0.9834172707557302,0.9837904447119251,0.6650532545496802,0.6001957504362614,0.635673996512153,0.8553533611756016,0.9897917922934528,0.3930083029065418,0.3451351669280317,marketing
0.46547644886581113,0.22794825220589393,0.845254654337686,0.2378638018722138,0.32415161904530476,0.06708158227739522,0.3273856751344238,0.3282077700789643,0.9292722244385406,0.7634459707258674,0.5433587719846598,0.31581984393282925,graphic_design
0.3992465961940471,0.9802974512975773,0.12482337437508345,0.10415022926356617,0.3618957008992979,0.4786266344750406,0.8879331920694236,0.8194963403163722,0.3161142181815957,0.42354366435851937,0.3519227187367311,0.5133289452200451,software_engineering
0.5665593741504323,0.979142738945862,0.32967522949281775,0.3376397939799844,0.12001770016835621,0.7447713312736769,0.908602168482245,0.948608409202545,0.14141050246407613,0.7132481805963474,0.49460734850949445,0.4374500860833986,data_science
0.6196656782703264,0.917431863645823,0.11154146977103037,0.9108467681784658,0.36191915905538075,0.801972910890856,0.4617548289364297,0.5460540478273195,0.5163440435372333,0.9162762683831631,0.2690007978981492,0.8612471489066025,medicine
0.24335570268546547,0.15761651809912167,0.5667173639886138,0.8586169097955436,0.9965273769250268,0.4183784021338225,0.4405799367212662,0.38758456123480245,0.7697396139420649,0.7691826597871371,0.7157059166016645,0.3604182032918036,marketing
0.4757035756972791,0.23811015859424348,0.9726098795147504,0.49190864025268893,0.5144320619179552,0.10202599105139834,0.31274614136484996,0.2817211463716522,0.9358852300269332,0.4661821462465219,0.5390850340446395,0.5351246042618556,graphic_design
0.1115563271386394,0.67222351873246,0.2704581659387375,0.2052481486715605,0.31924848014913837,0.25278933156965727,0.8944559276478872,0.753436342854498,0.68385238551265,0.4873221133503572,0.4087308878726476,0.5090688645557931,software_engineering
0.2825926513407404,0.9911048400019205,0.1833303496913875,0.17471445403837907,0.216071082594488,0.6928018351357905,0.9636195521559271,0.9754929821782511,0.2953644040348084,0.4444548834107844,0.4750134108134663,0.47679934590632234,data_science
0.36571034858632706,0.8695930854812635,0.3282234200901566,0.7065285068116075,0.4389959627407753,0.8058975180047693,0.6640817777552237,0.5579966264447446,0.32358034219308174,0.6250466868625258,0.12194828373773665,0.5792204754284321,medicine
0.17632412948140508,0.08128693946914435,0.7295342292944833,0.8299189256362663,0.9900387282496536,0.2035895114168937,0.5042854553752227,0.5440616854511064,0.5406616573724902,0.8740312725582886,0.6879234623221274,0.5268007854191115,marketing
0.1660067482840256,0.5815811631797859,0.7424455880309905,0.20815252564740414,0.6503344802451213,0.4488937871376231,0.41077046744144596,0.28145170802907354,0.8013791588793728,0.6894414044520099,0.5430804023654185,0.2967377356670972,graphic_design
0.058868293303167264,0.7341549745679049,0.24210740335216685,0.08869935613506144,0.030224480894826215,0.5239509315411707,0.7892859153742092,0.7947655131495945,0.36247000135097296,0.2798213608282408,0.33248391406807276,0.5155750333905815,software_engineering
0.21136261569399736,0.9574028590362346,0.42226757533214365,0.03238740641914079,0.48411655882358784,0.6300861558096755,0.9164186304076671,0.9255952007316302,0.48191349117871457,0.6929947406250228,0.6328426155922603,0.36163626955594513,data_science
0.4409715048393971,0.9281042967799991,0.37883779356901476,0.9369471964033713,0.19067464877081197,0.5665804851432916,0.33671253084921376,0.8093830683100831,0.43503758149720895,0.7224712682560929,0.07653309939820588,0.6327986935736485,medicine
0.2501050207363564,0.3197072659409912,0.538643237571179,0.7194040009114078,0.9959057470969469,0.40487492380482915,0.48404405542092893,0.5482793476312704,0.834840264125207,0.7642075341095024,0.5228226089437028,0.3924200426632902,marketing
0.3856578294817152,0.5855649558518551,0.963993065917504,0.311877879740078,0.44041875211456627,0.09651993202268117,0.36054744914172726,0.4328923289784083,0.7794933336788433,0.5239409149560821,0.3253724035961405,0.6439702731794408,graphic_design
0.20876968944579666,0.661529091265621,0.24165895702430493,0.3515170937109916,0.15817680714020563,0.8215869269650629,0.6995816212397278,0.8685294953133772,0.6575719282828059,0.3537399477745749,0.34948344067501136,0.7341191394647457,software_engineering
0.47412520666490865,0.861315636854451,0.6531923987018272,0.5931601890125758,0.38846304749983795,0.5995430186087057,0.8258834474467467,0.9942175875788472,0.5962894304988711,0.18758317339527836,0.19859016399796703,0.4114731976915659,data_science
0.3668194704610033,0.7907368257178361,0.3506283598836503,0.7720623100695082,0.2949387286123683,0.5868935172395858,0.26930920826169413,0.6983798323112624,0.14780639389312691,0.6353843692898065,0.1983496078745171,0.892133393183645,medicine
0.7888612863821413,0.6899985127931527,0.6291671176630698,0.9208310473949438,0.9527057204285377,0.49431605355617914,0.21989863289207953,0.41365303276731635,0.7573005781316596,0.8748847202314535,0.7641937538395936,0.5668160199087113,marketing
0.4949958182646469,0.17906180176411937,0.9509770003612066,0.24788013718945084,0.3050560906018488,0.2823939072907666,0.1579342843665562,0.2594561578113517,0.8933755422733202,0.5237715213676111,0.41772438906120024,0.391596275158087,graphic_design
0.44588136389358934,0.7043568078030225,0.5153715758722418,0.08425292012302131,0.40052327345794747,0.4291553770540516,0.6256960101827359,0.9362094689264092,0.4613752456310576,0.631981408548243,0.6937599314010074,0.592020206639895,software_engineering
0.23636497421594183,0.742351094989679,0.45609546532070383,0.3056015508592265,0.39386944554670167,0.6823101825768472,0.858529247183007,0.983546104326104,0.4737833390603631,0.4712314322516639,0.758121224493478,0.7516487946633779,data_science
0.30285307318182114,0.7098797297805604,0.21495042205015288,0.9348117865113537,0.5953137849719649,0.5913312068878772,0.5139325713925903,0.5797894685684185,0.37483137716940224,0.7100469676752383,0.158406741013156,0.5638527516634462,medicine
0.1845002502463652,0.4245383844585387,0.8644099561016281,0.8785526889117102,0.9307881639020835,0.5022931719300281,0.3734230986238003,0.24011524114581037,0.7633586648433431,0.9081513188050516,0.8666906575565688,0.828103592610424,marketing
0.4118516614483214,0.5158014968897927,0.9857826392246268,0.4904784868261122,0.5164633094830338,0.44973112082573347,0.20412596995872964,0.7250440695486435,0.7561562723073869,0.6756753364017257,0.5327618179223684,0.42741738316760525,graphic_design
0.382614015271784,0.7561800385502576,0.19294229732010587,0.46860263495633153,0.6957041977389735,0.6077871074111917,0.8327965289637685,0.877878766984391,0.6071421823779284,0.554529489643491,0.3760584066107369,0.6637845457236861,software_engineering
0.38541869944681423,0.9576840548708706,0.36561547403828887,0.18034714521776116,0.5487582667627358,0.6765918778456951,0.9978281214251586,0.878105267880162,0.4039008162789306,0.3992897502076539,0.3381714815184849,0.5985683380271809,data_science
0.711500688167439,0.8872455109080475,0.3461109596570974,0.8549285293723811,0.40584270627813895,0.8448919972965588,0.728489285747713,0.5642630912962684,0.18034441625887668,0.8852910956882186,0.5918707198888055,0.36688709420466753,medicine
0.24666298482240245,0.4348901154942938,0.41902771173774633,0.7298774012739254,0.9611222956229878,0.573837724921957,0.1783790240221991,0.47817607852074595,0.6964586816690969,0.7996091951922508,0.8911527836703439,0.7494442199956034,marketing
0.6110134451874837,0.699520908319258,0.9024786441456171,0.6800562912497765,0.46171517143166346,0.1966256783814722,0.2751888867377355,0.20821355160118105,0.9409944822181691,0.6867978213661079,0.5806747065203622,0.5096155322804545,graphic_design
0.19921132630532662,0.8082050944808168,0.4410157678615746,0.2804676361606595,0.17005956889078663,0.3952970847021567,0.8364999339682906,0.8272229308700142,0.6770666839559766,0.5547356718498894,0.29181886281610875,0.5592374789152567,software_engineering
0.14165290243210107,0.9328775570007457,0.15488914923060007,0.041184296406149096,0.2386818831086495,0.5806695880747739,0.8913642281423585,0.9320663833435344,0.5439202502898927,0.4722136128787415,0.24663603670552045,0.5099941603770426,data_science
0.3440205821226443,0.8670057523554051,0.5484946240738887,0.7980603328752474,0.5482379021010793,0.540777070544973,0.6978474592654245,0.7129396473104479,0.3335379335304106,0.5550534729130217,0.40519336572776576,0.3189695223587929,medicine
0.18094282853898846,0.458926171701848,0.6542956309660057,0.9301678024575589,0.6303627734573314,0.25186706052791086,0.49301328244091147,0.5191365657796865,0.7433534509185405,0.9493467980047933,0.8216907699458675,0.5950197145158374,marketing
0.17167687859328729,0.7020075529641886,0.9047174088641883,0.06339674380991,0.37394828787966,0.8019805708279816,0.3001379178888017,0.4395698625445429,0.9382212171850571,0.5787097354058441,0.4847061433081814,0.30122614206759896,graphic_design
0.1889194909701211,0.9447302409140881,0.3529012552051054,0.5782621265725871,0.1382304697382222,0.5450839740728083,0.6947511594318708,0.7527902268235249,0.5567586877876166,0.5080591166474288,0.5441381292784031,0.4782752903298971,software_engineering
0.2539699209005349,0.8919959374363415,0.3117686565519421,0.5030058669998512,0.4835190172427836,0.4061893349585962,0.7707425083549753,0.9078031766816347,0.3820891452896702,0.3768828268693213,0.27755834797133705,0.5695912989183862,data_science
0.7584170615848487,0.6428998412057976,0.05311008396007016,0.6986126229422983,0.24000574689293122,0.8597143541118998,0.6474302971655442,0.7473189921476489,0.31406929460807365,0.6140445042454215,0.3162297707251171,0.7425268073479055,medicine
0.21036971381083294,0.23671455027526273,0.5029925804369755,0.881853100707667,0.9262288266254052,0.4135743915614444,0.3769804550840165,0.4707535037421322,0.6841355130588925,0.9852802358602478,0.850034489748054,0.672523722792031,marketing
0.2459995133361547,0.2110631264504858,0.9573440098912034,0.18036215046000345,0.19757118660851394,0.024052832498731445,0.3474383983503407,0.46610601830841125,0.9941093071395447,0.7207106930697107,0.34565703083119165,0.4362027062609882,graphic_design
0.2001118298827115,0.8531890959909707,0.2163858142556444,0.6126125409429097,0.1764587448803845,0.8130123661168314,0.7465515354689103,0.9167502905979609,0.5613865298640737,0.52509409966283,0.33568979916576025,0.6990467960264473,software_engineering
0.138546548278929,0.9958553283604218,0.17901751108654068,0.3499509904319921,0.20360243364140063,0.39211527637825416,0.8865287376577,0.7996794069541695,0.32025218375356734,0.3326202197121864,0.3668627867486225,0.6748284113270886,data_science
0.7254260047875636,0.7692581191928337,0.3295169936675105,0.7616429190580678,0.3853736928389839,0.5179612079591449,0.6337484791708408,0.8550354660375903,0.1595915752658046,0.4750823331768858,0.2723285018606102,0.5106093498602281,medicine
0.03168192438690344,0.32684927264176883,0.42141569491626024,0.8579556184479621,0.9702629684199316,0.5658911803726573,0.318284332928907,0.6134295683391872,0.8228902180226021,0.9732574201027501,0.6791134385918961,0.5970346196743719,marketing
0.6630062361137344,0.19483810917465555,0.9693133141206952,0.7553566681997745,0.46189793127169015,0.7299249392088852,0.24573079717421686,0.4423936475180787,0.9727345461183097,0.627411481365589,0.379395371567763,0.48295925450775545,graphic_design
0.3692162598212603,0.5793190095076183,0.5849879164501083,0.4717142925606555,0.26417791757895015,0.4114826322239906,0.6839686983172348,0.9118189206755405,0.7614159174889573,0.6218077906549102,0.6905684624643118,0.5689031820975579,software_engineering
0.6522945909260117,0.65336798604335,0.2963074311864644,0.03762141100912736,0.27241373651744516,0.5602439020272678,0.7389705651050834,0.9325805282278926,0.25046345650421903,0.43181805309229276,0.08206611599674422,0.3720198453962664,data_science
0.7044123752988204,0.6028171931783033,0.5149433494900696,0.6671079571586551,0.27162646440155974,0.4027897569154117,0.44261748742135937,0.7412048298078884,0.24764861086070417,0.6969029717129039,0.09492663139054751,0.6269495533160664,medicine
0.3931469043462778,0.22372874129893944,0.48944804370246364,0.7680181100245331,0.996773091068008,0.5982743681981783,0.5857273352753647,0.41865846626038195,0.4391750253958885,0.8588952005352324,0.7240940149782991,0.49930606988786264,marketing
0.43507276038778736,0.5282710636681222,0.9857046604125739,0.21600256902665163,0.33427098419477363,0.5751300425578083,0.09282290432225451,0.39516431690805903,0.962638373464707,0.6853540823510058,0.6549927468754818,0.14288543530725356,graphic_design
0.27303961404593746,0.9394259449644851,0.5102522513051915,0.24785233898430278,0.06245731306750375,0.2013776680782654,0.9316731813028658,0.6278957635155353,0.675001619199181,0.29855036650967504,0.16360071734731665,0.6231016133254561,software_engineering
0.3108865649849106,0.9319701508092629,0.5276536651350928,0.3310627875495838,0.16098190662781028,0.3898913123253015,0.9391107462137482,0.9914523303366672,0.4560683884357345,0.5767012333724711,0.1700456575238974,0.4302174399210506,data_science
0.35653395045180375,0.814920130003265,0.26520681301977556,0.943577245400406,0.5411330673178325,0.5282529852983587,0.7965703405890521,0.8626887163777323,0.24522996224661464,0.8339531101507678,0.22019331212980822,0.7052041017874648,medicine
0.2979014912519606,0.025355944276623795,0.5257505765791785,0.7812457593938805,0.8458593675504047,0.24626978320471715,0.5898111863330516,0.2994886231061214,0.6945982556825023,0.9900446784198326,0.6655600604795207,0.5597694567948845,marketing
0.2957203072186139,0.4010020046634929,0.8309751339581339,0.5479794524082262,0.4457372990036689,0.23801021612437312,0.2914349670883324,0.32351028289955636,0.9964559030291767,0.7177725803780588,0.7698120011897225,0.2893065873343462,graphic_design
0.16835560379155692,0.8503880390759008,0.3197597080033421,0.34341674863475474,0.3401913892136174,0.46066486858173794,0.6802552391917851,0.96019363694807,0.7295804656869123,0.7843869350236561,0.20162237255461357,0.37480065957128106,software_engineering
0.12936065338985617,0.9976476994936292,0.3951903845069289,0.36832972920660884,0.32595805111984605,0.7920542104025938,0.8909655744876619,0.9711637298275024,0.2514279949721681,0.3357350606843444,0.3252884805273532,0.11826778601036624,data_science
0.7930946065930123,0.8384817382463566,0.40175113324330153,0.6997259634051781,0.4014957839942581,0.6078353310886183,0.6178788058821921,0.5673733517921908,0.2516824829480701,0.5376044774412168,0.1838963166910715,0.5456132327804838,medicine
0.2923499956270978,0.06882728084677105,0.5281454902619335,0.6302694487313317,0.8044714940375518,0.2833140718688431,0.4787777356991839,0.45993896824529834,0.7930072638584631,0.7509520107045315,0.7766382321311587,0.5691918600109295,marketing
0.298592447849889,0.33508914320024535,0.9230507432548561,0.1683222346062153,0.3708881703648605,0.04967167407787833,0.10081349166255948,0.5774053922045415,0.9542383790819849,0.467896739151622,0.4267416169513825,0.3527486154456584,graphic_design
0.297415951482588,0.8193832261052031,0.13555407863090493,0.20419649677365428,0.7139685846315076,0.6337178974159555,0.9631552699305671,0.9292769458795938,0.7004925261665745,0.2996819586348907,0.4061234310616137,0.5581722668777547,software_engineering
0.158516534063456,0.9108324534677554,0.15943757040951098,0.3575127534468474,0.1632289355301839,0.44838149936041743,0.8121203175710113,0.8317537271504661,0.682795908872914,0.2942544058925011,0.3215908633474159,0.3844480763709187,data_science
0.6994773492922409,0.9018270933191777,0.08021119010877396,0.8084462967856367,0.5058788029523557,0.7846235491687251,0.667211802823073,0.8485464374444075,0.13467167944819794,0.9142051456413933,0.03453658331087953,0.8257368852790128,medicine
0.23846409498759127,0.17716744427293274,0.5784292934056344,0.8477952170912262,0.938100640908794,0.5343301677732694,0.3366860585819311,0.6147788731389081,0.5503682210979136,0.970237325241589,0.5855889554673676,0.528618885026149,marketing
0.34543517998823997,0.44876509385120245,0.9978367674905705,0.1436862560418668,0.7092798793918936,0.22907735072018903,0.42918685323729205,0.2619490705163159,0.8982251342868156,0.7218191792110829,0.5529681417441151,0.32007588867070647,graphic_design
0.26294326410152363,0.8508172289433367,0.3520115314006884,0.27532991088578235,0.15680409690672872,0.530889387858712,0.8499323948243118,0.767319675469032,0.6230983150872635,0.40119916280701523,0.49661843836169883,0.35762662549355057,software_engineering
0.593978671827801,0.9057206632149669,0.1880835286296325,0.25910337456661986,0.5499908751854541,0.6277683958969866,0.8999327471693543,0.9997462793475539,0.5941656952355772,0.42502871729654296,0.23849468822518086,0.5154299534092537,data_science
0.24375048266495375,0.6874165014983257,0.21143005672118317,0.9456573862020493,0.6783506835598844,0.5708193470602542,0.7316026740575997,0.6561068704793528,0.0828756313553576,0.6252737869112509,0.20273950333431873,0.6919103600934221,medicine
0.033818712806361624,0.03642050316689085,0.6509932519830032,0.752067031766794,0.9376558558680641,0.2521078269757903,0.635902029298998,0.47915688349539914,0.7856999178434784,0.9283124188735637,0.8994464502397583,0.6532909950267192,marketing
0.5203379696484782,0.28791084217914376,0.9660479149435554,0.16870661945821275,0.3864393267199135,0.24871126409510594,0.11203663302954228,0.6429020182415589,0.8467032642611448,0.4004248770468602,0.3756708226845557,0.29628050640431886,graphic_design
0.46790721517680045,0.8607326587324912,0.0786659927222278,0.09768382613788594,0.3072335368826008,0.6884554021021612,0.6703923713691956,0.634079853901285,0.655377139208815,0.3581340682537951,0.3849510176475698,0.5709641780792456,software_engineering
0.06343942254133349,0.854473808039505,0.054700286010616384,0.1101910482945726,0.27046442777350505,0.6051527583602918,0.7440352595795584,0.9053432399159178,0.28895566121815763,0.6000069688030163,0.33550136538430125,0.3692320401253669,data_science
0.6163096424045147,0.7922470310429279,0.368077874642266,0.8652775330369109,0.3344164592385652,0.7249521337692169,0.3215224656396247,0.828891337924388,0.4650407670923001,0.6303834995995543,0.1781748681758733,0.7699830746791383,medicine
0.10612629079676039,0.1969197868257854,0.8326955303981827,0.653807498126716,0.9198478537481263,0.386152772348205,0.16960881413481252,0.24513710780406844,0.582178651331097,0.8573944691388153,0.8498544180405545,0.6635968037604312,marketing
0.31149798833837805,0.6668884899359537,0.9912444985535623,0.24747585311380857,0.5483205232856875,0.379879235363583,0.37521589007875544,0.49519708537256085,0.9984073016583976,0.6581048534434399,0.3032966380234054,0.38350597946433707,graphic_design
0.09504283809702146,0.9431467913705704,0.4739002268083467,0.036854122005553214,0.35685084964722136,0.4765566720960044,0.8364175003202441,0.6361172425603479,0.5850197043358256,0.1744085525741726,0.6015562775994945,0.6124635663759909,software_engineering
0.09417511051259729,0.804685617675941,0.17882186435375297,0.3382716472683128,0.33969055921044883,0.5268517978557304,0.894594967530726,0.9629610294154094,0.3854800189923622,0.6930655999376867,0.3483542711053564,0.566532827288366,data_science
0.636596966980077,0.8782583747779094,0.4293637384684227,0.7429244558497895,0.500842707051177,0.6553781821736968,0.7298684860104111,0.7725831824705546,0.2552494070066357,0.4950621453740022,0.3973592250861475,0.41205619585056924,medicine
0.18077762277455497,0.19165594950218265,0.7939096934696765,0.8880512496517772,0.8801553965348177,0.44298201557028266,0.28414949097981385,0.6449077901051395,0.4354774720887899,0.7983525157383975,0.8820242384407928,0.35523312065530677,marketing
0.25637969915208497,0.5386068733666156,0.9943108080398426,0.31301267212381123,0.5196826465221688,0.4003379625780263,0.3620293972396909,0.46246674416238676,0.7931818286664167,0.6804216096440664,0.18464547334645312,0.760178066066005,graphic_design
0.29384881727141576,0.9466065522950758,0.2948155863068974,0.2924600591790577,0.22924161776380605,0.5635355230748307,0.6127790060332,0.9588155801075047,0.713603189574311,0.5986447987259563,0.48706594944443393,0.2903977617383771,software_engineering
0.20399932766605078,0.7716897381968874,0.3171486441395969,0.46118472927583615,0.31835948854514057,0.5883675705300009,0.9784871235176863,0.9754795146474993,0.49566848207762587,0.4478357442062311,0.38394841659235746,0.4859095403779218,data_science
0.5650476324520294,0.863845656367311,0.23045813053863273,0.8781727927415082,0.394499845032939,0.5447232852429402,0.5504606116929983,0.7127218471329183,0.36025778254483964,0.8105503412336389,0.266611830859262,0.4744327719981575,medicine
0.17930720144924286,0.3228179679615908,0.5966556498621145,0.9299060114642226,0.9081440459216188,0.39997282882868973,0.403820919878923,0.5466907294955533,0.6947749440497817,0.9892212834025929,0.7113844316926479,0.6235711292261836,marketing
0.42479324910237753,0.5873565995812953,0.9587226699460505,0.2527654640480961,0.46292023334238575,0.211739487215851,0.44634532383657194,0.2335430554914985,0.9427638931271584,0.5929073020754161,0.4935392783133317,0.34197122186505224,graphic_design
0.2749296499443566,0.8530470469552079,0.26476560069992755,0.22131072709501745,0.22187717144996125,0.4329412587352852,0.9190888217700578,0.8850790141200088,0.7421708244171975,0.328461054044638,0.173515404468945,0.6771552267319938,software_engineering
0.1411711297985593,0.9741748227573559,0.34096679438881455,0.2158575216179547,0.035165461883296965,0.6788309332819932,0.9723163484316367,0.9570672821619349,0.4735741717385919,0.40654280655063135,0.4600775511447992,0.5088079197403402,data_science
0.5662438234170682,0.8675454130243909,0.0427950355117255,0.8424392856382885,0.3828796987317151,0.8612837453743775,0.5663017928127866,0.773109709206092,0.5053811555232122,0.8563982564927317,0.1853800590996795,0.567471083833946,medicine
0.34644077496234255,0.3628449083811708,0.7994198935769818,0.7894951413307106,0.9884519963998348,0.30197621251025347,0.3354264978030398,0.3391447560485493,0.8122012567364459,0.9839111767485162,0.8643958295324622,0.5545441745496198,marketing
0.281844494425026,0.3909365143560423,0.9968402113911834,0.2958294585228588,0.27532128502632697,0.06344718510991108,0.07001554695950193,0.36553243579894945,0.894932074918699,0.29535921760954253,0.6605153687210578,0.7497259296285264,graphic_design
0.08323397249456535,0.954100929960033,0.24637925343864375,0.28934458779162603,0.5527750653376586,0.362838797531051,0.8548533074610075,0.8905011115957114,0.5880215402295806,0.6658715840062637,0.3366767859104205,0.28670356085168386,software_engineering
0.07711780148437673,0.963948962159811,0.45160132707342926,0.2811826369103504,0.6522940850637502,0.5072362106015464,0.8910415962098907,0.6780522767469437,0.5539542803788473,0.6236621412898744,0.5397989431942836,0.22227639675822028,data_science
0.9166858078842666,0.7345484522291977,0.23064621536653884,0.8863864069701523,0.585686520787489,0.9028240052092912,0.3241076195842979,0.5956657741336754,0.12300246417031892,0.39987006621259663,0.19617262429737628,0.7089696568643182,medicine
0.16960842134795512,0.30531081153504774,0.4946575439696327,0.7768203917087253,0.6761126506558378,0.35873865661695464,0.22018686088400577,0.6661402318078012,0.6868705262846505,0.936362062283742,0.9430820468085176,0.3405254107734993,marketing
0.22684408633057196,0.2987422703344481,0.9301434545036119,0.6342006257426028,0.6052032767773046,0.31540770220587794,0.1804452513685438,0.4905630360613212,0.8727190749223083,0.44366899086954054,0.4305317963979273,0.33922608008276456,graphic_design
0.20037785107800113,0.9458660297640241,0.293902620931116,0.02750942670245448,0.14260917075893853,0.5365424059880155,0.8231271249929651,0.7908607982706847,0.5213801563348317,0.5488952352801347,0.4883581931449472,0.5349747951280132,software_engineering
0.16027933018639517,0.8398863016279123,0.26319088193491663,0.3965749636495433,0.3866448238127839,0.6846838824502709,0.941301379324755,0.9658819182757149,0.4243523810836666,0.3045859261740552,0.3728294896791433,0.7664022315362016,data_science
0.43312271419984094,0.794311614989665,0.2571789887432591,0.87405388599061,0.37972461930409845,0.8111901030194973,0.7396319822217894,0.6698588258155367,0.16303242359456846,0.5397013388418144,0.3242479198588641,0.4256876910816472,medicine
0.10766424500751826,0.14103895986514683,0.7551690163059791,0.7864330731149847,0.9962285907024451,0.5196772752586662,0.5265479921067902,0.5465207028643148,0.5191123880905781,0.9550855032650117,0.8641507017708082,0.5934769141287923,marketing
0.5041279542763749,0.3354326985533108,0.5806958373104171,0.03600990136237388,0.6292038060027776,0.05048421574397536,0.5989986237920872,0.5032083880440428,0.9543680235813458,0.5534710634785169,0.47225047486539756,0.21018351088249732,graphic_design
0.3542249142128401,0.9344798448583211,0.18207753965144313,0.3011608875653959,0.3297766653276023,0.4736656096749653,0.9534778703738217,0.9526031552763181,0.4939115810024716,0.5115526816592758,0.44601715727973124,0.651472083637662,software_engineering
0.23238588902256788,0.9653436131090829,0.3790720403718834,0.14547123923390035,0.20143770870130134,0.38438506847535825,0.8997282782972654,0.8180789069905438,0.6860600358264011,0.47295179183477953,0.16382624976211316,0.502292436145585,data_science
0.4189463101246362,0.8240439124100079,0.2590640821078784,0.8713445996351789,0.25471611444877695,0.7583144068577551,0.664378924974878,0.5454879057857,0.22037238292897154,0.5989747235073085,0.19551522472598018,0.4388587712270543,medicine
0.19950484732805024,0.1756877163270887,0.5035430383114319,0.671219580945438,0.9531300973410288,0.32612986891177353,0.43543023182273277,0.8452437427233379,0.530118510463408,0.8445063359463039,0.34657199268137895,0.47215408451175295,marketing
0.46358804248412955,0.4319673537484495,0.8045702984740992,0.3545463629641066,0.7652610434121846,0.48708839008652965,0.17539310043183892,0.148310577078308,0.9739380910204514,0.49718567071082664,0.1997463165956846,0.5177230733055169,graphic_design
0.022792084927900122,0.8530536306067139,0.45702950832287337,0.3866029916277375,0.16702005439326875,0.6720958436395443,0.8849625988012335,0.6734394700767307,0.7990983021543665,0.3270542250251551,0.20060418367760688,0.5665384505445953,software_engineering
0.2510770136178865,0.7841003126972959,0.196373092241301,0.306486167095383,0.25889717369335924,0.8081322427754645,0.6372118352813542,0.833350498617857,0.45620843562042684,0.667664007341222,0.19121104545981085,0.32189751931660715,data_science
0.2999776567281023,0.9545509939375584,0.26973196868995547,0.4610162959517636,0.3330299150696804,0.842592612734961,0.5885319106669106,0.8818669188473833,0.44909164544019375,0.6059377300103423,0.13825311935081336,0.49167484310757226,medicine
0.3226294921162562,0.18981868027807228,0.6343029268781127,0.8741980650689283,0.8995800186161231,0.3624505235849175,0.28696347139295414,0.5733999842143692,0.8023664303557847,0.9882164018665025,0.8942990033915562,0.6246887331995608,marketing
0.3701874912747005,0.6217422531554021,0.9916896930066448,0.12187337982868589,0.7124241872712439,0.2929627978983227,0.44370814730512576,0.5239744197480548,0.9502397309203041,0.6819104453143087,0.538391318459126,0.34318454859434155,graphic_design
0.34574470524240636,0.7617970780997771,0.18555455095207196,0.2606423760115578,0.2678667648476806,0.4153015171806048,0.9275240613062755,0.8558700032725989,0.6373822894065755,0.17895536551135163,0.6520966391264172,0.8486386263369996,software_engineering
0.19437017899541023,0.8777923758952542,0.5184905655198914,0.16020453586783495,0.34968710093195765,0.40610127392521606,0.7931774586301314,0.941787679242584,0.3640887886431056,0.5994800182877329,0.2027412107083551,0.6370180118971348,data_science
0.5119287932858435,0.9448464437970371,0.03728480483512697,0.8543141556139519,0.5763719168768804,0.6042943423722239,0.4475614824156465,0.6510288211247985,0.3620213902067894,0.6321823101280558,0.09086547494896553,0.5916337956654955,medicine
0.24360730799262661,0.3286433819717971,0.6067265978013825,0.9372315473368574,0.8506869009517484,0.5768049482630085,0.45522721401631566,0.5464077686091628,0.35694389010429917,0.9826682508680843,0.6201152089380019,0.47533497625666526,marketing
0.566554304173823,0.650592499359174,0.8306863828024286,0.3124537688612639,0.6141993048650447,0.39587464860075416,0.25370548879001986,0.45809423020173107,0.8623712944398275,0.4963408701311676,0.2583890406062779,0.5131972653351914,graphic_design
0.40392685666846784,0.7935065501011986,0.3494459336455072,0.24235690522665776,0.35257963141975546,0.8611909723095619,0.7955036352410088,0.46758881752848813,0.8612150257064196,0.5484134908477567,0.2759685255372087,0.5045171935047517,software_engineering
0.17881768823237884,0.9378884865479382,0.3683792381637076,0.21844297137448243,0.1976142953886515,0.6581989129838887,0.9362738943911244,0.921306439789966,0.7230167920208118,0.5275616890879383,0.642783456946402,0.5067279682292543,data_science
0.6616636966538316,0.878786571030227,0.18070993736497215,0.7261820623909294,0.35283602674693887,0.7985590389153312,0.40045151776234195,0.6499317394488467,0.582651419198026,0.7200417363532835,0.11568606563716864,0.6745357383103638,medicine
0.09962134177199441,0.23852253870152848,0.4447450691749351,0.7663818022221642,0.9172499428435371,0.16524526157622713,0.4316614635554718,0.253558819074798,0.5718354959874616,0.8933513107055611,0.8714091787451853,0.5965527980039754,marketing
0.18030051593494367,0.3204758467255415,0.9201806075636539,0.4574352477305072,0.6041367184248572,0.23809894029705866,0.37397514070890436,0.32719387292789004,0.9933296245350911,0.6269061164641874,0.5721559788817914,0.37813513220346606,graphic_design
0.4161898767178411,0.7276008626479405,0.594048025705704,0.20578181088321945,0.6311263143925218,0.3104659265172861,0.9789613917952257,0.7342479702259025,0.6339457752877616,0.3205396998673461,0.34035479997358087,0.48751089103702777,software_engineering
0.11648438710971218,0.907031184161081,0.4943894252210686,0.293898609769511,0.19284872877204406,0.6014506775676892,0.9982322517114133,0.9527134473605949,0.33344602273826035,0.43593631041396697,0.11464248715572682,0.6086827990334123,data_science
0.4487987468168328,0.8684968344668705,0.19024350747737948,0.8641410351634543,0.2162172804081814,0.5872892157195472,0.6453005399522678,0.7278409416704082,0.4883430295844504,0.9593055484382549,0.18836183766728165,0.5126075347043738,medicine
0.19673272847563353,0.4122685277057059,0.5354532656681018,0.9412078895229843,0.9071503125413661,0.4739426340934214,0.5828032778850867,0.3859908982342546,0.5787725668464074,0.9940235823469639,0.6208177847509808,0.7959734571255767,marketing
0.7152063608387051,0.5094642382325073,0.9937245156253052,0.578334736765524,0.2574353269602945,0.09384542454716707,0.20748622438151448,0.3575128917070064,0.8796735403581981,0.5104644902172869,0.43708722069079653,0.7150694541736445,graphic_design
0.45140174636219127,0.7248577212639483,0.42465760193047686,0.5729793729364578,0.5820788052898165,0.4697114494304378,0.8061312603472276,0.7195525955590647,0.4575025729694933,0.14968702953223406,0.5261874819966065,0.40925814274602557,software_engineering
0.05541349291588898,0.9608027240331336,0.07529899218451154,0.12886348561702055,0.592337565639811,0.5794240563227067,0.7057257050402823,0.9180162203909206,0.32745492260286213,0.5397214943022268,0.42142881654846315,0.5926269574648693,data_science
0.47374390119406,0.9678168339872534,0.5903628918995076,0.7963166254280754,0.45630457501367067,0.6674277923113432,0.628613758448491,0.6501031772419258,0.4845989862345322,0.7309096784268624,0.11458606260022752,0.5463419947063811,medicine
0.37976792892421013,0.1228124926249319,0.6188210719833829,0.7328326906015064,0.5484303182423557,0.7010664954552177,0.32676505393379984,0.4819208832067393,0.4884797550141009,0.9666699968380542,0.6479494054789031,0.7033215097402302,marketing
0.566047397394647,0.5038070270107428,0.9703738943892612,0.2761669253104087,0.3119473808080331,0.6238892810437533,0.4430784053307311,0.23528893959848352,0.9834638974651254,0.5727598811343833,0.33270345033840026,0.4986785362596019,graphic_design
0.15105770849661626,0.9083881952320293,0.3471494017178636,0.2502805544223611,0.22512081632257822,0.33918636793388296,0.7071095658211113,0.8612163511844335,0.4641012608475223,0.4116387775556973,0.5169764664048195,0.7052165025181034,software_engineering
0.11626503559576859,0.991395845568975,0.3532505480219835,0.479053692577999,0.0933449621137111,0.4463890730939962,0.7586270178858409,0.8557658331137821,0.5718587995037547,0.8501975401399247,0.5520113786731681,0.4110187716339907,data_science
0.879537464520995,0.7358070664126727,0.10765542929301963,0.8225009002257592,0.30442073861503466,0.7219365268126408,0.597933981163055,0.8766653560217296,0.31772030248114747,0.541120081041149,0.1739684065405897,0.44742078180958766,medicine
0.1470962408038873,0.5181397211277411,0.5220148823838485,0.8718134297305655,0.963069856905324,0.1593505989636996,0.5158439139004322,0.48044962604341884,0.7376747890036801,0.9943943032646163,0.2879055555846019,0.2420873189161283,marketing
0.18094310218832402,0.22817207854427707,0.9710290512457003,0.12224659433184817,0.4079821934251821,0.1171993237161682,0.25551182346695195,0.2833121178487648,0.8773529444721647,0.31766180390291077,0.7701386967349806,0.4033315135909063,graphic_design
0.20344243649502589,0.9104700483601091,0.45898735764501764,0.21500415258844788,0.1818401950581747,0.48533012696219363,0.8543228011979325,0.8784523709029188,0.9655268108748777,0.4396004421969757,0.4500033667780666,0.5613573380673682,software_engineering
0.1362336384038028,0.9632558241638853,0.33414280122673795,0.43373621208078444,0.18290381352803517,0.7053017882929588,0.8906642336972519,0.8929130605284072,0.42869348662251794,0.5973743467445217,0.18326015811248733,0.5801191064135255,data_science
0.690323488529244,0.8951956908120473,0.0662919803636011,0.8267253814243795,0.44575251482567835,0.5721338929275791,0.7604651042462736,0.3631023021595571,0.3639874697394425,0.6215792682567168,0.03982670185886358,0.22949180370889333,medicine
0.5081521308494746,0.0694047148303888,0.640622131895223,0.7448710809399101,0.9673102679833113,0.6650793337482646,0.41840734593044815,0.5711865936960768,0.511875167869244,0.9828272087477672,0.6593403054238978,0.6429754981494571,marketing
0.39387465903552066,0.29275622024432624,0.9602818638600652,0.5274324647563601,0.5416731013900328,0.012152176168370584,0.15890745741843437,0.23777333867797668,0.9282441397176294,0.6670511529878329,0.43335594868037547,0.4876656189132914,graphic_design
0.14644378159857183,0.7447158259653286,0.3271768323046763,0.18644603935725085,0.3786210633557813,0.5257735102774707,0.7923035880152032,0.6959131527135187,0.5439340406247979,0.20654560995691068,0.6197069487499177,0.5301959235025068,software_engineering
0.2664347043172694,0.8611363337627266,0.4441258921484379,0.38686481789807947,0.40314976076641534,0.794050979403969,0.8690469799353139,0.9177199706111702,0.4322242789078688,0.3808850132795212,0.49403411721954427,0.5123577941200422,data_science
0.7806527518086189,0.7084877047050628,0.13220812160101938,0.8364071961270086,0.38022458783800034,0.5804850764557528,0.6668795644771878,0.619628427410147,0.3714555531563694,0.742968403055845,0.06672545929498801,0.5856880876847617,medicine
0.16653491186332503,0.24842694175800445,0.47314077583684405,0.8596400805686736,0.9345376287502153,0.16477761670653593,0.7281727303691832,0.4538648983523988,0.7656294931399736,0.8134269113662468,0.5709048166455214,0.7892685895088933,marketing
0.22614362151677136,0.39947936374529286,0.9026144539938641,0.45111507437344617,0.6303554463572132,0.5049879713840106,0.36712845316677034,0.3980968312605172,0.9731384176574721,0.7894455458719615,0.504186655961212,0.20035718357754798,graphic_design
0.066421711255426,0.6450947389347933,0.2809924448358827,0.44368497071964935,0.5225955139459695,0.4645925868461178,0.7361904985528848,0.8584101370403904,0.4326584969560926,0.12686653804483913,0.23886077939194877,0.773178274031248,software_engineering
0.14411973474582196,0.9531026043018314,0.4455127400322373,0.05789086610979475,0.1855759146456883,0.5448617665983724,0.9633713193639686,0.8380130179938048,0.4623950428330484,0.4599284905048562,0.12764504461269888,0.3765558232527301,data_science
0.2866393973942508,0.9288478353413544,0.14130056568947685,0.7951953470597263,0.17971336016737566,0.6985784722914472,0.6915096020069257,0.6760355735390963,0.5336612963272727,0.79217757838391,0.06345383343016095,0.6857548520676686,medicine
0.4616557750942131,0.3296501140909336,0.8197252333552202,0.777458548951675,0.9295728787618734,0.44104794598159885,0.35556549250681957,0.7454588150229723,0.8115347289275152,0.9884379648518191,0.5484982351952423,0.7062274459241993,marketing
0.19123352262151927,0.17625405708564876,0.9624045644792826,0.3549392003187975,0.44554030657026045,0.08458739498903531,0.3785279349395036,0.38515927662097627,0.9046958643479489,0.7514679624384651,0.2608832974110718,0.3059590471671957,graphic_design
0.07873913698145757,0.8091304043826307,0.5338407433325906,0.17645226710306006,0.21799247108252784,0.4140059044211511,0.7481321689967145,0.6200392137874896,0.7549602511845167,0.49904181034237355,0.47020725611362996,0.6460739701019053,software_engineering
0.10469729617078684,0.8961626636915203,0.47309862334420577,0.257341471579444,0.09630728787396045,0.6903670154907183,0.9804792199208634,0.8644648787939062,0.34753197896497723,0.7090566522194233,0.3913502600899772,0.5746092709150055,data_science
0.4033610704613137,0.9131566162042922,0.04259719350606019,0.7611995170302157,0.2835575597428232,0.5941872607280427,0.461850836939289,0.9152196012834399,0.3562680276146621,0.8370585981162163,0.18148381769384567,0.6084738273605224,medicine
0.33321295146709523,0.12729944770012888,0.41320770460275474,0.8578643620705371,0.868762941611204,0.47151428079565494,0.35401798513324884,0.8066426837565381,0.7803636640083765,0.7882293874479994,0.7202834005150047,0.5337792460159051,marketing
0.5675551359925441,0.41058831403308504,0.9625093353197529,0.1766298536062343,0.6987059229418032,0.4244121873116101,0.40770391546092244,0.410068075297901,0.9865985260789699,0.5020516164886877,0.5488110460169354,0.6212719825292432,graphic_design
0.7778198296906245,0.6854608469427659,0.47698509475311285,0.35492689938077415,0.09237547525906782,0.3813647524120641,0.7455821112142519,0.9442238758338959,0.5946551828478226,0.2576275551337445,0.5085413866318313,0.38163030736743864,software_engineering
0.41653722578880964,0.6613915571519768,0.1414951669397662,0.5396833540796849,0.3747226018231808,0.5124822837893116,0.8586622946317796,0.8530012769767403,0.3723837931764088,0.41496333748999625,0.2972685879488631,0.5931527367671197,data_science
0.6012248541481822,0.9538566070583464,0.19933100997056513,0.7592235732942005,0.6358292216547913,0.6938069466722959,0.7696893571270641,0.7548174949280358,0.5487950449148061,0.8689988511199334,0.056508472666580545,0.4539147627938312,medicine
0.12755479116677595,0.3792631417587907,0.46869149764564905,0.8213426439460116,0.8907332932778584,0.5406199459876434,0.566475125839777,0.6637261876089189,0.6027514849381368,0.972847705641703,0.5169833615188634,0.6577704914861247,marketing
0.5629337177685702,0.3188307039982383,0.987995667224582,0.37946004517927223,0.6330572722985329,0.18143867950262266,0.24482747834310362,0.4295737853204681,0.9450587895321486,0.59945480335242,0.40818235526071617,0.5618123605240992,graphic_design
0.2758301072937853,0.9295043368300808,0.12997473331914253,0.28843327237988914,0.3681428995267429,0.3061337978280617,0.8135929915803743,0.7119806106545663,0.6843039915971746,0.47583210638893886,0.4688601411171608,0.7151774797298336,software_engineering
0.2536013747806583,0.7934674139552328,0.36599140369048866,0.01396043017751798,0.4537342921497208,0.45054911634377354,0.8819961851112912,0.9597810324353085,0.4176482081181734,0.732888169957127,0.15696081570273204,0.3173542124493242,data_science
0.5108350266224289,0.7607740410281381,0.6388325311414638,0.785892651882202,0.3341635969413676,0.6850816496773285,0.3179919818704858,0.7481535727631051,0.5223226609129722,0.6535179290312462,0.0825237582823555,0.6069570342149331,medicine
0.20104944383637852,0.5123434333144709,0.31506679167611273,0.7617021799144638,0.9807543153003696,0.42284167911877324,0.046020690391583,0.4447376162661838,0.7083039896604887,0.9699595400880463,0.8908914988163411,0.5848692311004504,marketing
0.7031366871744865,0.1932650960145533,0.9369013622508437,0.4449867066451681,0.5275867979984976,0.154604350640218,0.5439943245789488,0.33386821603848543,0.9648275508459976,0.7047048782508119,0.7158815909274391,0.7365014366902481,graphic_design
0.1761429409794085,0.6657195472322632,0.19809003949970277,0.3627809420752463,0.11234266258271014,0.4386829238548054,0.9186794137790765,0.8103413746941293,0.44121341703620154,0.4412342693175697,0.3249987346652911,0.7551027808061822,software_engineering
0.24054979207541446,0.888799466894436,0.15521834290889788,0.40042763123223246,0.4539853320456166,0.3641472798449896,0.5913696336939949,0.9275547882004476,0.3618861172926312,0.21910683184484964,0.30081495396846636,0.6574996659879905,data_science
0.4231309427287287,0.7174568566031353,0.05074473965155076,0.5086769752559267,0.43546707387745415,0.5606017694445705,0.3627815141815937,0.4690641168766103,0.22187392297330624,0.7619881454173151,0.236367385709589,0.7734551924528087,medicine
0.6978185142321404,0.25792821111453873,0.7400751885359689,0.5828280522625569,0.8864131161762085,0.3133471779896366,0.23256357181769563,0.5743649922489836,0.8459508540697446,0.8056755417517405,0.5250422608957492,0.47226629191893454,marketing
0.37923785340831884,0.26079817039112974,0.9553459786734549,0.058913656973998384,0.757362347175507,0.2065688532282983,0.1492943609270144,0.5502014927003838,0.9430767205180438,0.7354631153813913,0.3817204940640647,0.4134057860218064,graphic_design
0.22369864922235286,0.9480717247088317,0.4673665071102634,0.3316993245923439,0.0158205000320074,0.583298898588072,0.8535762418598009,0.8302678556077084,0.6995414306556681,0.3405601497511954,0.38049266749862765,0.6052230521368112,software_engineering
0.10191493371946699,0.9583547409163289,0.24561693073431912,0.4624404415575043,0.27642674292237057,0.3713092008158372,0.9653214589407568,0.8006758805644487,0.2548328473712759,0.5559058025902224,0.14996694916120382,0.549090171319536,data_science
0.44532448822262394,0.9829157899564981,0.36041199809233315,0.769071004363929,0.35329537767185476,0.8522982974671751,0.6264024750582943,0.6847897170494518,0.35623650270738816,0.5185480774308743,0.09915844804326794,0.503114686524561,medicine
0.469121592545723,0.25286021548941473,0.4651976152682334,0.9715893109413127,0.9539086670732665,0.7508132919035699,0.46467101232420116,0.5279919359935249,0.7040127828486097,0.8458280378053055,0.6428781968634344,0.2881699404014807,marketing
0.6631605898092066,0.3655965643347208,0.7587394772318742,0.23030477983677225,0.5301285422289564,0.5390601842221302,0.29085583599484416,0.7584132396230099,0.7527328254799487,0.8174120145772614,0.475403764726915,0.2882552104087599,graphic_design
0.5651882757504848,0.7706889973842175,0.19400830089735105,0.13226834612159014,0.20222176975536263,0.5911448457004744,0.8773752272379569,0.7226809547818736,0.6837682035835678,0.5445259261246851,0.576484547437718,0.5304261820400914,software_engineering
0.04642996781455321,0.9451897322180366,0.3000422361507693,0.4020724538926203,0.36155232189246944,0.5225677226223518,0.9851454182723036,0.8536213958710408,0.2223396268382985,0.7177522147984814,0.34436602257540816,0.6334894751426237,data_science
0.696643265876911,0.8027872519605046,0.4709377617365313,0.66397546697447,0.17239637092295207,0.8571905524423948,0.6577493402044556,0.49931289903854115,0.38409341680399484,0.7839361577986562,0.12904005805213756,0.8779721995009295,medicine
0.35370651081297455,0.5191305915470145,0.6849596984022457,0.7702835084875048,0.9132507213576254,0.4982648157554208,0.4006343189116409,0.6948827992257475,0.7692994132785,0.86217968832164,0.5691693426715181,0.6214203526783146,marketing
0.486470622104462,0.25339542305243656,0.7992671097337609,0.13949022334893513,0.4814402744472262,0.2897224262119631,0.34374190252629716,0.5927999524634014,0.6908096632584496,0.34689566578606035,0.40179796738157625,0.7009481736088368,graphic_design
0.31125902009319284,0.6919432105072919,0.4715290842854915,0.6066761351396821,0.6658168819683633,0.4135004151534115,0.7334313194975441,0.7703944057716375,0.4400529880832107,0.505636514540105,0.33911071853268976,0.7554018374042335,software_engineering
0.016686685174942865,0.9768274044553924,0.213205580519262,0.3387827035510795,0.3108611927662954,0.6467524866237104,0.9803717103697839,0.9308504930492562,0.3496804619379119,0.22179895411323217,0.32268839570741475,0.46392541990880504,data_science
0.549351820348669,0.6824232517704777,0.25562700354062134,0.7994810684957222,0.8037093026811688,0.5687170467336059,0.6844323664389842,0.6665931558530906,0.25462031627310394,0.8403047695273749,0.44645288269279304,0.8692538168774943,medicine
0.3010780672624614,0.2458938332752865,0.5922936160218886,0.79167337667887,0.9945401855201365,0.5245281217291269,0.4450078231803405,0.24844295479882206,0.7624570777959694,0.8080404855161856,0.7275063382021395,0.5092329214302317,marketing
0.677985777798118,0.2819539374067643,0.9991137624286272,0.31232473391388577,0.6596732715940801,0.4313397768849576,0.2764727493474012,0.6109724214555441,0.9747565667130103,0.7291229886421406,0.3441849072547146,0.30423914859357043,graphic_design
0.1338379350915518,0.6373673979343237,0.40163820987202303,0.1152957705270209,0.37081383306916926,0.30193616104800486,0.805425026030273,0.6185262381714042,0.5560834068717336,0.18676742662073548,0.5740702601136761,0.8271599540660766,software_engineering
0.24847591275107078,0.9692261748361637,0.4047881497463098,0.24759832166349224,0.16642520773635933,0.4904767928106385,0.8281730283384592,0.8387322972819453,0.41090212021738587,0.48674137779420623,0.412747543253043,0.30292981000516167,data_science
0.6294097186279519,0.8458036779217007,0.055925476800807276,0.6242656473705739,0.4854591775450106,0.7888684343862536,0.5651369014834771,0.3876768655328968,0.21662747731711932,0.8057922235830911,0.035829812114648016,0.572846600274885,medicine
0.5264391049733422,0.24998310632911208,0.647050609181824,0.8470020597659251,0.8869392012647098,0.5160956038648843,0.30255962689452703,0.35069283333388196,0.5406487915658215,0.9637884532105709,0.43395143310181494,0.40008623799531506,marketing
0.6073215333374222,0.5270154270362656,0.8897116674603345,0.3007128553082945,0.49314930624911485,0.2639659445137518,0.4528827582940353,0.28154701964561,0.9169634986819902,0.3417478638033896,0.5941371375512157,0.2009384143943809,graphic_design
0.3292879706255204,0.8632230172677743,0.44377840168785326,0.5120401575665436,0.10354134527748962,0.34208522040489175,0.9527444113226693,0.8772444873986175,0.4306583409791132,0.39999137123637574,0.5229729453260917,0.7370876725287516,software_engineering
0.2811985543050449,0.9988211169054698,0.3463646856952514,0.2448166227510094,0.5010813770550656,0.5657998828708417,0.929127614478539,0.982405007784971,0.4700292183723487,0.588520983221314,0.4330815590383612,0.5136443802703222,data_science
0.6864457671906647,0.7626345980990126,0.37130729070430846,0.7473002367660994,0.5744448134119017,0.5185332152746122,0.7573866626616983,0.7623753853409027,0.27830778154057156,0.894832869510947,0.17618143402585557,0.6847924874997842,medicine
0.19899597327936164,0.3536461942829789,0.6584368803569267,0.8539646626875178,0.8779267428042528,0.37703445468675323,0.4955526422732124,0.4450615108608222,0.5769581321875998,0.9847362882654193,0.8381857637130951,0.5932477395828222,marketing
0.42202772495592883,0.5918576973996904,0.8447910912676827,0.26865510893851197,0.623050742126105,0.1212411488205737,0.34334528134320946,0.6112799818318063,0.9789551014125495,0.39674812933026654,0.6137946228510726,0.5478220443522139,graphic_design
0.3787794116914251,0.764464425568637,0.5149409027838708,0.23890860980316347,0.3810974403395202,0.5920715635174849,0.6074256364552917,0.7814627852180555,0.8045551955917158,0.5106014707617638,0.6671087985019557,0.48695359299292357,software_engineering
0.4119802866003364,0.9993921891923742,0.37107793871974326,0.42927139167232703,0.3000163704790346,0.3927270173118158,0.8204802090187747,0.7528153875479721,0.56694454060889,0.5009447081278485,0.21029302224693525,0.6062611737478741,data_science
0.3940380643926049,0.817807971949404,0.5699222713065512,0.7293755332482338,0.399891060575849,0.6459135033408644,0.6780364428339322,0.5422981411096666,0.42467640106717564,0.8317741403480482,0.049636048116595444,0.7250097514977522,medicine
0.4193559263248346,0.40029841849460596,0.7206952841922377,0.8041980449903022,0.9125611328614683,0.4772208367900094,0.31866788034324434,0.3098510996555688,0.5843084970649457,0.9934153430264083,0.4183843191713247,0.2911730271439671,marketing
0.5462613403486475,0.3542123005450261,0.7737121454702662,0.35957019363521636,0.4422447260600711,0.32907439124437515,0.3884180089134348,0.541119023558041,0.9831092713644218,0.21174036930516965,0.5268891265971818,0.2708235725655443,graphic_design
0.3252505486348894,0.7888362708000277,0.21638993506872303,0.08825709748459361,0.3015613526363448,0.21357236582949216,0.845794575644132,0.9291282168888023,0.5098484253622406,0.16414672727498247,0.37903591450980795,0.5828909934056252,software_engineering
0.1829258456286575,0.9542139195260665,0.21217624807125965,0.10171977276170117,0.17622467475361017,0.561221784093034,0.9476034519440305,0.9866876602413708,0.23397848853456432,0.2878205074305023,0.5380136510522873,0.2610530142580317,data_science
0.47466969852734053,0.7192809673895341,0.6023804560735069,0.9080801850334698,0.573737981431082,0.44999540421946965,0.5656130209990463,0.7978101938873313,0.0826940156771069,0.49589437280127335,0.1771814873567173,0.7452701742672687,medicine
0.6386575737392094,0.26120359585805775,0.6780074720383602,0.7885204115884702,0.9849167719641811,0.6329576602578847,0.27473680693927177,0.2967264814193915,0.8089510974410236,0.9075894668913586,0.36203260834299456,0.6937807948756484,marketing
0.4304598535474678,0.6392245494747981,0.8922930062692417,0.40655234448606037,0.3877663982538665,0.5628960574708671,0.15848798583621193,0.477148666351131,0.7130487279553056,0.6695541843475976,0.6018692717327352,0.22869538891291158,graphic_design
0.32852967813416944,0.7690221854755342,0.1152874525524643,0.18525134927216153,0.4636901359848831,0.47795657078785525,0.6478977557143527,0.6645217056660432,0.6079872228829717,0.6744402470931256,0.23589056731631017,0.6919388079502241,software_engineering
0.12492552280449509,0.90327882574831,0.1633693015870751,0.13390475663522475,0.11953304229113806,0.8111359487163828,0.9881174341652059,0.8698831031202868,0.5460508635333314,0.48789367342700535,0.1639438168250352,0.4712629737635222,data_science
0.37370688523717777,0.6077177999764999,0.12909096266130446,0.8258793234480756,0.58974841598131,0.727388191963348,0.26779204860067574,0.4411690786213796,0.09579870627945267,0.805579893672382,0.13741248778648446,0.6607485155172622,medicine
0.6101349111243436,0.3009241312254849,0.5512157141820854,0.6317637362883726,0.9292986290905261,0.5443209646313605,0.3714057148211989,0.7142865657078713,0.6067608757815178,0.7844991817197753,0.684687358517961,0.5839001188019923,marketing
0.22668937648353357,0.3798067340162274,0.9151894572207795,0.20135780245687987,0.813696022862906,0.4342243358825861,0.3800141622892415,0.7264233618794939,0.9906697974353713,0.5395103044363017,0.36266932720714284,0.6650816875914977,graphic_design
0.6047555056747829,0.8921146039890261,0.1096326610374049,0.5848703000212907,0.3334022656503552,0.31101879330103227,0.7209630766908238,0.6895618643410178,0.8857935361253582,0.4513441268526243,0.27565827926904557,0.47660094178521106,software_engineering
0.09952695763073784,0.9276180150609167,0.2692353119972968,0.17176917971679295,0.4614495645920709,0.6930095417225538,0.9633332424998995,0.9228526510974232,0.47496773573074447,0.2807121849970136,0.17549730243902426,0.42188926234643753,data_science
0.21261301256793688,0.9654790923673269,0.6687877109257413,0.7967075035098637,0.5781527632351112,0.7362242853633032,0.6848491084764985,0.9165565685638702,0.25507006171271257,0.8226808740565151,0.1466090226595287,0.5339750848845469,medicine
0.15499098331592093,0.5584819238261574,0.7453967031612653,0.8347290052138532,0.8778853128270017,0.2581645509071851,0.2528365704181366,0.662676158064988,0.9082943371625488,0.9417808715786761,0.9132629337065817,0.5902881446234451,marketing
0.6469901483929263,0.3996759470810762,0.8699797041614404,0.1646874723612992,0.6025645438572783,0.2998386023356864,0.49178536872154877,0.36032836026473225,0.9596941654449976,0.7766981041371382,0.6775814209095185,0.5989795788815154,graphic_design
0.11504159039966173,0.6605369689999978,0.1860632378016218,0.1758195057855209,0.6722383451578897,0.7747427576287824,0.5533296535810829,0.6987809550564578,0.8974459476551627,0.5182576626368505,0.22852030593085318,0.7704476825047155,software_engineering
0.3385883709411178,0.9480962034885445,0.3211582372817194,0.26782157138372253,0.3895778036515835,0.7079801478613046,0.9370373424519002,0.9654963964108589,0.5541149201833505,0.6143603533333407,0.3922560122999233,0.5860795049285934,data_science
0.31185406219373657,0.9816479221560929,0.4801407705401104,0.8254312347316777,0.40191853951605233,0.8829359613713657,0.5516514007441268,0.3874922129722087,0.12918009978590791,0.6241582468530532,0.42565393777324717,0.7720003277446648,medicine
0.10449088520238954,0.15022827406160597,0.6114282253433085,0.7290450900231962,0.9769828359458773,0.29481661861378067,0.30110451012158385,0.2770242508372725,0.45618742014993474,0.994836072772239,0.7523509876414095,0.5558339412057949,marketing
0.29346837938704057,0.29232204422757685,0.7708931739855205,0.0876293302884891,0.20066617534301615,0.6157753836749614,0.5845833676472451,0.5050763439705245,0.9733037732237306,0.33439204862478733,0.3810606929295417,0.20830408163478537,graphic_design
0.20731196028681637,0.8714564820134113,0.06488337638414425,0.5724803212774391,0.24246668385713646,0.7803069061392582,0.8552645430115486,0.8340907614719557,0.6554225303501902,0.499743271602349,0.08963090865781703,0.5184887950379035,software_engineering
0.28847957686375897,0.881018321257927,0.3815549895425741,0.3274095370631589,0.4340371437474079,0.7318943859662189,0.8089119840004318,0.8628054178145652,0.4137291578070384,0.5242185581067482,0.474578302302292,0.5804765462238431,data_science
0.49544357422017715,0.7732228765704511,0.320399866000172,0.6930904820782388,0.5964500585819444,0.40222669056434945,0.334629349036,0.8188641866081933,0.329893584564625,0.7335679227588343,0.2997042366817835,0.49913610403975567,medicine
0.2204955396549488,0.4360948995260997,0.5570033719219101,0.6274950139037463,0.9487664049899541,0.7749534411675091,0.37959580260145953,0.3942501576860407,0.6832453292601656,0.8786034257214008,0.747424182568933,0.7241536870353774,marketing
0.28878851381959403,0.477026284622555,0.8579456305207912,0.5434224379105537,0.5059065256755437,0.21739454575949713,0.3354179734686669,0.2710376342476809,0.9719334262884245,0.7053084265868541,0.4724953968012848,0.26539309259066296,graphic_design
0.3130895498073548,0.6713974466870807,0.48484749263377414,0.5103591888103272,0.38655669958143063,0.3912339748321404,0.8164667288734927,0.849155055851402,0.6628201647905817,0.552004220915714,0.24297447781853818,0.5717202318300919,software_engineering
0.3984489375055818,0.8888187983410611,0.24095015309638265,0.187998652096743,0.33782501673560367,0.7187701158893268,0.9828540194895606,0.854757080103352,0.6763593597139139,0.2873472916531518,0.08788577335756426,0.5064311669753501,data_science
0.3618170278942281,0.865212689300879,0.053404651056281595,0.8961169286973627,0.4405245958223036,0.7549972296557995,0.5456576923714416,0.7094396434477959,0.3394772152656536,0.7612179569212839,0.06632122872094309,0.4790862894291465,medicine
0.4212058120984201,0.26838659305024126,0.7844642636762288,0.5294761294838254,0.9857374911482275,0.4464695914269355,0.5719898140819052,0.29645485715697256,0.6858388463294494,0.989118340787302,0.8682242298981224,0.5562246434072557,marketing
0.4098999428875864,0.3263962149287375,0.9866687085639344,0.13325236219541414,0.39526928180022486,0.2095960452793035,0.12221149268712074,0.584878165057889,0.8424400212401304,0.45190892935597876,0.2609305013613096,0.19384315567367533,graphic_design
0.20405706801536017,0.9150643032563102,0.4061945754594083,0.15923660914285934,0.32678766831716805,0.49474336037008093,0.848594556802798,0.8528783887021401,0.6759595179811256,0.3637771576564958,0.4301071256105361,0.3423422121750909,software_engineering
0.33996163926837114,0.966521850654618,0.3400794777113815,0.23568678980531554,0.4694418247851182,0.4087363154634491,0.9664301678568277,0.9902344115787437,0.330168296758375,0.5760507601171837,0.43404405578169925,0.6909199305473173,data_science
0.33531807244220463,0.8241842072097338,0.4657860237751852,0.8370666564483952,0.612604892846113,0.6349137306794885,0.5338759376527098,0.5966665388505272,0.22038158117678713,0.8944445316023609,0.2638783094616452,0.5371520282455534,medicine
0.3145893110680027,0.40601420955279915,0.7740323566726899,0.9050134022734393,0.983919839168766,0.12206921745821427,0.1495127249966357,0.6067811264933678,0.9084116727657634,0.9267464537015433,0.8782431564939589,0.558565817418548,marketing
0.43315498242549777,0.5036664546938192,0.9152935224546327,0.42064970118392214,0.3891160943628869,0.43167712417454085,0.2383810386900952,0.37134244354554635,0.9306769717175152,0.9028572073819147,0.37264844115921486,0.640837289546194,graphic_design
0.3113115778623021,0.7141194293734939,0.3099056911120641,0.1257313148425293,0.05923300709538424,0.6574993650631152,0.6629396906304491,0.8921148194574674,0.5791457366501166,0.33986029738437135,0.324179792281945,0.6892840113164224,software_engineering
0.5616866448295958,0.956523873550121,0.3436751386485853,0.1722633444763791,0.49900762840838603,0.770729634664345,0.41685977075110753,0.9566116403067465,0.33926534475111436,0.7270125896220317,0.2754727416620438,0.6379229367031303,data_science
0.1952963879808178,0.9046105976964577,0.13804337109135928,0.7467971042707806,0.47916672294671125,0.8081455397557354,0.8441961301687244,0.8321613965444895,0.4583624124582617,0.6012240299267707,0.39619011993027425,0.2599075239752187,medicine
0.3596398807980209,0.2748192561340947,0.8282815045756059,0.89843011249897,0.9715929073519453,0.26070460962765263,0.6356900783408104,0.2798208136509496,0.5663377081646433,0.9597949369046046,0.6980455299116184,0.7292639986239179,marketing
0.536078997135094,0.5390205140053677,0.8353071842632609,0.41501425620881227,0.5160338470760608,0.14032243890608656,0.402578977572291,0.04666156902651019,0.9917879767543195,0.6962763070504804,0.5426618460624884,0.3960920756968298,graphic_design
0.26404079510704065,0.8019231657017981,0.2097130272318924,0.4405107254213479,0.3477365493475431,0.6287769187369012,0.9150226534975936,0.6593983906317289,0.5425653201070035,0.5723469757229656,0.5628941875680357,0.7894125322650837,software_engineering
0.39477095689698755,0.9416062096538662,0.18654717964165515,0.5276807265918634,0.20263955024939606,0.5495828184583502,0.994225063124712,0.6418685429455881,0.22818564148039014,0.5575012671089968,0.31539019189223433,0.5808922384216336,data_science
0.2299395355736909,0.8700617449176954,0.5597666364755661,0.7533552289371803,0.5724183744760587,0.6878771141095893,0.583229417988458,0.8682007718941073,0.12691074527103569,0.7355165769168449,0.14704282064907337,0.38519448704881265,medicine
0.4386384513734389,0.6469730084827369,0.530474304420659,0.7730734843489288,0.9698309998021808,0.3702391684414412,0.49145513919349154,0.28544791287438753,0.6994695513259842,0.9461911790934227,0.9193702581213166,0.7270537603027333,marketing
0.11376423102621953,0.5445649240032705,0.9399224302063947,0.06620254072318635,0.30597932532089306,0.11983343633263896,0.3141183709061357,0.459641281720451,0.9492377811615089,0.5595754312519765,0.547470771645438,0.33343306784167015,graphic_design
0.0980912951468839,0.5159279054919075,0.26451778311661295,0.20432398244937314,0.49044235215160176,0.33608234845092516,0.8829824772281619,0.7693561823044875,0.5437611767780596,0.19201198417335785,0.4112334572632476,0.8150579764953206,software_engineering
0.19594963317375974,0.9071912572249777,0.3911753210683067,0.2181134112936203,0.6622281625005102,0.4174336268923678,0.9419444025212916,0.8665581887718511,0.5956518343622818,0.5736735406144347,0.4450409036996583,0.44931187538319034,data_science
0.5502239045550199,0.7380464257879146,0.5767372935216369,0.7321410409714939,0.5519566598740466,0.8765772031539768,0.5783811773056585,0.6038505770505271,0.35824714359454557,0.8915336668652328,0.05687968770064714,0.46683740049362876,medicine
0.43370608515628883,0.13584027425179934,0.3680577864782462,0.6657858914983621,0.9405458219005578,0.3157282460052959,0.41644626639637533,0.5649787971120114,0.719129255299231,0.6388668414310303,0.6423246778681581,0.5555807669911945,marketing
0.353199326481925,0.7792458716406309,0.9631886447123085,0.3245283115939767,0.6370101681349732,0.019867981509279133,0.2945427807402704,0.38378935462477215,0.978734743999708,0.63055953621529,0.537286922254398,0.4416699921591047,graphic_design
0.025072234884873555,0.7132472010489256,0.31945762641894315,0.11752011625115268,0.3500230515338239,0.16792978729693117,0.6688706706043639,0.5766880495067243,0.45083449145076254,0.60332475599869,0.4523740456354833,0.7524906576422161,software_engineering
0.42980440522105146,0.8938821287080386,0.6137145030447795,0.24734564214679547,0.46221507206692236,0.7068335993158845,0.9894856000891932,0.9999179878775717,0.4808778114171203,0.5421340550382548,0.11955960816067117,0.41215506839643606,data_science
0.6380945115420048,0.6780685138229554,0.44460260364586224,0.7469930034260741,0.5231880394158572,0.7571259952904277,0.3067104661849617,0.40039981028064386,0.1424839426531939,0.7269352553711187,0.10507662452433279,0.7246434125737045,medicine
0.13679082046402577,0.5010104541590941,0.6708720586057717,0.8913740306030546,0.9376918417834761,0.3573432283404493,0.06033013378702001,0.7746897322112744,0.7406923987062821,0.9924827524384797,0.6511984773021134,0.6686930107685577,marketing
0.452214510274151,0.4484444849915201,0.9579883831848205,0.4658954438856537,0.5501281663557364,0.2409513926406249,0.16287949840927313,0.534099902628664,0.6922292035234453,0.5322840678865347,0.5118411110976552,0.533347235937167,graphic_design
0.262558490997277,0.6592885492110805,0.3208940082489139,0.28865759581979933,0.2849510312924029,0.3184394984817749,0.7413187298873047,0.8092621955959518,0.4712469418111017,0.5486027240867268,0.6411236649539143,0.9267499737402763,software_engineering
0.6313914303391082,0.970702943611049,0.3664463982384082,0.5399982313922131,0.0874484262549927,0.860565136645718,0.8917887631200411,0.9877773018495292,0.16694455549479495,0.5942750875365304,0.2790435294798659,0.5857507448575027,data_science
0.5964159864950519,0.718080264685323,0.2588612740207666,0.9125858601808111,0.27760085905694554,0.47511177159948276,0.8232126483553546,0.7629171905015393,0.4706303204164117,0.8077694182688526,0.13325583568581043,0.592289627340234,medicine
0.2431046029736158,0.20689458144091594,0.6133413252495793,0.7429815302324068,0.8553525651201402,0.46565151218615014,0.472888672238196,0.664080067870381,0.7667366668746738,0.9652281470374272,0.5920032542852924,0.7441042051199751,marketing
0.31990803312178184,0.25511554659894325,0.8345923053833104,0.5352498651418913,0.18587682577849177,0.0836430155154033,0.40052111239141897,0.3134166909616908,0.9627846917963229,0.7231717085433685,0.3985065874968905,0.14767170266669227,graphic_design
0.25680203101814436,0.6536186668163817,0.313802951557665,0.08546711510110686,0.1268906795453647,0.3577673941710011,0.5112373746918205,0.9093986722070422,0.3791031592332695,0.7123971145220274,0.41667653563446283,0.7370248123749092,software_engineering
0.18624968163819217,0.9708317037454841,0.1881839554770949,0.4895592705534653,0.4766499124517786,0.6620500168140341,0.9725676747034762,0.9990939996017902,0.5939393068237984,0.45866213855825677,0.3012154563866151,0.18721339962360048,data_science
0.3981148400916918,0.8368859956188038,0.2689467293642539,0.8354138236484188,0.45455551023676205,0.7205395348801193,0.6136578008059085,0.687920119596118,0.2408720661880174,0.7352888259618197,0.15836571051448806,0.5752988789873856,medicine
0.4146692420952429,0.1479619329154987,0.5584093522205681,0.7837735304058714,0.9609568010936639,0.43398187324265747,0.4810114345246601,0.5016234398860727,0.5338661239617151,0.9354386994062214,0.9713448745337346,0.7987898969553877,marketing
0.41616995693879966,0.3527626330425675,0.9677858836626452,0.13951786229158022,0.6197193726659922,0.19362302587065844,0.4203740966686362,0.268963434912952,0.9534370149774595,0.6157670199847741,0.27796953871693714,0.6523337270466238,graphic_design
0.09663205341191056,0.7133648674586891,0.1235611813738595,0.3544136277999922,0.28310437677075234,0.5093876962663878,0.8466262427587172,0.592933789336662,0.6055730718432477,0.18020904845027827,0.544724475490624,0.8351214172229822,software_engineering
0.42062030716383725,0.9268189719092471,0.29765491509269026,0.03134639388187803,0.14364642557708243,0.6112460265548929,0.8889991219726515,0.9881873869623328,0.6490081618023172,0.3733230646253415,0.5239285584559872,0.4678244501561089,data_science
0.4779943000091469,0.7082706258301814,0.10951149117162068,0.8134237461520649,0.31305810046829524,0.5634264499471451,0.6985061609574181,0.8606003150153168,0.18477645848312726,0.692608897373675,0.12728333950718854,0.5674200367832474,medicine
0.018221908786828313,0.17048642991243215,0.38240918963481935,0.7465826302000056,0.8260931431212274,0.3491794671836688,0.3714581999109266,0.5112586161327483,0.8872236981548658,0.7930932812980652,0.610126806818793,0.4784337817846778,marketing
0.20084599944886558,0.6266565369163078,0.966335547240393,0.36514715516502394,0.3652990176078434,0.5506662688788786,0.3026054827359532,0.3843214968677804,0.9505403201787762,0.6957328281240757,0.5855100286066869,0.3657351525139519,graphic_design
0.26439816190785254,0.7459583355837498,0.5231696172409034,0.25900439742872117,0.3004959770311763,0.6771450120895293,0.8593736618696161,0.7864109971783392,0.6280584326180302,0.5234772325400988,0.4913382557049142,0.59338762556859,software_engineering
0.2627060107001503,0.9873464576196078,0.12914702903243144,0.23767751827776878,0.21758134789651373,0.7524000340431779,0.9991956264073348,0.9910307891742964,0.323821840957456,0.3100720365662365,0.26139929220386304,0.31324792657682543,data_science
0.5259721240897757,0.9159487999766022,0.3551962335159991,0.8222497021504928,0.25451067990853776,0.9096533870589695,0.31590635342545575,0.4114202115483148,0.15865842987947254,0.7279518732942358,0.32169169578077655,0.6306423993250093,medicine
0.5056321924539768,0.5049071440716744,0.41920639311236985,0.820212023790451,0.9935439047059228,0.29185748934080535,0.23607103613473804,0.665642561002522,0.47790142493451077,0.9488233012173096,0.7095962537234857,0.6701123777525563,marketing
0.38635907987397916,0.44756411526199136,0.8416571416709129,0.4214169000386657,0.42493096983677675,0.29470360861734296,0.4381212886178926,0.6127056569496977,0.9508533564227876,0.4565393857809536,0.4568631903568022,0.4984547200715563,graphic_design
0.565976684551459,0.9661585251164296,0.26751362238804505,0.36481554857056764,0.5081099197347287,0.24762569829329686,0.8570744244923547,0.8298690773551954,0.511639120882805,0.23992166329074305,0.5620600855813884,0.5847814499740711,software_engineering
0.40727763379721277,0.9960936517230666,0.20417335618195884,0.22850366148020781,0.39340304352481026,0.7077772045681455,0.8616793673162226,0.9286804084608838,0.3750546534354853,0.3664836020773114,0.2137566578214236,0.5333282980481047,data_science
0.5370760598101473,0.9096460308115397,0.1610861888289208,0.7501281308264277,0.691359938663436,0.575970984942363,0.26388806979557367,0.7936182407968773,0.45954318034373437,0.8459497803249155,0.0388850811226026,0.5753281229707551,medicine
0.15004359508225615,0.1816409054230129,0.6608498252794612,0.7670988976887317,0.9786733211099106,0.5090926145395746,0.4338134915423927,0.7032194499610531,0.6493578710672416,0.9556196384106255,0.9662958941935227,0.5618673292841466,marketing
0.6297554323539868,0.40440392964734334,0.798591056510271,0.45672373941944044,0.38724605623439223,0.44915569132188027,0.0807764641968102,0.4814917303650094,0.8348304427315935,0.7308964292895433,0.4211568887170786,0.36861298016561206,graphic_design
0.08769497870190816,0.7054272959851664,0.031918120415174195,0.3152018803138814,0.18071679846277555,0.5222279743852184,0.9042506266194272,0.9050115480382236,0.572896092435797,0.443683311265952,0.35097577439324834,0.597002619164992,software_engineering
0.49650749871358807,0.9568438683736683,0.17298866939440632,0.10164752866960114,0.1866040794578693,0.712270266042941,0.9586839219160556,0.9262391102692107,0.4377056006011155,0.6735487478913916,0.22035806235086572,0.46998885306078825,data_science
0.6544918036395422,0.8307334203118818,0.42191982993310106,0.6994303798786348,0.4443618720815216,0.56899039333779,0.6694245424122373,0.8400683042089346,0.10185183648131481,0.43991186830390583,0.18200095808450464,0.5660353388697489,medicine
0.4198833656109589,0.438615138395197,0.7229522591409351,0.9147650326711292,0.9492502113296775,0.6966226640059019,0.4733982271789042,0.31854840048486216,0.6680930450544981,0.8451426417242709,0.47674458693381766,0.8493072453859517,marketing
0.23850107313343358,0.4138680332075121,0.9902129733235243,0.23156674981183395,0.2392908947108648,0.10217973346714833,0.5612110920021476,0.16461613391480637,0.9113177078481907,0.8609929460045336,0.15661367955391314,0.19660822445161852,graphic_design
0.19412749212339353,0.6675734791484522,0.1682316701157126,0.5984659998709769,0.5513089399182228,0.23452809833732322,0.6820308823445221,0.7830472420203232,0.38803487968038647,0.12315685726916258,0.24139234167290397,0.8183906142266484,software_engineering
0.33305960106530424,0.925130853701694,0.33956072596345604,0.4111758450106979,0.6475087722395172,0.7350778751769059,0.9848311631681478,0.9037981682811366,0.44678776804761827,0.5253655517522318,0.2037506732128642,0.34025327220073515,data_science
0.8169514173619988,0.8157635490107163,0.21223182353084497,0.9844508338935637,0.5112617270555212,0.5103045738021673,0.7178498226975857,0.6687115382180296,0.17987077291776585,0.6862620315587291,0.25235352215756124,0.705146186500871,medicine
0.12705438086143145,0.23545930393564,0.8240394517309959,0.8607619456601249,0.9828669349952683,0.540186321811495,0.5867731444371858,0.1872759142541466,0.8512498842525744,0.954434657444892,0.8928039653293143,0.6309635111000043,marketing
0.5267559222217998,0.4656018034083344,0.8639801588197139,0.2820568432043881,0.3971139801796969,0.06990130175405011,0.30567929520133286,0.48650854833194473,0.8456167624637848,0.6622398929030531,0.528612957700454,0.2181272674185579,graphic_design
0.09843998370058835,0.8992540993766831,0.18526364290473432,0.10964387364350818,0.22023494652724954,0.5050373885184283,0.7687258326062093,0.6890595427349119,0.49570550520605894,0.32150640772695466,0.4357322482851791,0.7836309877440816,software_engineering
0.17571416104451673,0.6729813131826003,0.27819049952059344,0.03226169699280252,0.31488068628999644,0.5105940627947215,0.9116084209525159,0.9944246239457717,0.4880377963808041,0.2729107906382036,0.1757705343123013,0.317916280329618,data_science
0.363820756804734,0.7919481968016933,0.1603076715474261,0.918471852098584,0.48752185727896513,0.7271286388914012,0.36602011512883553,0.40372535076826094,0.1537033361467996,0.671961142846582,0.1677812371670764,0.499515222366242,medicine
0.2763088370603186,0.4461092674812577,0.7517118020113225,0.6445040291138971,0.9883810921873426,0.5637539284536569,0.35328145620519136,0.47379946611806606,0.6954025657429124,0.7802470142166804,0.6966942506027346,0.7821398234763614,marketing
0.2597676657553795,0.4404771769701715,0.9504353728715499,0.44580164346885937,0.3113486955691978,0.32813616782783495,0.0898925375836907,0.28692503275425063,0.9874437217404439,0.3453653842793234,0.46971978879038895,0.301847305937056,graphic_design
0.30582476907447054,0.8766164050245105,0.6121510338035103,0.20758671296899533,0.24982606163966783,0.4562620564698062,0.6948638003138597,0.7985496905732099,0.5310093135127596,0.5671229455500056,0.4027289416856032,0.8528990571103772,software_engineering
0.5997302793817058,0.8647607292535278,0.23725584698614466,0.08503076739972612,0.5628107409084006,0.584607597273577,0.9412851494342814,0.8571155705463924,0.2223542005599492,0.6487848610050916,0.3632005133434624,0.6187123313826761,data_science
0.2650517090104114,0.7951875789173654,0.3739969645477555,0.9228525265834178,0.4385321022201457,0.8418359269127641,0.7062896203895583,0.7563289292047379,0.2656860548975722,0.6805125641199685,0.09749645197221277,0.5135032758477855,medicine
0.5592319919481102,0.19300328945590495,0.74658520267536,0.7849359485603079,0.7990966557289132,0.1777515560988488,0.21926678473064418,0.4144127568455277,0.5583737602984791,0.9605395467602479,0.732949092820096,0.4282173780666574,marketing
0.23380793881466602,0.19470669637124693,0.9762645892843022,0.28887086192938244,0.7177730272488844,0.08550415069376019,0.27414982658973064,0.5248264605402507,0.7334224702549239,0.6721380727855236,0.559772008739511,0.35690742958748567,graphic_design
0.3749409988171253,0.7981038578844467,0.1792716772217319,0.30166459080154484,0.4489438116542401,0.4776187306169763,0.7697948965668538,0.7394783362516383,0.5445762530787425,0.4533384768794693,0.22309580224447664,0.783932859888195,software_engineering
0.10139977383448948,0.7994348580435944,0.33798625787799114,0.5533562588297098,0.20685503774914257,0.7628001771318483,0.945382114846382,0.9792916476429603,0.262302232351604,0.4977968059597233,0.3483558570613683,0.294522525911011,data_science
0.45186538817471805,0.9293997641408492,0.2101671453876812,0.7489555628155797,0.3407282623250547,0.8782344656213159,0.6057243202547835,0.7886335429587387,0.21490341244019368,0.6773609370434265,0.021640675821964023,0.7149289023147551,medicine
0.49865038010026147,0.1742342174197648,0.45205311713874097,0.6880574289043707,0.9788686356465002,0.17514882585012637,0.36178917415419054,0.45407952622941644,0.6442201603500358,0.8385664528187972,0.8588977720577939,0.6134152480481768,marketing
0.7064887723633801,0.1053197810973481,0.9438240511212809,0.09850034592671242,0.31142608598489047,0.6642061191144324,0.45896093068316507,0.220097882065355,0.9415013036944357,0.5895290619760122,0.4107014449198409,0.2463832020182204,graphic_design
0.4801595193472447,0.8278370193885229,0.3228350330593798,0.3162531497532669,0.24282208977314615,0.806628296834059,0.8252939383732526,0.8360727252648916,0.41724268025408473,0.5092478381772969,0.49921671451876404,0.5512864154165743,software_engineering
0.19690642113002785,0.9469375722002865,0.19697888248060832,0.14593678346853073,0.4156213165260813,0.6144434016314654,0.945709943334573,0.6471428503272459,0.6134777354069126,0.488394762682173,0.30355818507255006,0.41492718130735146,data_science
0.4533348993610416,0.6171255155547695,0.16435786196787117,0.8932129983601185,0.24202866849319296,0.7869683727638511,0.5844682515199928,0.6512319693288777,0.2606911678016048,0.6613996360644188,0.1137507548750289,0.7470077660489048,medicine
0.5791195065286661,0.5197804741957949,0.5641736745613382,0.837305326167341,0.9713683467847763,0.6632684671000475,0.5984903100667707,0.5640220398917083,0.7353614888851157,0.8925239046029312,0.8809654060603088,0.7274880631847552,marketing
0.18418738338897728,0.39954803770505065,0.8991148454491971,0.24393933308079035,0.6182372156714774,0.6250332253183333,0.5771674337079817,0.4835446301462649,0.9637566759272658,0.42867290916689493,0.5372667650022637,0.6203571450852132,graphic_design
0.14859085136239358,0.6326290374729412,0.08031513435369575,0.2598834747086134,0.600904587126405,0.41025467342947597,0.851091845481911,0.7608053698085132,0.5549766112818751,0.16224684990073304,0.31124737302435923,0.8027101589628253,software_engineering
0.10839346639542657,0.8676650610731524,0.4722727366488965,0.16301018143921833,0.37529199869290053,0.5385921806262053,0.9004828905585169,0.7757723405302999,0.46547389867449707,0.21993649388609923,0.32084486198941015,0.590138336896877,data_science
0.2787192184523477,0.9382548999448918,0.2609727368603298,0.591789818759826,0.2120854718332075,0.531460731365402,0.5357684716705805,0.6580301275371097,0.29933458316727024,0.4426820182761224,0.05697551917741113,0.7180001340595884,medicine
0.21948160743623538,0.13661588770986788,0.5411661381177417,0.7169836871936388,0.9561331297440664,0.4426168406445886,0.27656242954478294,0.3740348533352779,0.5241540362145767,0.9665619131152952,0.6916549190535782,0.5502435891442948,marketing
0.4880823658259911,0.45134353291395163,0.9839235881458852,0.3454799123312708,0.5436177854083458,0.06171383598832268,0.19039213149085676,0.3218384761370449,0.952359170378085,0.5980250981440131,0.8303768281476762,0.6388072553688647,graphic_design
0.36798044482223397,0.7317015059096137,0.21327947394777516,0.1538469620034418,0.20095781357449888,0.3957117360581421,0.9690880561695537,0.8672188250161603,0.4713976802004229,0.5431754396906417,0.3759363143573808,0.4991361249931478,software_engineering
0.27420633451636184,0.9819961238755153,0.024641625670647198,0.22741602565073402,0.2612942871057224,0.6284981010002743,0.8910361990769577,0.8696205660837482,0.7116685290476225,0.7176670096791679,0.307554298392964,0.6562669090662072,data_science
0.4522783578444932,0.7689960187268107,0.2506543623836568,0.879936160442658,0.38156309037379615,0.8557210228025465,0.668255067365099,0.9169805375003824,0.2667722620582335,0.5900993783074236,0.407782328667127,0.5088330018501926,medicine
0.2783969208344302,0.04575539000036127,0.8121750188170785,0.7961472803486932,0.9987752483609721,0.5214331021696378,0.36566284027497464,0.5008229058502178,0.7214096489118094,0.9507564614726768,0.6448926274661171,0.5660527571822862,marketing
0.22126032986987468,0.721044162320702,0.9188393297397993,0.26012040562776745,0.7121397738290687,0.14678945171981486,0.21444618196644444,0.16682286840475744,0.9172367847616257,0.8022094890502822,0.6503230469090923,0.37176476087746285,graphic_design
0.31143443305581575,0.574827581758779,0.2770090382323462,0.5185831966817379,0.23526853140809514,0.8920022249989105,0.8313995225716716,0.915785477024265,0.596138161309828,0.4692648339676818,0.37248505820900113,0.628386266104646,software_engineering
0.08062233685392511,0.7332054784436772,0.0664940624945976,0.330768179108299,0.20422888281745322,0.6757655188367315,0.9887788429151806,0.8720455998558074,0.5392711411845371,0.6926433512081308,0.47574903282889125,0.6672327259545678,data_science
0.6515199679954952,0.9186899366892366,0.20582872737596974,0.6147673456060665,0.3140942375531543,0.5998412468369371,0.46028770183438605,0.6847538210047469,0.30626881080425733,0.42265173234783654,0.3432033204101227,0.5278521174844378,medicine
0.12633887100771846,0.5152182887662048,0.4194250136338048,0.6331548176415764,0.9011569431220484,0.5502025073956178,0.4228070962843256,0.49126467973086013,0.8599831216723094,0.9645552344108731,0.7733690369676517,0.8195880827250526,marketing
0.25746174106376807,0.5131058797701623,0.7934731497480285,0.4137901343449905,0.4202712223219394,0.5927011465278722,0.28231444886460405,0.47149843886400955,0.9038625955667866,0.6211177159146369,0.18995982612591567,0.5498662580288308,graphic_design
0.20673554168770883,0.931914266115742,0.3989111821338869,0.26733836985803644,0.1920683539214123,0.6299148335286969,0.6315634029404518,0.9509332978995367,0.7203215340628282,0.6316413602014386,0.3995510103991867,0.6319386029293542,software_engineering
0.19214017340829254,0.5441858459618606,0.164897969516392,0.13130080983563164,0.3409372620216505,0.7627425017940032,0.989886593113283,0.8363216255219416,0.29758836330868976,0.36373333300938937,0.42871866602364517,0.6733796055838848,data_science
0.39320592968634654,0.9204323501001003,0.24678364056274976,0.7772150095278546,0.32086445511522627,0.7138472331706178,0.5888877232739907,0.6951021988778825,0.23155980170700144,0.7419574119551078,0.12586052261317549,0.43861994694749173,medicine
0.31850440917543166,0.04117737418683032,0.8264182576345688,0.8485388705372112,0.8527106875020822,0.2887566377959631,0.4386703924256257,0.49146313938826375,0.7035344216487698,0.9684446544754318,0.5164840394619035,0.6263726344111291,marketing
0.5115921614362056,0.36092004010352635,0.903163588034369,0.2429703271702519,0.6579588943214634,0.6478112925322749,0.4268231851409933,0.49261258528147156,0.9219523806087625,0.8420968603667737,0.26549132982159046,0.5499150857511642,graphic_design
0.2225537748925683,0.8615361852597179,0.12881614630854452,0.13007255481603866,0.43243638461393225,0.6720103239744981,0.8162569004408066,0.9023690457393154,0.5519083928662885,0.2395421110335282,0.2695314034754029,0.6048476079017521,software_engineering
0.267221278930807,0.9143310927035384,0.12479183057929347,0.40530113359704123,0.283967557694904,0.634271053709918,0.9508693890485055,0.936951657879307,0.5025330256571431,0.4791862921428288,0.12603446981086308,0.580688635216545,data_science
0.4278948586414311,0.7551121486093404,0.2974681009984815,0.9321652920580311,0.5109554082709887,0.8070089196452398,0.8365396078300581,0.6738806368818405,0.2007616637570021,0.7527517276299875,0.5651798335517495,0.4962889579168157,medicine
0.04621817845269024,0.16416786929634358,0.4686789368835487,0.7608204931879163,0.9955943673589573,0.5211505982394091,0.39333622608148405,0.16735629965207222,0.8188096238120769,0.991419476399189,0.8286254585180969,0.4656953044462648,marketing
0.2060308707236589,0.2863558895172547,0.9767232753024886,0.20174211766367797,0.6468990540202886,0.102755280658808,0.1947888666889995,0.43253195699166547,0.7179050469889252,0.5355653159593078,0.5298295112608052,0.5769407746375504,graphic_design
0.689834579224602,0.6308613176972454,0.14556336563942832,0.14951467374932295,0.09982932627068071,0.60003780051061,0.8987374883307195,0.6847268993995219,0.584823882253009,0.1777298297300743,0.1696040984608807,0.5476253195692551,software_engineering
0.17792923612358136,0.8371421328431239,0.13082856762375847,0.29412685996763327,0.43187304845064184,0.537479883856459,0.9968443323468937,0.7911697115100378,0.46950149916716627,0.4487335847054731,0.26837607122218693,0.26642239334624845,data_science
0.814319462682519,0.920670297336969,0.25161447287436683,0.6240302860458278,0.3366675789491071,0.8801069766644191,0.6539472026388722,0.5918422257241297,0.20363358541419255,0.6573922711795884,0.1573830423499608,0.6712340848949431,medicine
0.39699922888472783,0.30564759140284065,0.4946842535008161,0.9849207959374027,0.9685656501718255,0.2761581996224106,0.3571748008905301,0.22215026710688537,0.8668756501349144,0.98416223014547,0.703205138828454,0.6166668846665663,marketing
0.4655669818873248,0.45361380096549947,0.741106466275128,0.2625330914398079,0.37491661855101005,0.2527310631573692,0.2907823448046392,0.5319948366839281,0.7633905184290131,0.5938622488782567,0.4007022967375598,0.5867287136277033,graphic_design
0.0951551187185543,0.6040082430415346,0.42871324060621824,0.176447899237115,0.2835500588901715,0.6105829861779358,0.6541535605442481,0.7781497172661785,0.6603821881061845,0.42240785255560825,0.5773349863449437,0.3431856766296652,software_engineering
0.25745726737417857,0.9944988469527222,0.11039174106846732,0.5073418997670264,0.13976909882942537,0.3549637202816992,0.9821640475071621,0.9100164247051574,0.2497410285088586,0.7071419978658307,0.21634490737823547,0.5653440740093068,data_science
0.44452395170594466,0.7634846614434379,0.1769046317899115,0.8580514576938472,0.49948108302140126,0.5223358359954573,0.7926711486719019,0.8065006673554027,0.18935105365185556,0.6377783627967302,0.2981946855810825,0.6703374468658128,medicine
0.06231775008512446,0.4004249796384813,0.3246460188112906,0.7023740837451528,0.9703516766609696,0.1966246028676056,0.4625524892204059,0.5444682761763032,0.8664901654784034,0.920372090425705,0.8068268136526032,0.5824926961882846,marketing
0.23637641353751107,0.38808036620329756,0.898500411554193,0.21279650359187574,0.33319060207191364,0.1421204954276221,0.35138732254784977,0.31353089668472006,0.8317706429064788,0.7041965760580822,0.7575868547685405,0.5763239818238247,graphic_design
0.5674591599478881,0.898828709421506,0.19345407533757922,0.31764622330328557,0.5954394882988945,0.3479904154315572,0.785261774405596,0.7866258187750212,0.4586652869690828,0.4448711104510009,0.46482580875290397,0.6249181752266264,software_engineering
0.3565124464690365,0.8396699733718388,0.2692131308626896,0.11653373933524401,0.213863998445834,0.7870910382066345,0.7768587197729618,0.9699435561546745,0.21594109284212024,0.595425913976018,0.2362027063942606,0.4055827595312269,data_science
0.4350733158606395,0.9290217366996012,0.5143998003072648,0.8436882590666298,0.210132220024037,0.6682200797058193,0.6199308972976807,0.841154031124644,0.2210204699126807,0.7030191131834415,0.16849756423036624,0.795738387822043,medicine
0.16345679026149326,0.14848718841035866,0.4383234720803885,0.7744837367900368,0.7704870688875051,0.5193838007454675,0.4718262065204167,0.40041271518172045,0.659242544570602,0.9393380094454218,0.7821559937078802,0.43424937448861056,marketing
0.4941369750467393,0.5066859128126271,0.9095590785183095,0.2965540387901269,0.29426096222513753,0.12943703503545087,0.33950601615027065,0.33483688821877167,0.9775999616772841,0.34787235013281376,0.48711914861175404,0.45876747981198657,graphic_design
0.11804582819964002,0.8600021300474039,0.117735344164483,0.14401253835977829,0.2906184306449403,0.44194204022768346,0.8740775393464889,0.7898979421862022,0.6223601768483915,0.4475051825952455,0.27786510820900884,0.6654086141188561,software_engineering
0.3950611508735568,0.9367720765919735,0.20025771042214313,0.14139432888324088,0.11613743715005224,0.5015639244892428,0.9157262982309239,0.8763310289927491,0.4348798939769418,0.36713030398086866,0.5979130262415348,0.4771142619216477,data_science
0.5093834623220881,0.5395918859960835,0.21503895933680645,0.7269209822231746,0.24036989400391845,0.7655523920129695,0.5396403555329286,0.9366170286765473,0.12363239934673416,0.5166159378383849,0.27384329651337314,0.75871518858856,medicine
0.10036964807543321,0.16159683978030653,0.37059297968595983,0.8511079649664983,0.9884166206987448,0.6326244858491014,0.40919675226102636,0.5305577614422385,0.7744693939707826,0.9807347974959539,0.6515734816635868,0.698552039351907,marketing
0.49182969283895606,0.7266591222926222,0.9199873821710862,0.10843441712155641,0.39838190248924976,0.5911421749056985,0.16705055186879264,0.2999886945651599,0.971278760700242,0.7351439622927993,0.2910908420429747,0.2528243579468162,graphic_design
0.30524174430231227,0.7438240452627212,0.21734337088448072,0.13087058635677837,0.4208262454356209,0.6690970651702642,0.8825372167932607,0.6588842153818018,0.4154191063073115,0.3979652843500866,0.5775277289279848,0.663879396052398,software_engineering
0.12272516368252648,0.9889614947969756,0.19932582393260853,0.4615293272982047,0.3067565498900642,0.6482244797205249,0.7575827050363378,0.8555338256115913,0.23420617541247188,0.5598337398970388,0.33750558462568797,0.49689688714207947,data_science
0.5694528983684816,0.881013710973735,0.5757116521330056,0.6149270364222862,0.3340498279551826,0.8095986494777649,0.6368265922882821,0.37402050073993576,0.5236241752766948,0.5506027602931408,0.03968995637889332,0.47267196177909165,medicine
0.16297945600330585,0.19813080474044145,0.5280168492468349,0.874876988984038,0.9285105426133572,0.605295762859332,0.5708085317085464,0.7326932022283243,0.663446142531681,0.9819759128808815,0.517600893367561,0.6423400750687748,marketing
0.4313759804785177,0.27022323095086853,0.9270250172875001,0.22285413903478798,0.7257980081799665,0.31013798717851243,0.0808102154908241,0.7361295806489105,0.7936770665413567,0.6061311334161729,0.4559385417772389,0.6503536505401554,graphic_design
0.6807102557652449,0.6539303489137024,0.0939290199271439,0.458255020470756,0.2044586332007504,0.652418593432109,0.8448705828458242,0.8486071358340282,0.5497925488256479,0.20086349479829854,0.5187973313989829,0.3970438837279401,software_engineering
0.32866756216764176,0.9375486938369505,0.3418612999261561,0.4335490215266508,0.47131439276055853,0.3981294142155234,0.800132867244791,0.9840894541250522,0.3878770979984165,0.2863166432547369,0.4025238525035824,0.6219191770699062,data_science
0.7165914725368518,0.8476315547145175,0.24474532837180632,0.8714836638785431,0.4951302564151465,0.8767309422033943,0.5199453295468701,0.4035853973510766,0.3127687714550944,0.5835639298040989,0.139667020035804,0.7992945473557267,medicine
0.3005402098326072,0.2471491756728384,0.8471458699623855,0.9205283370285641,0.9808996825850457,0.6846141347735998,0.31009234844907346,0.344001321176516,0.5420490746512933,0.9983702000242366,0.851601436376537,0.710071845679653,marketing
0.1222796023366259,0.5154247536889857,0.6254562411767957,0.2164995282832033,0.8423510820959089,0.09465737942807079,0.5570083564323308,0.6135638820347725,0.9604268901729632,0.556385582503246,0.5651236720856552,0.3839909465227159,graphic_design
0.03341745864835865,0.7625661827906342,0.20467816707413905,0.19257347963789012,0.38100111471251397,0.6883238471738993,0.8319663058925771,0.7994544613956792,0.7035678581263496,0.5293496373917113,0.535425372822042,0.576827467756477,software_engineering
0.3520759670039853,0.9122560494891792,0.38682625019305583,0.13258595956933666,0.2637730168435228,0.593996929353254,0.9963294144464973,0.9005756147656935,0.3340543931560239,0.3169311040259423,0.43268364747184823,0.5809700063691325,data_science
0.19664391862054661,0.49678553260605557,0.25519308047631656,0.7916790137994107,0.578760544023312,0.7610063054322047,0.6621383024237846,0.6600054681219848,0.06371024419567929,0.8184123646754952,0.25436262528431536,0.6259113724647122,medicine
0.6139457872894681,0.12022799379265763,0.6602938322615275,0.6644347651363112,0.9271174939312092,0.3395571829979733,0.5428173921676298,0.4569855204554411,0.7077237514233183,0.5602000624391729,0.5714427485519556,0.5242814023881959,marketing
0.1933942058893688,0.3780939338452469,0.9823582197429273,0.11881168962077873,0.4388824613669968,0.09006009443166743,0.625851410255172,0.4663563095163529,0.9200906072496673,0.5676142107341762,0.3866144160334712,0.6973963021471752,graphic_design
0.12770887266695302,0.8822978384322835,0.46103876157356144,0.5624959180464607,0.6133033526325261,0.6897900171598031,0.7010721089280777,0.9494781336566732,0.5121413953986718,0.3849141137120874,0.49378483452433763,0.6082546253105355,software_engineering
0.08106180900540452,0.6864974305980446,0.33555763164767294,0.10989475393799308,0.3992794455429278,0.6351888818639478,0.9542769263701361,0.9722043019188794,0.7800517625443413,0.47721397417802547,0.2239360172484182,0.41960331429161035,data_science
0.6128582260170361,0.9357641842534228,0.035327383434003684,0.7926602365809476,0.39183797505837253,0.7131053008278734,0.6550996574159844,0.9093576972028931,0.05260488368773544,0.8006380794683033,0.14229132126570243,0.594841860228216,medicine
0.10270008873700762,0.18657108683299428,0.46586549672016253,0.9069704019592788,0.9061515322171512,0.47682042516649165,0.4487678748060601,0.4399151546550044,0.6170906877611129,0.9853002558521037,0.622247525260664,0.4391066705075296,marketing
0.13018989458654923,0.4478082763939521,0.6302392508028863,0.20726066601344548,0.7560200904741556,0.12932484654524376,0.5361020460312395,0.3572437221205435,0.8541942033936778,0.7444126855802761,0.6732393523182836,0.3748911929994159,graphic_design
0.04227893509481306,0.7475862493314053,0.18265743803714607,0.27003088040799444,0.44249940485057987,0.6727176473131846,0.6940710961411446,0.9655854147943621,0.5185192343303393,0.4550732321142012,0.36667158804559086,0.44461991804880496,software_engineering
0.5329471960091534,0.8968053503034562,0.31593303979734383,0.24116329344808127,0.3291593561893992,0.7286936472701983,0.8604181895900481,0.8074220420839904,0.4708358128936532,0.5360389495222471,0.2537352114708154,0.4713173546189959,data_science
0.40229821420475875,0.8222101320119207,0.11584154637795044,0.9589777482532336,0.36822416552578346,0.49422131206915787,0.45308357062620563,0.8238891374477311,0.197437716104177,0.8316669647354664,0.3299795020031021,0.7364424880890205,medicine
0.20600918051006809,0.15099594799842292,0.7109063157540931,0.8653010118115333,0.861007732858673,0.49041002121433797,0.37378018550484426,0.6269646511683866,0.649025065616534,0.9409501859545343,0.8217557086884312,0.6409651459097541,marketing
0.2823164341698646,0.3220015197240086,0.7263999544052222,0.29939682426729125,0.4543298591159187,0.22813617928805505,0.13234455720865915,0.2593728525953989,0.9254161749839668,0.681745129067465,0.4276892687687985,0.11218672421027417,graphic_design
0.25769767743804955,0.9493583760606359,0.2853336792429419,0.28061664018805654,0.45245009811849213,0.488847667063005,0.7839459764369965,0.636086424901339,0.5046935081568172,0.345453596024445,0.3977399787305798,0.48367917142208955,software_engineering
0.11119285633252458,0.9001385611904863,0.4373498614275633,0.1362549138844286,0.20325704017981402,0.505009926836032,0.5330574374931648,0.8906737260878581,0.5402916583514953,0.4975328201261846,0.29393640166773743,0.2635547924326375,data_science
0.33032301390264673,0.757929460198474,0.41591940469385275,0.880937477090513,0.3445705710584806,0.6925707525884591,0.5273869528551731,0.608860366010405,0.36646392001122363,0.37534300665909137,0.2505420100872488,0.35259371761836755,medicine
0.04289880155784782,0.31323790274980423,0.6869753232009483,0.892707520718087,0.8904921236964803,0.4962953776210031,0.6078860113002956,0.2470367980363757,0.6002933775350195,0.9791781125027039,0.793897428981864,0.719455473610789,marketing
0.18610525134344513,0.5088744484715325,0.7560409721745499,0.17415134798900386,0.7403125448582826,0.1415480539003248,0.17013040274162808,0.4831759688013243,0.9549271227942304,0.7349408030108511,0.4728122705153742,0.4922513160803667,graphic_design
0.5036190057764174,0.8547129962050188,0.16173937293424653,0.39492743264758096,0.07775896819367646,0.3844873846007641,0.7996612990153833,0.9028186929243627,0.38318510491924435,0.6039865179530398,0.43865713193494615,0.5136376095125642,software_engineering
0.2693468857679716,0.9740923054947037,0.09518903545416876,0.3552625253123226,0.5942746896618872,0.6195132896997085,0.916396732642319,0.6614502515301073,0.5581425814170496,0.563555473231612,0.2655018321509928,0.47278286829020194,data_science
0.5500475766183134,0.7533479797878309,0.2757767543271551,0.7915570097811239,0.2997409968041243,0.9318306441944495,0.7739000083855867,0.636804646707064,0.373110656173177,0.7801090988127444,0.11498014088418294,0.5640499249385604,medicine
0.44336646737284563,0.15367977505165423,0.5395388338688201,0.8406552560301009,0.8021199236739339,0.3684525634226458,0.41715991217735965,0.6774078781643958,0.7588862603594632,0.8964955541780169,0.8238963654892145,0.7032657033214996,marketing
0.48315868903015485,0.22271319850588617,0.9223628084034404,0.7150939592270585,0.7227463525142025,0.11173842831275582,0.3214778787669132,0.312214602377264,0.9752090289730279,0.4921952828561299,0.4558854316617669,0.3666300048877563,graphic_design
0.057219654248430174,0.7775790959466978,0.099569806936491,0.23758841183212778,0.5248205849049926,0.7061641272143192,0.797642172093961,0.9341776642042746,0.6042733657103708,0.5278850945298135,0.30258180638932286,0.4550178759267772,software_engineering
0.22102519433798581,0.8571541224487949,0.3100176846060961,0.19638787557410534,0.3748318332672335,0.6236696657477294,0.8734597253924876,0.9297811549796638,0.531758009671863,0.3143782905722919,0.2394294658299716,0.5070117096447618,data_science
0.24360068676183855,0.963235303194967,0.1424396016803452,0.8981046682960874,0.281805465097644,0.937681041332453,0.5095581700542791,0.5488348323249129,0.15555318242883068,0.746635017904737,0.2690003669739821,0.418214480499636,medicine
0.08771294852632648,0.4666706149007208,0.7246957494011472,0.637335752539085,0.9237511749768513,0.23939673845074175,0.2904443873132729,0.2630876579593001,0.7311334956734907,0.8676900328827976,0.884080222335136,0.6801799208461601,marketing
0.716701936718423,0.5083049026087099,0.937879105953384,0.3701458350207234,0.37194589744015233,0.648229208397703,0.5127129907365509,0.4173240368642086,0.9123463591061769,0.5614349073333218,0.3990824362697429,0.17373407211023312,graphic_design
0.4528732760685645,0.6530723736221682,0.5981103893954596,0.4396038435958845,0.35849263620189253,0.5209754750678284,0.49359141645333454,0.7892033825033443,0.7151782812167515,0.18132768512622302,0.46282373968724594,0.4169541740505755,software_engineering
0.16138210386738863,0.8398718423101882,0.3221932305594041,0.038213046723664906,0.24756160816891148,0.6503250625105553,0.9729689668877564,0.8045546577040401,0.6158978031567436,0.34806652547469635,0.11481752557573123,0.3567637544327443,data_science
0.6800952113776426,0.8709970700161725,0.14679596579713822,0.9119103434985535,0.15269319685839017,0.6352912850920366,0.7639358010203564,0.5714274742307128,0.12421289796044241,0.42406430547760937,0.031196989863713363,0.6472170970727432,medicine
0.2565543600711478,0.41839005402474194,0.7050616923330744,0.9586039883539015,0.9898883037650328,0.5080555330995834,0.3740325936466752,0.48726708237922856,0.6378531485045161,0.9452096742750706,0.7493981629876173,0.7892305278160647,marketing
0.5655505239591895,0.5689798751604164,0.4910762948233413,0.11616068350984765,0.6399024166583475,0.2130989477278655,0.35748117176471783,0.39776635874691396,0.8475176965474196,0.7682820614075584,0.7157337931866974,0.2802782690052188,graphic_design
0.1453046269702933,0.9506939864799928,0.07751102329110297,0.1298690483607432,0.11769355029546925,0.7121450437432871,0.7886032030616368,0.8803233308426544,0.7334229483762026,0.19672680437707826,0.23883542916644315,0.8601562189956016,software_engineering
0.21379347191282289,0.9812040099725019,0.32516972032049746,0.24534938502489415,0.13986135967515306,0.5781511271329495,0.5833723079095833,0.9429960294234097,0.3923290879938725,0.41001179723613385,0.42835545166418726,0.38200701949642835,data_science
0.6296742146255645,0.5954088353701912,0.2842985267652471,0.774065673203346,0.40016561974099163,0.8173185100064813,0.7150357690668199,0.5824608619821644,0.4042941178049167,0.5972962081030517,0.12627757469811296,0.6254187175841459,medicine
0.23464732674713723,0.2502269359987408,0.6158680434913315,0.9245462020436384,0.9998685851112751,0.3898296158668093,0.5033027862443372,0.28130935845882,0.6005092492851198,0.9444035638851244,0.6434127098876833,0.5663644217533285,marketing
0.22916690138231893,0.32526676953037437,0.9690453418338394,0.31597167334924997,0.43296011889250907,0.3892374508536206,0.3518526303704908,0.24263938914309385,0.9337014421794981,0.547029752136249,0.7012349686698731,0.307010757289934,graphic_design
0.33442963966575623,0.895464450195556,0.1332123756288619,0.30325039395143827,0.21681786404090933,0.8400862382348925,0.761785417917495,0.7591147095397509,0.6943934744595313,0.24630985746826334,0.39844035277008594,0.7702559183192684,software_engineering
0.10256758969775596,0.9227484541209151,0.1672482317979663,0.18888851510778037,0.34072701797519306,0.6315832161284349,0.9979535863357526,0.9780128112509442,0.13232756223084927,0.641179399396439,0.20553084923851558,0.46550438877872,data_science
0.40951588825993485,0.7637447439192933,0.08419377057292814,0.6755905588955,0.2135756884589627,0.7492880410710636,0.5963824851793486,0.7781640637123342,0.31551447079524236,0.5923174543996388,0.08578860638468028,0.8347564183905958,medicine
0.39406231644925827,0.4431369629426041,0.6505513376442094,0.9033797141839971,0.8605676008184914,0.327051432616239,0.33580304895119845,0.4564407378150046,0.5364643099219035,0.9546520033653008,0.7888556621546541,0.5660048211896788,marketing
0.4340755874260152,0.2695431072260473,0.9472883723804648,0.43560391682497024,0.5371616261297316,0.19092849427289815,0.26605158194077894,0.6481589109786433,0.9603736983063286,0.6242969017305943,0.4899195206643813,0.545297393623157,graphic_design
0.049324817944193605,0.8360224630021196,0.518763685203859,0.3837492678174535,0.5891118630434191,0.5166416787341634,0.8627237817832566,0.8534747889965876,0.2991412517054236,0.43626542727548173,0.4771985645994247,0.5284902334925955,software_engineering
0.19828172013728756,0.9146882228525621,0.3622903986846294,0.04420119553660559,0.28735058316658724,0.5473722380168873,0.7915458518926957,0.7463760820097392,0.32301326713712797,0.38382545554301956,0.34394653112618806,0.5127750409841377,data_science
0.46917996932462414,0.9048354053871542,0.6404802604358978,0.9247474680718387,0.25926982980422103,0.6289231596566615,0.6288694006304109,0.6246095643095315,0.1199891269212396,0.909597613098298,0.1473054001104465,0.5113743869833239,medicine
0.3550617354481042,0.03613721893286182,0.6663094621472313,0.8110234604390871,0.8806585897499983,0.5937694215156373,0.6204257007940596,0.539550063485019,0.48521654343381215,0.9010828992805987,0.7708721645934776,0.7605961473529569,marketing
0.5139639056936072,0.5446359895923946,0.7977517047938864,0.2731228282565714,0.599124569680222,0.3954637925540973,0.13507679082909224,0.12117569736467396,0.95721792763605,0.5676684922062382,0.5440392970708633,0.432741480162071,graphic_design
0.15747328399883398,0.9177511484620345,0.07958895133020746,0.13215545750299693,0.40915091090884004,0.5309609046149403,0.8633129532965351,0.529183784748,0.5324946184626249,0.4718744112542707,0.4354272886783866,0.32693521502735917,software_engineering
0.8152463880836187,0.9687455854049198,0.21958343750486434,0.11037979185189886,0.1396868431457817,0.7427071049533165,0.954138610854311,0.43556101472316816,0.39310245197688143,0.4213373192599407,0.4693658994769403,0.3288299944382317,data_science
0.5145291695674858,0.7298213397622542,0.18083471440545953,0.8347461629317833,0.15716199923389979,0.6705644157859988,0.5057442860729336,0.6383093304663955,0.23757764370773232,0.7619665378683931,0.25881891621531633,0.5789283760469194,medicine
0.04091180691294388,0.3488849984415884,0.5823403014469755,0.7898730410280694,0.9890783345103585,0.22107406202692909,0.5171444203451986,0.4130856845518044,0.8400354047451929,0.6831626784101233,0.523919909491245,0.6355959374487032,marketing
0.4447274539619056,0.4508518155376858,0.8974001908604166,0.1541299698120646,0.476282792711764,0.3354081000058374,0.3306915184240799,0.3345733498000467,0.9152431816428565,0.7097589503503419,0.7679928249571436,0.35859526344135206,graphic_design
0.12206296492614614,0.8056069319441408,0.06979070031603948,0.05162847886770815,0.2080039470008676,0.362476574702178,0.9101209813652532,0.9139884399312227,0.4828408335029286,0.5658357640670288,0.2574036138075121,0.5910209572490734,software_engineering
0.3540652362917653,0.9969727220906911,0.24365708207051276,0.25243206632543697,0.48530623270455364,0.6965454506596646,0.8825045986178194,0.8797057926231087,0.5253312493235157,0.2795221459880766,0.33962020439147517,0.6978357153543361,data_science
0.18534957888660303,0.7050780461225081,0.704177272684802,0.5354195260405079,0.20292937750934054,0.8628921949559151,0.5923896776545815,0.6514161776044054,0.6972502774350188,0.7560432110220032,0.08999579091297208,0.7141448817534745,medicine
0.4043635816598712,0.11873353359670281,0.6351032750243405,0.5310820001348528,0.8690008450860331,0.6350722379361933,0.3385262522582923,0.5287459849487874,0.8814593174945149,0.9428840604028924,0.7497266580846718,0.596088186573843,marketing
0.36461922753563414,0.5000435660623006,0.9027922895070937,0.3431220792487471,0.24702272101363662,0.14598398699698462,0.3369909870697113,0.2272044524634974,0.9771352248559345,0.7172035851026792,0.6008255150729924,0.30670756954238276,graphic_design
0.4202431468972791,0.8777398172216886,0.1042688572321551,0.16166681374833952,0.29357115590267086,0.23118044716903163,0.5593663754063835,0.7976422219173451,0.4845813723893253,0.3604603832062136,0.47496880640529476,0.6438361209639768,software_engineering
0.2789209802437333,0.9953188208492495,0.24859607159505956,0.2634413195012552,0.33572695942110553,0.8744988056300744,0.7847973685430495,0.8787257687184922,0.2949198725215477,0.5208014179793106,0.33052291958467683,0.30679869955709393,data_science
0.6369661977580862,0.9325380229359044,0.1406518477577097,0.8396028659601221,0.33392907773303604,0.6300155415920992,0.654585828457941,0.47895263267273236,0.2773616828098071,0.8140848593026498,0.3490088399465478,0.6932496789165062,medicine
0.27533413003403,0.09811094156612506,0.5765002253221793,0.9904519793593693,0.9198432872325265,0.3867465948903337,0.6140791528978374,0.621198944146734,0.5830087507204905,0.9992550903944672,0.6330254651718105,0.7406739194370733,marketing
0.43094951981639085,0.15238238136779958,0.8553247888903118,0.35987943112554216,0.21647399706783876,0.4116469637070206,0.5481739780761888,0.5188441560829765,0.8165597135122968,0.7164053771330672,0.6672786329499678,0.35299550364968674,graphic_design
0.18275641476799934,0.5657365278202503,0.3791987914643208,0.36209530700829534,0.12179993974201361,0.5068796497704943,0.8685673779415054,0.9740749884025947,0.5592300762908076,0.28889047107136656,0.48140620127542866,0.599628171487419,software_engineering
0.29508683433107963,0.8688816725315368,0.2194290553803782,0.24786803862870918,0.31160907641716357,0.6044366631393692,0.9701260605954523,0.8866814906659064,0.6873894343793702,0.7232131109673771,0.538862315224008,0.2600116564668213,data_science
0.5536743933942043,0.7722243950981238,0.2283849091723945,0.7689349366206696,0.4349286651213956,0.6296529251737304,0.695087519419554,0.5625665632594267,0.22066483095239603,0.7033100657841659,0.1886155795062902,0.4585213872128007,medicine
0.3028578982511435,0.14463617939393922,0.7439398991567262,0.45028563742906835,0.9731721387015397,0.16476290565422586,0.160663718080064,0.3678483130479262,0.836502784303876,0.9914918778159216,0.8215988140363376,0.3117655568887775,marketing
0.2249009402680711,0.28912479046257883,0.9450069044647024,0.44150805952655797,0.4588672056386529,0.08405745870647202,0.20879306366306208,0.1683000539208662,0.9640878694741193,0.5678148455437494,0.5846346548755081,0.5507566548744351,graphic_design
0.1513913557870752,0.7505882723998659,0.6311449539015155,0.39044777640013056,0.4357977527257014,0.4261588334556896,0.5566890078017727,0.6728497209703088,0.531039399641409,0.4596300359805334,0.3293893708124883,0.38995985094572466,software_engineering
0.3023575999575621,0.946647765005887,0.344223542710625,0.24022077220884006,0.39893081754106047,0.7878940284864421,0.99470864306682,0.9831137482633425,0.5719138300893736,0.3916452646202366,0.1664693265768124,0.5882900993650505,data_science
0.3232228403565535,0.7706333226895143,0.41742493690984617,0.9818526713558705,0.1483320779216095,0.7514339027479128,0.7719200389707863,0.7238366628453202,0.45398630447357097,0.5287539613117179,0.25271107880293303,0.4847845934113847,medicine
0.08423774983245884,0.18651799156115018,0.8582980001190251,0.6683448541754449,0.7447241657839208,0.43277440608717793,0.47310378024297584,0.6247428831023766,0.7366542951279493,0.9316468730701041,0.8227459737667782,0.8227005022082609,marketing
0.31872416672554515,0.348533356649651,0.9827925145726863,0.10220181342387757,0.347360595638735,0.19166198226839407,0.11007290517880797,0.47589923121229694,0.9248208905773404,0.4710098691266839,0.8425687655099169,0.40424107885959387,graphic_design
0.08517183807943701,0.5145786138724069,0.16097323127506064,0.32581347520659104,0.31808370650434226,0.7522321246609457,0.935920220456132,0.6956299799602641,0.5371532728794708,0.561598275043466,0.576714834224356,0.3814809822877449,software_engineering
0.11310848892213489,0.9555474025333185,0.3363331605784027,0.2419755306570701,0.3710424386221899,0.5569465366415582,0.9537685459016895,0.9607778590889932,0.41796415172713763,0.24718422556047684,0.45274709270616753,0.1640515004371853,data_science
0.6810000858373462,0.8372705057690629,0.26457489509316723,0.9241914998859588,0.5029849809197197,0.7857477824788799,0.5062072331271514,0.7253396464718999,0.2954019180353615,0.7067753707557073,0.2182037094443482,0.5836675117295328,medicine
0.446677804104353,0.6244907339605329,0.5855939251392325,0.873258015781906,0.9160565013759041,0.3184628170496541,0.15457599253875554,0.69779689085105,0.5776590036698631,0.8459114290309971,0.9160474757896033,0.6301459119277425,marketing
0.4095974679135925,0.45925134712514065,0.9587455128944219,0.3523909595210683,0.5626072706002646,0.3363349972549381,0.4661507942918094,0.4790752139141076,0.984440013652416,0.4063565928065389,0.29755415009806224,0.4703358509684238,graphic_design
0.3566986093969334,0.937377202207205,0.3360866224043357,0.6289723200348721,0.11116039278806633,0.5206594911952654,0.7296256604386718,0.7963993116999178,0.3642134958658559,0.559152697879481,0.5051271627714343,0.563427363886496,software_engineering
0.36323442508245646,0.9860298148956356,0.23922832302609037,0.38109828308094623,0.13565712597444177,0.34494024911874493,0.9572718225993272,0.7776626991256154,0.48864303263022685,0.4918863670768043,0.7170582334572595,0.5205511501527149,data_science
0.8412477753216322,0.749082208309806,0.31360764442214695,0.9465484798405875,0.45467901019932383,0.7536663927693045,0.6291985630467165,0.8593637476774822,0.2547493828282548,0.615118496265175,0.21292995604868672,0.3569514410867177,medicine
0.6956177242009987,0.2535929634453978,0.6891235155043289,0.8898278723168411,0.9088810569050705,0.2927721396538127,0.5369937207217302,0.38903034687499055,0.8194903344831058,0.9365491671806251,0.6171346642767362,0.776981436897306,marketing
0.3544376844818156,0.43051646018847617,0.7627589570653992,0.35285556735883644,0.5899945282967411,0.19741516027748962,0.36235989781916966,0.18066895083062065,0.8969046181650084,0.33399853387265965,0.6718742191773506,0.28251557012960693,graphic_design
0.14825422380694436,0.6835186095451853,0.21504303993096585,0.3728340846143712,0.16378774835111048,0.4517933855300622,0.528357632019824,0.7708380919677676,0.5637278864599836,0.5439339972071001,0.3486475430059868,0.7116245113490959,software_engineering
0.3463760705463369,0.9600180214948029,0.2856086535539687,0.11740452061748838,0.265165548817447,0.4567850472170169,0.9287587986234191,0.8892871730299003,0.44399726142908075,0.5373026306771234,0.15084275594836644,0.7415766911528667,data_science
0.8410972890404519,0.8842948269890425,0.25491941724264794,0.7717846446283175,0.3311126004617982,0.5153413233447537,0.641222958934017,0.6344724095789552,0.11023716923062166,0.875826110849255,0.3095470895172357,0.4887958228848005,medicine
0.6339379347378864,0.13047127651060159,0.4604483580546723,0.8988287871262673,0.9376925857465931,0.1901504432212608,0.2541635087945804,0.19706306901128928,0.8178481883231231,0.8497807823920481,0.740630702160926,0.49288165332968126,marketing
0.47370992045861154,0.22189479688356883,0.8666128669452349,0.2937654003243724,0.36278214531311054,0.22247087117498116,0.18788840708694116,0.5401862440787327,0.981956661088662,0.6233001629619012,0.5905977450608584,0.2682245944951387,graphic_design
0.24039830240148374,0.8312518292364737,0.38076535806629686,0.21770836204346275,0.2716384450359751,0.3714535709176706,0.6763882249435902,0.7287456061743882,0.8031875628616563,0.29656586562585185,0.5737498127524048,0.8032725938335907,software_engineering
0.36821232685039024,0.93003861148311,0.13972949900787365,0.0877989831565271,0.3832774904090153,0.5857154960695531,0.7343759077974753,0.9298284374845184,0.43450485740857153,0.48523156019648067,0.06262155999923431,0.49650472779635246,data_science
0.4031985523073917,0.8118053360327411,0.23881000925063448,0.8832221991967192,0.4346376864053335,0.48096146800243156,0.6107031190263603,0.885819984944564,0.07314312005773385,0.7765245452156044,0.3044247350223818,0.40826272767808275,medicine
0.4426203406160793,0.18016846215676835,0.4434742034581973,0.8088510784240606,0.9562810946257864,0.43381429228230145,0.2445273675001593,0.38144266354821754,0.7834284225386703,0.9178905515561698,0.8883153681872586,0.6746747814963745,marketing
0.2689558947121335,0.6014878751430652,0.8249062522008845,0.13838972004872016,0.6350102924684607,0.0713498629917385,0.28081185231876793,0.46105116039132815,0.9929697528998042,0.6689083865966101,0.4063434138725403,0.2755623427326017,graphic_design
0.35974837264049564,0.9317253260389053,0.3699185927986886,0.4879881209023703,0.24901939862180084,0.4516434771404247,0.806905343710061,0.7344574350588531,0.9062316766231472,0.2976404807608512,0.5428417428926975,0.6199488434471594,software_engineering
0.432322691104803,0.9321132529083027,0.12799995817090293,0.5074957448755182,0.23441180590557945,0.6810961519635453,0.948966740473215,0.9466195976333106,0.44559500064912094,0.2846700416032682,0.4994835026408177,0.30127556943253375,data_science
0.32005505042915566,0.783850457288979,0.416932443879485,0.9112607570278616,0.5816426107199577,0.48354887836930466,0.6313243566866946,0.9338846399034186,0.321560214130113,0.5893911301411571,0.129087941664538,0.35132219933541015,medicine
0.24893810864609364,0.35512327077570643,0.4455176675977355,0.58070138271031,0.9864517592554607,0.4776054040558764,0.4366491363300014,0.5251478372275242,0.7160892132181507,0.9748132537287362,0.44072819988900164,0.6844489772189649,marketing
0.7181179469154134,0.29935849267381043,0.9306047262318585,0.2240843188965913,0.38732913400206676,0.2067203351440802,0.19964276643508974,0.515469573259015,0.939862085386166,0.5741847248767418,0.3720879794949984,0.6156067255837405,graphic_design
0.15914059295126662,0.8019296861251148,0.2764849625125165,0.47389510510429944,0.3187589941964923,0.7782805731121656,0.8895877875528744,0.7395050880888778,0.44806700281687817,0.2599340354957928,0.5303371904082611,0.5523995366593124,software_engineering
0.03924995042593269,0.9216661093708315,0.13691658918998176,0.46291163613533937,0.4182465523931842,0.6413462735072668,0.9783564071441664,0.9655567414057085,0.16236085504028375,0.28501467327540386,0.29137711686210377,0.3467817114329744,data_science
0.42326320058017747,0.9432434101816063,0.2414348362920765,0.7795531998489554,0.6367366366068845,0.9190977836309052,0.6700268053107936,0.8848738514452396,0.437848223731537,0.9020927308280556,0.2378401461488018,0.5257549453300305,medicine
0.07297117758626225,0.22690481071430257,0.4337643369444274,0.9439019710768218,0.8584500926883959,0.37182859206460295,0.5179367514006847,0.6345910209737446,0.6112752237928207,0.9728111964192864,0.640515520903001,0.7326086749162646,marketing
0.3497491541128298,0.4191937562671566,0.9842743941964843,0.4456668188262129,0.6232564081153348,0.12286888708650036,0.3537176078355208,0.1682430397208336,0.8256165672077646,0.7873932379877705,0.7627455271123827,0.41761556528195404,graphic_design
0.5285115423888413,0.8380130642534556,0.4426914782949609,0.22487900333019123,0.6916657642220376,0.6072791850105026,0.8123007098206679,0.6260257115984335,0.5299342739666648,0.2941677172752356,0.19287656205278483,0.46115016005831133,software_engineering
0.24073746833921453,0.92562764723273,0.6729895101991953,0.26062247381353215,0.17749495730270343,0.7073451716338118,0.9403506516790437,0.7895993293283052,0.7821329105270571,0.5576495017747746,0.37922276965375545,0.7869056361105291,data_science
0.4607196649990601,0.9272936165538981,0.5308785613567021,0.9289113706315749,0.3464986278192037,0.6592934106517239,0.5990254124183131,0.8673576426030203,0.3991611914308951,0.38519103403597194,0.3178998070982596,0.7223404117973636,medicine
0.12956644780669094,0.1860558670496284,0.793790131138366,0.8498815330943285,0.9708982840235317,0.42895394673757165,0.5647252157041494,0.2856798039416812,0.800959197039872,0.931950251887688,0.5675923159532941,0.8152448689078826,marketing
0.3340664086486116,0.3958128181912658,0.7596208978486702,0.04700309777405506,0.512989377884465,0.1424545111593075,0.236221268539121,0.226157620933404,0.8896817174885122,0.8481282179047935,0.4514422264103774,0.13580898699684335,graphic_design
0.41916383995577106,0.7875962124731685,0.21659793664806282,0.07555266450479292,0.39599585495111844,0.4153842753837334,0.9170017793579446,0.9182334050504379,0.716827299044295,0.26408911279911035,0.4117958210963246,0.5381564010758845,software_engineering
0.22821200309021852,0.8434239670255264,0.24251863075096666,0.39099595779891644,0.20932475767970588,0.6087443780844709,0.9484687849353041,0.8061305152098128,0.12053563594897554,0.7095745788350102,0.19907983637364002,0.7193393769753857,data_science
0.6489184025496956,0.9775049351879522,0.12687232810943622,0.8986429690331869,0.5067301399170845,0.8602361085064543,0.6579546031690781,0.8710770491869929,0.4520995448210272,0.7802888977721075,0.254193399030774,0.44747793575974476,medicine
0.16707522010943526,0.10823296519906156,0.5437685139333052,0.8351265266188662,0.9800349784801875,0.3006442186801996,0.4555810218611047,0.7613912539115903,0.7128332652476704,0.7433572068299339,0.6117035497939415,0.696685591403893,marketing
0.3985542205309325,0.252999172267279,0.9100014631698906,0.24896477574074052,0.306263306967663,0.34193359637119713,0.4003359952664087,0.40864449729342806,0.7041051550448566,0.6249081259459452,0.5784593873968467,0.2666150339231809,graphic_design
0.3246182104903946,0.7344332609032058,0.2560174770731698,0.3251629195546806,0.23022941223803467,0.26723799406550036,0.9350120671961378,0.7358669569156401,0.7128531776206501,0.15565803584980964,0.37045953771938456,0.48331118751407315,software_engineering
0.48300504270304073,0.8953084252685687,0.1390718929427406,0.4110982548454152,0.22810228504119892,0.6455258690759303,0.9848477910255177,0.8510522383631648,0.4459020940347899,0.7336181314283046,0.24348881338594638,0.6492679806778833,data_science
0.5962559693643271,0.6121847186237553,0.11918685066511821,0.8918914240563425,0.515795785415976,0.6160233997610638,0.661824174294638,0.6678994920180592,0.21011178956094326,0.5706914309648209,0.1594482145018053,0.8934154403101554,medicine
0.1513371225338616,0.31433852854906374,0.3348150965602458,0.981518547299036,0.8548769406846722,0.3132250996701753,0.6733670467249981,0.48344981553160166,0.6950247593952369,0.9514232711280749,0.7306537979226646,0.6874556370395121,marketing
0.4972625947053037,0.3505366733658786,0.9171147694518074,0.27120627616488746,0.3765915057393425,0.30018284403593093,0.20958338987643257,0.6736416557865845,0.8792829610314866,0.5652126645403139,0.6564338860749326,0.4799301524745893,graphic_design
0.31924185181012993,0.5071884828943068,0.3146390013855197,0.3327569039916463,0.5542740166207377,0.5644309446067897,0.8376002734527552,0.8870190688877276,0.5025692458394552,0.4714144549443384,0.48353407810594023,0.6738388801766868,software_engineering
0.09236832983022578,0.8454880568219697,0.40378980280284466,0.14580732145827727,0.4249859650506426,0.7805185689369789,0.8726740539099118,0.9828645565423453,0.5318805258139652,0.2543762200720661,0.18470921327821527,0.6010100607893454,data_science
0.7795189891438742,0.6272281416056781,0.2684769155445402,0.4039974846012709,0.18043638442480725,0.5914461871934917,0.7426919252604745,0.6747363778126986,0.2122617310979247,0.5664625289821715,0.2565403904920969,0.5609931212651122,medicine
0.39337298204652976,0.36802688401286604,0.4586625558376356,0.9707702344260288,0.9042644208073667,0.3073992335103868,0.4460168798381377,0.6577018240006905,0.8103975170091958,0.9135721684692969,0.7669272222922975,0.5124935546801701,marketing
0.5369943606270622,0.3484302817047094,0.9718039294681593,0.272333905426759,0.6309218922486441,0.16712865130352503,0.23644775820927103,0.29135437037609363,0.947551821233041,0.803109681075975,0.5753595073733189,0.5287701525049585,graphic_design
0.32180367785562136,0.7835632598840528,0.3159147563600938,0.34523889764748517,0.08037903520198754,0.3736456772824671,0.9565518294115284,0.7677277499497053,0.34231286142441364,0.2903002021322771,0.261595658558221,0.4697629458537157,software_engineering
0.027831236480945626,0.8716692311884291,0.218135266833817,0.2594450348128475,0.25275123887106804,0.5966797055304885,0.9733065377352527,0.9128622680623881,0.43650260770921934,0.4374812813397948,0.1099164213586684,0.5675498868248694,data_science
0.35427497101268035,0.9112997512039823,0.24056338122622015,0.8066009868227507,0.3081809800116642,0.665381432483478,0.8757883443502171,0.5656959705339999,0.5073365419827239,0.7693941029204144,0.11561844587192588,0.5831686517286369,medicine
0.18211483641418946,0.13147362114615482,0.6736357613242431,0.9881276462332785,0.9675241606460941,0.2011971565939807,0.38588649720051577,0.5442833402023122,0.763159680085679,0.9695370233351388,0.758561286173829,0.4929723973372081,marketing
0.460294426312266,0.27377321737765725,0.6346674516602617,0.2681136074586523,0.3935829053417355,0.12412940176272448,0.35911212335198134,0.40992363883137856,0.99679336517553,0.544661474307575,0.4548780722718901,0.38855568910851374,graphic_design
0.17839763906178713,0.5815242758182998,0.34106294785946023,0.5854617060516689,0.25946237685725343,0.7141795354728202,0.9532886246835512,0.8006809300627032,0.48110915922936703,0.1967425410472175,0.5510522196171811,0.5033679636159017,software_engineering
0.14444524804285336,0.9654477842953817,0.36333988928307603,0.4112087000617739,0.19423951381848345,0.6620409713381995,0.8869667830453323,0.996285984340064,0.21069599793653443,0.2840918871847565,0.30343126242844615,0.5255358817701721,data_science
0.3342077101821805,0.8365089816358031,0.37048708435786554,0.6731433730421053,0.37486802589681967,0.6296288920906367,0.6426681273570772,0.6064137588144914,0.37907464362992593,0.7340914042397814,0.24702719078360835,0.33909197196450874,medicine
0.4692469421884717,0.35156098768634514,0.5737039146813345,0.9105336628003563,0.8579031079322892,0.29860407136521655,0.38956594461198996,0.512368112392508,0.6500078893711866,0.7643964956287231,0.9292702189629132,0.7278423202061609,marketing
0.47803309809080646,0.2965312210355542,0.977567606173656,0.36333852529605004,0.277587529362328,0.15412661772671526,0.11427351934749207,0.6018047583431378,0.8402086618843483,0.5958626792152889,0.3650375794365795,0.31679713282119276,graphic_design
0.1293897594337199,0.7560881276103816,0.20346909093499263,0.15746881885789665,0.24222890726646965,0.36960076439021883,0.7544617949654102,0.8309490701561518,0.7616730316160174,0.4990668361218607,0.32195640469906084,0.5747953502015153,software_engineering
0.38369571670317726,0.9300639726549516,0.056998693375764686,0.24226166548139857,0.40392000207117573,0.6200811939264012,0.9209063670264774,0.7237258902766389,0.2885256384084984,0.675242952213357,0.4309673294152948,0.39963867159598426,data_science
0.6280928097456511,0.6691677418268882,0.6492833204363495,0.7889625767133148,0.22147212297855848,0.8700470194844867,0.3085393411519122,0.5749805660184111,0.1808311071296394,0.3375246243263232,0.2740812329310687,0.6375826724867135,medicine
0.17608798064828074,0.36869911558257046,0.5514319105436861,0.8361993439263884,0.9272444128480428,0.34832365024593587,0.3891254068307191,0.8212809327196637,0.6603643368551411,0.9451009728545531,0.6508640940972791,0.39252614320404544,marketing
0.37132116835009815,0.31514891449605775,0.9523067245556427,0.2730596984178998,0.20405271905240405,0.15016643979513392,0.35346238048219936,0.388540925874021,0.9749887824545055,0.3948017840211423,0.38466840011341763,0.41173007576965903,graphic_design
0.22306737146583072,0.8632336760239548,0.19398830826424415,0.27153536395439715,0.25367146785044653,0.5828727076130278,0.4719730119089583,0.6553512770499136,0.5299254916317159,0.4618252413011808,0.4264524393710903,0.7441634167892736,software_engineering
0.15089253607108888,0.5248560051374487,0.11217581581402078,0.3059773350373746,0.24630463135197392,0.7892529064926066,0.9698561114832233,0.8406960425713923,0.4672625946929529,0.5820264572048969,0.36202994009378936,0.3559307429253826,data_science
0.44949461400102875,0.9019944469358758,0.21520216439343537,0.867883721488547,0.5653065139935173,0.6718471534052574,0.8060800093907365,0.8339555053579077,0.15057033238778364,0.7336066157203303,0.17617650995265918,0.6013883364344861,medicine
0.1469822734364288,0.521748996542202,0.5094845115048853,0.9722727589210844,0.9507809748932237,0.6002785938945804,0.3688389432917885,0.5818465976770603,0.7651540543528951,0.724182659623095,0.6748860892090813,0.5007668651402932,marketing
0.48558255705855696,0.3212659392737589,0.9793691493665229,0.41034018705558994,0.5970464679038648,0.23079723784310888,0.26991908149627825,0.58646080271895,0.7205456438017113,0.6453041413084072,0.5911046186951572,0.15052893596347827,graphic_design
0.21631967333953211,0.8502141230295975,0.5062431908519475,0.3659126646199076,0.24055128838663936,0.209214517434774,0.8013984798462372,0.7207858057633892,0.6321747043602811,0.23887356797603498,0.13585200799431324,0.3166892704189039,software_engineering
0.4214286968949948,0.9310880510376144,0.22946210231564054,0.28564682817109194,0.49490655844890213,0.523058077572207,0.9217398594259385,0.9789333309755645,0.46654600348679387,0.42093645305649396,0.1831446374404567,0.46041923841496063,data_science
0.705047178645813,0.8904234258215888,0.22101530773550163,0.8827991273793518,0.5751484654164255,0.9806656010311309,0.7831955035488742,0.5959278541840677,0.50407396811269,0.5482936625845778,0.08872702026374292,0.6135158593878237,medicine
0.2910627333981711,0.47044298272453633,0.7427256549949762,0.809070405517838,0.9526076300818954,0.4694438169930258,0.40643469574823615,0.48551034077863986,0.8169166238693942,0.9998653376071308,0.8633231317461388,0.6685697198879788,marketing
0.5225842945080118,0.46585307054379294,0.9669863772573664,0.19533819752211828,0.7267297142526028,0.3004604032619524,0.4980885220400332,0.20955988664050734,0.9314071632687048,0.6416878338118963,0.5854921599146726,0.30635688327951976,graphic_design
0.43567803814515527,0.7830655157391633,0.36425478057392113,0.2406006057775631,0.36444425079626563,0.46673744372156933,0.6804704483846657,0.6378822631913451,0.4609914729490091,0.26625622478091765,0.6167294339407988,0.7507618060716802,software_engineering
0.35672341848624556,0.9289428203376456,0.3931596853254961,0.23814600522491391,0.07921118242940317,0.6403938421893113,0.9242079699384161,0.9632447405563869,0.6170900440905763,0.7463430608347171,0.37403621245469104,0.8321216972217427,data_science
0.5596830422301897,0.8699731733383967,0.10495380754554057,0.8630001080074363,0.48146787609548203,0.7454486208709744,0.5485291297109799,0.6731690236904048,0.424853444860644,0.8275263406101937,0.16259003905181418,0.6689401331702028,medicine
0.16156176455683455,0.5954562972284012,0.7334660809342913,0.8858286644807734,0.9198064536704826,0.6373866551610659,0.3165149084397142,0.4843907397541017,0.7678807996395759,0.9764997070212839,0.6780788969966214,0.5173935763546875,marketing
0.5917692392813237,0.22445074486621425,0.8619631034294774,0.6760483794949352,0.6565785138971916,0.1472571565468966,0.06904871968080196,0.5520539004703374,0.8295965022986908,0.7333005518865765,0.4931257857921625,0.624358270616461,graphic_design
0.27612526530008635,0.8834329471800378,0.42115712303483127,0.42781130582559734,0.2530741281481279,0.22837977948862975,0.8965685922280834,0.6795160900167047,0.8217061588003829,0.49119017568308304,0.33487143183836154,0.4829077208990028,software_engineering
0.2580289578713455,0.9633866789904821,0.1274097236179833,0.27187888094390444,0.2328419878957785,0.4953724339672937,0.8098007231299411,0.8164486689479249,0.26189756267180236,0.5583754979389303,0.11293036010191572,0.703912037453681,data_science
0.6504982752475614,0.9645809965621646,0.017133798290402534,0.5839144240789919,0.34482154770240253,0.6677573515725984,0.34440368168858876,0.6254724289987903,0.37484541779819186,0.3790143016712964,0.25656772752335394,0.5040672191736313,medicine
0.41786468713517855,0.37383787037654087,0.6880163355953547,0.7700569648482875,0.8935023289803076,0.3576930840731816,0.4476793559338334,0.4175482229796833,0.8449815216640966,0.8551990746066426,0.61941538606636,0.5744386351735912,marketing
0.3969507885848579,0.28493558960549015,0.8693901125718705,0.4882009705598163,0.4505290092677928,0.07914158871959107,0.3829661568918118,0.4603510681441985,0.8154565310480012,0.28692801437628285,0.7276168235467856,0.36578628373325844,graphic_design
0.42503661072279053,0.7029655752130176,0.1755458335808525,0.23253531682688075,0.47764186120744373,0.7178129279116557,0.9798516435216789,0.9663942902651151,0.4248484691858997,0.6242462774810639,0.29961969448788967,0.6823679350101386,software_engineering
0.37804292943854123,0.9849336898587309,0.41091985319230523,0.43200932787923674,0.305946619515416,0.4003482799888194,0.9993355564063909,0.9552243039411694,0.5784566668972427,0.5668043677066363,0.23453389423638296,0.4254755625118176,data_science
0.4924214275756983,0.7149949263805933,0.1847075996702111,0.9539975470531158,0.5273524303466046,0.6888194436689768,0.6842509737616748,0.5299184761239344,0.4769225568019309,0.7275638107182416,0.2100242817677282,0.8131126911199157,medicine
0.23050862343759815,0.13647569168268872,0.6702961139424464,0.817549716706196,0.9219257053846134,0.40737239290458876,0.5541434083313955,0.7222522294132369,0.6293330414794441,0.9017978158472666,0.7993401573241257,0.6802022739318163,marketing
0.39486159780734,0.24470591590213034,0.981826396176873,0.1758052011686232,0.679301500140503,0.18389882257632342,0.639967283458415,0.3477261354314045,0.9078578606968953,0.587949357783284,0.27271165910604706,0.32209884940895106,graphic_design
0.3404583166687819,0.9140930352515061,0.1891728074832672,0.48835693264662144,0.19756445052746846,0.671212448980902,0.8617710629421532,0.8514668570649278,0.3923936586880767,0.6127948988139091,0.441356790871814,0.5328510690293424,software_engineering
0.04941048264748093,0.9962921519730494,0.5223220082846146,0.21920252880634195,0.5176223323063576,0.6106366836123572,0.9591543266217155,0.9355804508222973,0.4570330739544748,0.25797703326699656,0.46621599078812637,0.49524959267130847,data_science
0.721865065929366,0.6100524622914043,0.46657324045902826,0.5671432823679243,0.13338544093850735,0.3997517217588462,0.6122747305849144,0.6705405467027286,0.2784496755951694,0.6913128031139384,0.1726537899044493,0.7520859258868907,medicine
0.04583666495635634,0.21876684546878525,0.7458462115465397,0.9753568488097523,0.8461721624722741,0.4734714666904266,0.23519291278640472,0.2490822771322253,0.5759812495962912,0.9813893357586021,0.720616516454913,0.392229914421732,marketing
0.4113761485390706,0.06161584441956636,0.9693786544029036,0.43315664272677445,0.3167580832486272,0.10762099267069815,0.2658984247263397,0.3493004710807556,0.8891734392615855,0.3826715662892897,0.5209831728177573,0.16487398850737184,graphic_design
0.42317022096770557,0.8208510171365118,0.18063600539886435,0.2434512035999076,0.08759508009536922,0.4914036154214389,0.9421668661670562,0.6927398656525109,0.4056191836387611,0.35065278141107936,0.4960114482203241,0.5257496239110279,software_engineering
0.17542436265685674,0.8633798836995347,0.3138929327752906,0.23052287680586225,0.15375326871507897,0.7716117252643111,0.9295526121651745,0.8316768912417376,0.32819650411993173,0.3781146375880124,0.10823336692445916,0.5083330110063353,data_science
0.47354749648218436,0.6553059547679835,0.09824940881795134,0.9116008904617696,0.3872270195169211,0.5971782734919596,0.2651749770182059,0.6827319624276309,0.1332836643282025,0.7893880926362066,0.48481856293206593,0.6503892816433335,medicine
0.11088342376565014,0.3271589855954261,0.5263131689030799,0.9014582900144675,0.999623463964362,0.4328860777910689,0.3262403049372738,0.606190681553538,0.7279504591337683,0.8791873714847657,0.7678875769600348,0.41906524590012373,marketing
0.34102826122438396,0.1614293555235014,0.9966210044928983,0.2297806734712526,0.42697281130925047,0.14696699731249255,0.4494541928705904,0.5930994384711794,0.8493106660309582,0.5400515549305922,0.7542903021528105,0.27654039588498214,graphic_design
0.17563563219131156,0.9128356116317023,0.6551226862152036,0.3942754745664757,0.4685483985962614,0.46330802178213154,0.8986064558338217,0.7753285417950806,0.4828000935612618,0.31650857048073594,0.14028499345078888,0.46803678823453043,software_engineering
0.3118544917404368,0.8864569266602811,0.2770859909669108,0.5298160441469342,0.5307767884242558,0.5960593164319614,0.9939538969581333,0.7287275160861977,0.437263858259292,0.6337823524389335,0.14919906947240788,0.4447366734344547,data_science
0.6464184886815051,0.844173264182307,0.1922998718467295,0.7224972917469366,0.24875995227907527,0.8144203312968206,0.5700104859199289,0.7522683391734178,0.0757155439005217,0.7594754938559368,0.11874253172458105,0.6343465828667096,medicine
0.4230793132135193,0.1628901937801831,0.3937029814280856,0.9185602941341282,0.9383044132058086,0.4854425668866084,0.3968904757284734,0.528471818750109,0.6144084255364543,0.8567199620211651,0.7938933849802607,0.5181789762975514,marketing
0.49014751434714804,0.2036958961701874,0.949258055356017,0.40583455958786324,0.4288757951329808,0.4595323452713152,0.579896175722025,0.3653624404238444,0.9740375481818627,0.5703602930799712,0.49322302459334855,0.7334346491436747,graphic_design
0.3484489491903176,0.9728366973742802,0.17976012607440733,0.2634613285200278,0.0625453420563754,0.3284476928746697,0.6834539788988685,0.8701994472601917,0.35087170622930397,0.5968911088799677,0.32498540727181996,0.6048337346784977,software_engineering
0.2171077618279126,0.7837001832520137,0.32324049539003563,0.5603137373235051,0.5880589753340628,0.47292718884757634,0.9429512334546332,0.8910021995787339,0.27255993718765187,0.6441904788211589,0.24396660918427662,0.5538781558137404,data_science
0.5187166012120694,0.9804109700680868,0.2276985177220203,0.917765902986281,0.29397302031327105,0.6731358175251365,0.7477570860537339,0.8628306882456098,0.2707443946322044,0.7056004925927629,0.08759892867597673,0.7684527617208775,medicine
0.1165171540015487,0.2681583010804407,0.6916925216258765,0.659772797205922,0.7409100378825076,0.5688511637323593,0.13394439473386618,0.35275650932062613,0.35970276655927297,0.7801758995664327,0.765874722892719,0.5557203114187818,marketing
0.3856319768184732,0.2736467882964235,0.7902388367435607,0.2668258055185099,0.5199026114730849,0.04750420950000069,0.1374299936398267,0.4903816573407165,0.9900057351242131,0.5274060131954822,0.5026926058716594,0.3413137539430383,graphic_design
0.31341748153812277,0.821340653810696,0.10797223402664756,0.5137396626259545,0.09605742451118539,0.6487524027113041,0.8491690567095332,0.7593160057737485,0.6403637684699455,0.20312509616941143,0.3002875050226781,0.6217984932195408,software_engineering
0.12617936206694794,0.7337961264271243,0.32519197495748925,0.33492193955221694,0.416138143082915,0.33388377313621903,0.9260617610707963,0.9427681145864151,0.4696270237796625,0.669824481084361,0.047761010756654905,0.7297426492686635,data_science
0.3783850824451616,0.8159826146298715,0.2350055777511986,0.6512198840658516,0.5076346194538657,0.8362797306071452,0.5640890231245707,0.7809421662303145,0.2300612103647637,0.559011953412054,0.14898110583279048,0.6056437194566189,medicine
0.5099644582462377,0.2454642339298867,0.4667278334781032,0.7295553905396381,0.9658165428233872,0.6435903206680565,0.2275932761844123,0.5139946590294752,0.8010927505457881,0.9098053139678967,0.947411972614775,0.6702560511214946,marketing
0.49128597345341796,0.5376420994130304,0.9693514830608815,0.12291455054195483,0.31653985250223277,0.19336947589393502,0.26928618050099046,0.24929346068928637,0.8629184435235544,0.6509981403578752,0.3823962234906795,0.5714107409269386,graphic_design
0.24739831150729,0.8398426971894594,0.11409507670898833,0.2278759265298335,0.3102329934136478,0.1925784202607176,0.6601151873390163,0.7939165491186134,0.5037093061187979,0.3094058470542652,0.24883759914344872,0.4310478530462566,software_engineering
0.20158450856581386,0.9442119929692104,0.21759669653611954,0.1460742063822592,0.1812727169095644,0.7323461788292008,0.9127931022064717,0.9927212957379489,0.4486857202685815,0.6595745352555334,0.1695543221610353,0.4430027047322057,data_science
0.2458116913953501,0.7212643311357474,0.22444537639208215,0.9254366644319736,0.4328220600179334,0.7519282039308802,0.5964554966511227,0.4504402480134875,0.2389656851416284,0.6412597678086389,0.023812651300026202,0.4555640227443884,medicine
0.22595072738275682,0.20442606617793252,0.8881791126618493,0.8045282317833157,0.9776345979028389,0.5674356001569651,0.3581296264987815,0.5365627508807036,0.605580323874808,0.8328432874111811,0.645052563340259,0.7708270744103058,marketing
0.4274786811784661,0.29970590352045284,0.9795992165861765,0.028995585037039084,0.4673967580113143,0.07432560118561635,0.22964281734150493,0.6843962552976486,0.8688936986912512,0.7183200923636415,0.47792742294546614,0.1917967096938901,graphic_design
0.10842677984124072,0.8130792495008896,0.32017251763727944,0.22896379279388412,0.09274443520624409,0.35671139646908223,0.7253999006135857,0.5929881886461953,0.6036029865666546,0.5480341277020339,0.30177277555254617,0.7434725863828556,software_engineering
0.28944280311850135,0.9322696856142312,0.2256740078900548,0.17344150136984024,0.3122012041361653,0.8151898475861701,0.8458045912027201,0.9504609036055027,0.19360848355082844,0.6374595943632223,0.37865787019822117,0.49076846310410605,data_science
0.4182265797110711,0.8228194363554593,0.11152183013851337,0.9689268391270048,0.3562464646852538,0.4721661176852748,0.6310960374434749,0.4388843308801684,0.18259364038849,0.9516411270995802,0.32375867771087263,0.49347755994228704,medicine
0.12300000686065024,0.1879258781006304,0.599490376902926,0.7744635602458101,0.819026332486263,0.6712912202334257,0.4450396169302452,0.5511470655260856,0.6115829369274647,0.978297245038041,0.4985741941105376,0.7123171815715625,marketing
0.4258693409811276,0.3306888917697659,0.9648487648208434,0.14321063289770364,0.5078752171494632,0.2640045589497483,0.4058728138284459,0.6711525359591487,0.9183235786722918,0.8565291960830204,0.42886323764189727,0.17626234225407814,graphic_design
0.1365886730074844,0.7016477650421642,0.14094745491988822,0.045823442548950835,0.26116222966277375,0.387607209323133,0.9488488448703514,0.8116188225777146,0.7812720463521446,0.2306780000809947,0.32140087094771275,0.865300328633763,software_engineering
0.3090975679652081,0.9306481846025841,0.18646617487607034,0.17127753847785573,0.1512335057106511,0.6442781369109885,0.9060692707849399,0.7034590086150175,0.3712011750932164,0.6323445199729208,0.47960450187321685,0.399181867125084,data_science
0.7042447570093237,0.8691853762135597,0.22681927821213763,0.8438247681074604,0.2051814543551067,0.5024006796648787,0.6877901345881835,0.761999583465649,0.1741586361732156,0.7465366762380676,0.18850420380031935,0.3403417759562875,medicine
0.20599620156633083,0.13238975502245529,0.5650299514038869,0.7878051675932709,0.87077192553952,0.35219098699385004,0.5554012298429647,0.34624491693186454,0.8618518279369979,0.884950439827928,0.4696119687642109,0.5483215022129143,marketing
0.2276783885020528,0.2152272218574028,0.9155570737935778,0.13173173489994056,0.4431940200153932,0.13163385320797572,0.09294651631115994,0.36125971543857394,0.851275596707979,0.6508873490300204,0.29744011523622904,0.3864808074969019,graphic_design
0.4832130835701672,0.7033427818525542,0.4128881832876424,0.37146051468076946,0.45384479445354736,0.5148320348789089,0.8991158519006848,0.7944983518273768,0.690603639458918,0.6950365180221807,0.40146063555873773,0.4881147426708716,software_engineering
0.16438687398850702,0.7833196431217243,0.3985060158890095,0.12232129166754088,0.10456798803513298,0.6348311053967084,0.8128259788941373,0.6602516493501813,0.661546903014693,0.28442733006456716,0.2698828318785962,0.5140015571049307,data_science
0.6311023529205337,0.8638258257986783,0.5044612589400197,0.7058052588515303,0.4222809980695821,0.6114198494208128,0.44593472483345414,0.5898856288684762,0.3396337099890169,0.9750540568682041,0.1620703956065228,0.5543052989878557,medicine
0.3287206099753455,0.24313309783375714,0.3347892315779288,0.8334175865028797,0.801327847038793,0.48228617169524235,0.3868183483093618,0.49990045601745287,0.7007762087002485,0.9771515611311564,0.6564821038509344,0.638744800294774,marketing
0.7739094278842268,0.4580937117497732,0.9837524539988675,0.17163996496791192,0.4457333275579314,0.22683726588102227,0.19100511418212174,0.5980438661460787,0.8371261397708518,0.7861036139445814,0.5745267517996803,0.21583136201908829,graphic_design
0.3285111572499241,0.9143001427757094,0.06631094553403556,0.25740766229148937,0.1397876429984544,0.6036384509119305,0.7844300673587413,0.7786375966753216,0.6196154618714144,0.2946031607707618,0.16039760147469423,0.45415354151883003,software_engineering
0.25965415263266883,0.9283816658083555,0.3629009635459723,0.2958270241834051,0.3982658143079116,0.5730440324637959,0.7382378536544151,0.8502432759720931,0.40892749183759025,0.6012110772158618,0.09380133236026639,0.46982618101311663,data_science
0.6520751590524988,0.9571956055235071,0.16762881502732266,0.8781385467720649,0.5533623847079423,0.6695023276005364,0.7496278510839087,0.7491900595183184,0.12860302212747257,0.9617487469701902,0.12047439745843382,0.43497811716431306,medicine
0.35991147355314107,0.14131672068170245,0.6468888232695135,0.693639558753491,0.9993823683855398,0.2450291673191028,0.40977830469678883,0.1495428672051388,0.5678049507224024,0.84295054846785,0.7126498976892804,0.5428234634029718,marketing
0.5014050920763041,0.6114002238870416,0.9017320848598749,0.06269188843716679,0.5613404653335338,0.13774543983121712,0.055246559071479164,0.38127553785435575,0.8999607307459738,0.4911840772062103,0.6748721319525326,0.4143387315249552,graphic_design
0.5329560810154493,0.6946334919076089,0.5526400370057218,0.07051470691112906,0.26178245948040413,0.4137994324705834,0.9213326657939331,0.6457283917687263,0.696200969646769,0.48124966010126613,0.4098978175416923,0.6497783498981218,software_engineering
0.20331882461821763,0.8307005592993235,0.7556690411005392,0.2948323236907106,0.4037820496275427,0.41003204670063415,0.9280861400188476,0.9619652182981536,0.4717952029931197,0.4189224661446042,0.30320008213665245,0.6373904395066755,data_science
0.7764936852165956,0.9833356922572445,0.041243523790955895,0.7200286284116573,0.23957894706191488,0.841187738684306,0.6951785790547855,0.5340607518535176,0.36644182984885343,0.6435338249563659,0.02683734735923361,0.5198278354942911,medicine
0.4009249882215029,0.10508703002644583,0.5865785311246852,0.7627970723488584,0.8276602390985961,0.5189000725270937,0.6206251678353626,0.6329216499128676,0.4807403556306793,0.9554414125707539,0.7601023840636786,0.7191016938326092,marketing
0.3790548082798478,0.5033435053578513,0.7469504000233308,0.5732256390313445,0.6223216374665327,0.0612397390075004,0.5351401443443716,0.17842424596105452,0.9046132939136345,0.6338060135300057,0.5616467551150092,0.584690602024809,graphic_design
0.16813562141424968,0.697431951995052,0.20792077335916193,0.07978194893239457,0.16153345000289812,0.6290933993751284,0.9001870724240176,0.9360207621585049,0.5664556686495981,0.4123502347854282,0.7967819431512094,0.7337330288025256,software_engineering
0.03524751621195731,0.8780459978699627,0.45835528207759957,0.5038085163365591,0.14661328998978881,0.7015466471665716,0.9999880365526416,0.8568365076683788,0.5178640007580613,0.3368874824409609,0.3202658105249998,0.47045231012470806,data_science
0.28229807410823726,0.7966286431554768,0.4293630294344173,0.8225370058848122,0.3553094968864204,0.7473569783380208,0.42236741390135163,0.7010182635777128,0.27922142939759337,0.5230161837567227,0.07070042175876973,0.6802184332583895,medicine
0.3154988176147801,0.38345681941765675,0.5851020403808606,0.7347635413926836,0.9390964846422502,0.4899754279618243,0.4445109903805091,0.5782851328473223,0.8637877143381104,0.9854511981489512,0.7579283702387929,0.5683852987832287,marketing
0.4831328304833516,0.2568988806511514,0.9320821646060636,0.14081044128529469,0.6681923677092798,0.12502601175174302,0.5560679079440041,0.5630803392254241,0.8664082408567318,0.5419290383927183,0.46727954223270046,0.2886583656988443,graphic_design
0.2804446079701799,0.6819187166680223,0.08549065932948582,0.13051996595126525,0.07825708647462729,0.5210783709816558,0.8885956335770072,0.5731862827369578,0.5561589762847721,0.2563525024589422,0.5425351796802281,0.5230061393908074,software_engineering
0.5482868227906571,0.9401276602417893,0.3845218888430802,0.40602191808970683,0.32433010145340635,0.5899206337653521,0.9282157980978607,0.9795190667469833,0.23629353915081444,0.578419016572183,0.27509675276346207,0.5941209866954829,data_science
0.5254987515455942,0.3996998888866394,0.49250984944526094,0.9554533315955365,0.4121430759463037,0.8638224324563628,0.5561801483446593,0.8000428786883356,0.384424155896413,0.7511052667308411,0.17563046092676313,0.6812109765329863,medicine
0.11343918172907023,0.42223270180071293,0.22098007834062533,0.9669673869813025,0.975465155288501,0.34660422165616356,0.322495614838489,0.44010261106869086,0.690578099710298,0.9995794323880614,0.626258246032742,0.5309557564527408,marketing
0.5012860591433944,0.29155688714507827,0.8300114814213122,0.27298801932245736,0.3572816693944283,0.2679247149762671,0.356869502991707,0.24011337972852492,0.9397330513409106,0.851042169397084,0.7455326587511247,0.3770518630393854,graphic_design
0.23123923044746258,0.9169391576891813,0.3298911043757532,0.13365098886347646,0.08288709573666155,0.5112278299336331,0.7281878776739678,0.8707548005986676,0.7712694661383817,0.5561386314274197,0.23030734753804916,0.571032391413589,software_engineering
0.14811643147829887,0.8910297983165784,0.288304946885427,0.07730595674019701,0.28872262945811644,0.5125635774410752,0.9534183311741494,0.9673123081818298,0.3646965912693364,0.7003162516808682,0.1654659316775093,0.2993594010688486,data_science
0.6799899292735193,0.875062617657858,0.28671410050574836,0.8236476392027468,0.4856851597273031,0.6213490154443508,0.7060520619860645,0.9134880116298971,0.14575354264280105,0.8904595026072515,0.06048324727223265,0.46837665762499775,medicine
0.315361613668204,0.11859520416460805,0.6290297919636125,0.7656745694271251,0.6909450260964024,0.2935771242446697,0.567876096672099,0.5840054045474452,0.5124740364531164,0.8862381469081246,0.819326034875348,0.7582351463274675,marketing
0.11966968619411412,0.49642008756978606,0.9569102776259447,0.2500629073047657,0.4795641218420693,0.22760998026848045,0.42817054270137483,0.6145860550302222,0.8311740395866891,0.4904412426454417,0.6078002354815891,0.542703346630184,graphic_design
0.056012365425946585,0.9833215449946799,0.1269123312267758,0.2849576786478179,0.09354288291599225,0.49546364058693515,0.6522044735550181,0.919093434537948,0.5072065019634581,0.5581519688471315,0.2086712214506085,0.7211135790815363,software_engineering
0.7755631980886103,0.8023633643864911,0.3184674193489647,0.05168769632124929,0.476654790620288,0.5449114192728259,0.6978509064816678,0.7139532105153453,0.3574778244463039,0.4868166314972379,0.1528506159959663,0.4697191796014772,data_science
0.8126994552955651,0.7752347195489221,0.2384343700435409,0.5348813269295863,0.5355632397716931,0.6267210039723055,0.732822375290571,0.6546034519624617,0.2416289642378416,0.6374860601238553,0.08442851902453412,0.6778858713921732,medicine
0.3057982893878865,0.36404319074713914,0.6804002390374129,0.7300754439801065,0.9831797401266973,0.3548813348338634,0.5307576070600938,0.45574701102068804,0.686519024228186,0.9121733136288225,0.6325200992537163,0.8358037497268775,marketing
0.19184565811202442,0.39726326183468924,0.8281479608751486,0.39557454805719,0.4505415616980551,0.2990454679206639,0.5825410154582468,0.14902448549664224,0.9832826874830389,0.6245909155104642,0.3546774485757826,0.4165313386183729,graphic_design
0.07004819544862535,0.8398453471134385,0.2743973679808709,0.2792975490936303,0.15213825816528453,0.3389604801336968,0.7782707483200738,0.9458746056805488,0.3638596160830207,0.5924710007415356,0.3189311375412656,0.8429943295302104,software_engineering
0.19305494962285655,0.7722409931671723,0.20548976207337968,0.5245788243260081,0.060160242863425084,0.75904886740501,0.9472722702561006,0.9498304026799893,0.5457849225370408,0.6819905068930214,0.4819490899083645,0.677445435452748,data_science
0.46132634113564314,0.7195328936919508,0.19129049600947676,0.7502980425995883,0.5352698050354677,0.8841901013813209,0.46622813508373195,0.672868601118595,0.27629732223359477,0.7781281646186969,0.30212974293873535,0.6221835119856759,medicine
0.10259442243507803,0.10305515298604725,0.8348240076235706,0.992963417240296,0.8136449176161599,0.33493418349779713,0.44695963092851637,0.4025755735264214,0.7079078062622131,0.9803863701957757,0.6640717371495134,0.5052058185145749,marketing
0.18268570415209945,0.618887199847451,0.9706390792302635,0.15622587624432105,0.4141269233644116,0.3926253783824047,0.18337022025526956,0.5571985162470877,0.857958602998007,0.6563409812464701,0.5446127240513515,0.16908239341543327,graphic_design
0.08884454692843596,0.8336631418399904,0.08416379916093387,0.37945952387098647,0.5490848618710484,0.16211186120320245,0.7664680560714846,0.7046807838628514,0.5335707155217624,0.38691595997459305,0.2393981322956039,0.7865317969634098,software_engineering
0.1667265872291056,0.9945385078141116,0.19192921366202953,0.673791990994864,0.17114151254867432,0.592615683504217,0.7597746500174032,0.8711210400283987,0.2587962518490428,0.43682131309757993,0.5128364607858882,0.4840958100203496,data_science
0.3305243484515272,0.6811544749441557,0.05337549897787177,0.9768654946071813,0.5474181176626892,0.3998758461717765,0.42521385487941055,0.6360598915843241,0.7085029294747245,0.9086596061125543,0.21702711742144815,0.8114054880452195,medicine
0.1468242003345082,0.3619558022891687,0.5570950121222293,0.6391018060310111,0.9842579124496263,0.42724542313820096,0.5282446238149378,0.4250288429306401,0.6150870977844305,0.901336301318334,0.5407469707806293,0.679460919550364,marketing
0.40390988346088996,0.49496790515663963,0.8362182664148506,0.2622910149350706,0.5166660007852558,0.16985172934183806,0.43721380825467715,0.31437605414847286,0.9424734361257243,0.750645357919058,0.34372818770043034,0.4662723580307201,graphic_design
0.6328726441062316,0.9622002782498282,0.5129746485696642,0.2590935641378244,0.18585595456222367,0.2847698968177757,0.66469574770669,0.9742439566604432,0.3511771982964116,0.3114514141924129,0.48497328996850847,0.7346384172735674,software_engineering
0.21013427249830982,0.9798948792619429,0.2097862131778445,0.22316703769459686,0.32576319468073495,0.3938560606998401,0.9425355786819102,0.8611556428521492,0.25563307523585227,0.7753264206648904,0.08906720137101076,0.17191695606378646,data_science
0.6835551304945042,0.879551036128548,0.4925643068758577,0.5339491178070559,0.7055516816501551,0.8008463507847522,0.3929763500151962,0.5622589001808586,0.21630884514959792,0.7914930094972568,0.529449547071286,0.4882378001239076,medicine
0.14474345299067404,0.21598425010924735,0.7415375812176581,0.7938332168545342,0.9622579078157762,0.24462918113930818,0.5196684161886393,0.5713528984018159,0.5296471320219552,0.967690824970286,0.6499907016888402,0.8500178305677486,marketing
0.5507085894539684,0.25579107427039766,0.8740830291503353,0.09973506405493596,0.878930937190913,0.30485443107749605,0.14782105888895786,0.3800565910960928,0.9299856499995348,0.318104159159318,0.5572235619943505,0.3592194282462425,graphic_design
0.35954780243224554,0.8802962943317664,0.12335323185174234,0.3312445157325772,0.2584229497717151,0.462417425066716,0.9378571073043498,0.8553981413371357,0.6217129068052184,0.49949333273610513,0.44893720936418635,0.8701247597219477,software_engineering
0.3764477646996314,0.9904279507364319,0.509306067736976,0.3017042309012842,0.3691630951803314,0.5464608184930526,0.8751776002171805,0.9032810243565897,0.21124949511052657,0.6887343808032742,0.19335298508051377,0.42504607021411034,data_science
0.4637428845924083,0.7995724267802079,0.34158495725661386,0.8290561909274035,0.3547155677166196,0.7557667392767676,0.38011477108286307,0.5033098191088876,0.369394731159166,0.7889834951510544,0.02894734656704206,0.5048644586242352,medicine
0.35339460919263627,0.05902465382179081,0.3779466191973451,0.8241754019390126,0.7907013250006183,0.3134826704773733,0.6921279671075956,0.7179284771309697,0.6157523802181519,0.9895600595464152,0.610977896256375,0.6717192001243449,marketing
0.47395082475789674,0.28731492387616997,0.8261787925982971,0.2428424116403453,0.6566872362245672,0.09151686424544689,0.22342080490296526,0.30039386099725407,0.9813796701430094,0.45526128728733783,0.5955131694667638,0.29523766514230215,graphic_design
0.2342078779150405,0.8486941240448933,0.31964212753091137,0.07052272015101607,0.5757948965647616,0.58938678139128,0.798122691229078,0.7799181549003826,0.4923305910967589,0.5794162589502659,0.38911101880229365,0.5698698038856999,software_engineering
0.4301994086192302,0.9508905299852223,0.2004388639612306,0.230513901301838,0.43187857979354144,0.7015663528094171,0.9950465378682106,0.7561778595391292,0.4344869369699516,0.42248167987280516,0.2027273408645562,0.6345717773923677,data_science
0.6497665381249271,0.8538073233575042,0.21042050864368547,0.8515085478460104,0.15498876257628144,0.7188772145773339,0.5740189063394531,0.8456720904825741,0.6426915683386865,0.6762482459691589,0.19561094924729552,0.39902161440263534,medicine
0.24504888837506547,0.5010785391548261,0.6229610518380282,0.990367047224954,0.7024721621434484,0.27548926008084956,0.5137116619505507,0.7682683069612701,0.44270388456286164,0.8711975750403238,0.5784228193304346,0.4362135907999453,marketing
0.2758753778939678,0.4383272654194102,0.9595135134159688,0.5420912916978705,0.5311238770870612,0.027895157365077344,0.33004074755071244,0.294189304235791,0.7936518429989818,0.44407634256933787,0.5354835490105831,0.5550401360617507,graphic_design
0.1787300658924782,0.8264671657441777,0.3268541469235705,0.2043293268220727,0.25414770142401977,0.5713061858896198,0.7999033997957169,0.6218254055382532,0.32345500765131746,0.29992511826533996,0.28933176835890945,0.6969774152257384,software_engineering
0.05095146655974771,0.9581548133195504,0.06126090533454683,0.1365065606724078,0.38342963960236404,0.5076276935054951,0.9380929904480063,0.8718503345831533,0.5129305338042814,0.36849827285226006,0.4337952318830792,0.41686961620693735,data_science
0.5059118802844802,0.8989565577971389,0.15332613701845751,0.9431392155251752,0.33359916300845915,0.8844799396596641,0.9285917664658301,0.44533247863397757,0.304391012939222,0.7824970056713895,0.2471333494349221,0.5894174979926085,medicine
0.13541011530759217,0.24274652160523116,0.6184660652569957,0.7223816894557334,0.8437205917093982,0.14265243936614438,0.40950008537407045,0.5425032711985618,0.774282270211315,0.9802009494941509,0.6477952017060374,0.48248141312454496,marketing
0.3578499855624937,0.5949221935561237,0.6799601174250839,0.11654462992078493,0.6470544955493821,0.3800958043954642,0.4049783984988326,0.6481041905814044,0.7610036082975824,0.6139980319465398,0.43461409055886824,0.3011096796825391,graphic_design
0.3693425414636428,0.8141250698795215,0.2756827456643143,0.31790720873284817,0.31084245652599607,0.37163003792619453,0.814890349504949,0.6152293958029058,0.5713576774554845,0.6386215976682958,0.570278989277298,0.751509336409092,software_engineering
0.25789786129155734,0.8227550888422294,0.1819624659188164,0.4312018573241675,0.5922432987031647,0.3413944652087501,0.9704143339597091,0.9868304608790113,0.5161769700175937,0.36288275843216106,0.15420259199937103,0.716621317341379,data_science
0.47144691681138823,0.7441834161373154,0.19789112486721325,0.8038516451873609,0.4583797423621413,0.7057188640086767,0.630284247857432,0.6808371517063517,0.2607751313818674,0.6359940042134126,0.3749410138118435,0.4646586502439221,medicine
0.17726371378468875,0.2122573894783393,0.47586727709213694,0.805495197694212,0.9840061067921549,0.34161117526811413,0.4527924795264062,0.5104044266335371,0.6688341430975501,0.9934905426512325,0.9063150209378803,0.635876359528098,marketing
0.3601842527073993,0.48046167671238454,0.9912337905312416,0.36249571907735423,0.2710100391152428,0.18891085373213154,0.37931413536356073,0.4149981861496479,0.9743147496999639,0.2883952711800487,0.3018793583910105,0.5515698919423759,graphic_design
0.2577912775020997,0.9166337328745637,0.22595407485146685,0.1805249141573801,0.5399858143556078,0.39786134276085694,0.6583495179361887,0.5851444110785338,0.5901605663841096,0.6012276937344864,0.1871175180155427,0.6882283758088401,software_engineering
0.2736678534709601,0.9330042966312021,0.0987549889440252,0.3115554640388202,0.1447895376510269,0.6696117332179694,0.9642554995800253,0.9706347748105971,0.21340328984050586,0.7134972620251782,0.2743042292940496,0.7075870857069151,data_science
0.426059932151232,0.6825995547121603,0.3026237892170929,0.9620762244831208,0.5085275198638096,0.4936826238895193,0.47158831349636426,0.771452297798845,0.16893255170122884,0.8588046046101436,0.4180688545074779,0.8320205719481417,medicine
0.2973171139888682,0.6951360385358607,0.5286781181329822,0.8621278407649463,0.9280248207366512,0.4371574970061779,0.19645719171253445,0.7114098005753362,0.6786537579065534,0.9920479794288065,0.8532858575565768,0.504660637686184,marketing
0.5055871774143033,0.5734118187413751,0.8393403146031546,0.3490058254088543,0.5911570540115146,0.09824065766675989,0.0781004794411221,0.25591347188186647,0.9248118692093145,0.702170918614432,0.6628629366465705,0.2784623006930027,graphic_design
0.3541089770784862,0.7904102007925566,0.14435777402619682,0.22348391005649623,0.3326455399615386,0.8473792358075033,0.7104340293069655,0.9266981608179351,0.31387483055855836,0.12646879794518065,0.6378201119828746,0.57131320038691,software_engineering
0.5655338713492948,0.8264950601251659,0.5984068002034653,0.0609933323744359,0.17321234240202035,0.48986334596674536,0.9720521049627804,0.9683707654198771,0.4856823242812089,0.510529506935462,0.351402071648139,0.476861028765613,data_science
0.5377396888881645,0.7971468771155764,0.03375150070299334,0.9609476160744478,0.5736463044651712,0.8220931558641512,0.42072267853470463,0.7107577821516811,0.42254321241234843,0.7921623681464738,0.1523197518047844,0.5324965086464435,medicine
0.2883645483803481,0.14571848174434213,0.3255448665044953,0.7663030135362052,0.9736757367383614,0.3977851563651647,0.357162854746874,0.43115943165581994,0.8035963325035204,0.8678182096815239,0.8243795617292673,0.5941246160479796,marketing
0.5589434787187472,0.39281513803704743,0.9523309587836329,0.33143435567883234,0.6601899104394797,0.2879009930735365,0.3499863445678056,0.5122301256719425,0.9838552878610819,0.6283279777867535,0.4072338083394721,0.29386445377611625,graphic_design
0.03753030216992532,0.5864127191168902,0.36926867084203435,0.05078019666506302,0.21658510592278693,0.44644932095273915,0.7648607385078863,0.7682225045952237,0.733441541391806,0.18772547600736017,0.4793770923232062,0.6582475947303099,software_engineering
0.3492433339085702,0.8957002179929812,0.18073915076954958,0.28377922229400926,0.2684382985858075,0.5475328561443892,0.860589640782718,0.8095569940426094,0.13146738339500666,0.3792302979358558,0.22879693940487147,0.17540763212104946,data_science
0.40983942162643117,0.7988344659061063,0.31998341750673726,0.6612910920867988,0.22467277333595692,0.5865812849952694,0.7224314030504847,0.867511099168418,0.5087072732963335,0.7935818944250181,0.14211353417765052,0.6105831178473604,medicine
0.14093352320207364,0.40267723256693916,0.43405368673901945,0.613122560437422,0.8177378765245968,0.3084751110855379,0.5395871592706464,0.3066032735629044,0.7831973449549143,0.879704815042275,0.7149558948012028,0.7739252141266797,marketing
0.5101587718523737,0.3506538395761792,0.9136496305486619,0.11478135294480922,0.3148455159596583,0.1862909615972041,0.07703288849280271,0.1340825485173138,0.8798700574203727,0.574896893133453,0.38195659244670077,0.3147707826851146,graphic_design
0.13034251905995575,0.9720191435483683,0.4317648563629181,0.6605002808567203,0.3563703429019925,0.6576461711625865,0.8142771091689422,0.8350981882119952,0.49879813675928814,0.34654090002104765,0.3532852885302527,0.7137055439824915,software_engineering
0.07511698447685439,0.8401543267103109,0.39260634188883164,0.1731600722882586,0.5170113818737495,0.7584169122154542,0.9653074536768949,0.8970529071135676,0.31189948738308265,0.42801686739263606,0.45277779666785883,0.23949468178048836,data_science
0.61407495243075,0.8585304732348451,0.1375024159228045,0.8906108578297199,0.248331094244728,0.6030822035268837,0.697660137361382,0.5653222051074916,0.4068371180243966,0.6488551985834015,0.2128959690515066,0.5804290712139009,medicine
0.4816867209678101,0.3956379597210422,0.7134614735635499,0.6824220923456376,0.9509316616360536,0.18961688000274493,0.288698589006841,0.5672398102160863,0.8566946778671392,0.922122038526485,0.6748332302315152,0.5987927426966385,marketing
0.5170903461184307,0.2543255938566685,0.8160681893103885,0.3577426371652884,0.5070999305505278,0.36416171187871604,0.15365796782092672,0.2588897747957044,0.9876082334491032,0.5945716143985,0.37136156864844483,0.3640466414567196,graphic_design
0.31182165040845705,0.7045418090332144,0.5581722861937592,0.4527080349601326,0.1892354530218497,0.5226844162308975,0.7833645734554745,0.6319888407718636,0.9419895111914417,0.36683698882318033,0.5872306896223665,0.7749445405454576,software_engineering
0.39189840748541804,0.9937876372779265,0.05896143456616299,0.24417419315658942,0.40254060279126525,0.5384609796834213,0.9700342730798122,0.9877772222341754,0.42953777138806315,0.6867085802958119,0.51039607255141,0.628927564053746,data_science
0.21237062071947188,0.8716034469221883,0.48401649765080246,0.9015292184852483,0.48808762631342745,0.7132678169872284,0.8417901416994722,0.5913277950512829,0.4714528878435151,0.6376999396339569,0.08534539110497369,0.9022275626729995,medicine
0.5215776970757665,0.11863322078674829,0.5596607269747559,0.428200738072201,0.9698483736847574,0.4674389611935744,0.27921325993142465,0.5560965719056455,0.5644765998804862,0.9383468953876583,0.46342883364658904,0.777161282738908,marketing
0.44378129175043823,0.4190674988676505,0.6774930518855202,0.06589470474320473,0.48830905884343195,0.20258931350523665,0.21793872665167635,0.17037087344503998,0.9132696576877182,0.5370611693263254,0.8973839797739669,0.42586559807830443,graphic_design
0.2973031439532735,0.7660795756876333,0.3764494599912112,0.4165161066619765,0.4734927107753085,0.6463778895265753,0.8074547147517908,0.6848392513884236,0.6909379243216668,0.43516746277899804,0.13266553314960533,0.5670976779741617,software_engineering
0.38058698409241826,0.9038376731767815,0.3325474072624923,0.16247341816804176,0.3762871426498129,0.7694279317415733,0.997670663166271,0.9938614043518853,0.6893089311464797,0.707314666569474,0.1896904240448694,0.41695808479565294,data_science
0.35948624587502637,0.7468276688101909,0.24219870390604914,0.6620823140884587,0.3179540858673176,0.6596132006694554,0.5314380457628595,0.5868643837073008,0.2726461880052109,0.39084376127435433,0.14423978814617472,0.4052553452715691,medicine
0.04975465476494556,0.30703266998715656,0.5931509095524828,0.4288951175199051,0.8943352800934031,0.4438649649751821,0.18108767811149892,0.7039929070573612,0.936327796328808,0.8424842193919012,0.23691731703259888,0.3524731782227609,marketing
0.2904515579049378,0.40712283703512836,0.9376615900561566,0.16522652812011404,0.6487555297675835,0.2886793855025678,0.17161274568345278,0.5128945511527898,0.9710841057971004,0.47303820187645684,0.5293587611324387,0.40594105033606304,graphic_design
0.7633048538834167,0.832589720178774,0.5955370170949691,0.2077959633889158,0.13107840794842734,0.7131327129472407,0.7677063840429535,0.829642021598011,0.4671878789750551,0.4410619198069545,0.46788250190344166,0.6283899450819254,software_engineering
0.38793902259393814,0.7339025384723294,0.5086707925743101,0.37883434098604973,0.2611662241216664,0.7541124187849092,0.9926870041299652,0.8952927431997373,0.30453272531791536,0.3733388135468792,0.10815361242939538,0.4425133936737759,data_science
0.37339928254974447,0.8487156762215551,0.24062403793355425,0.8683860835477314,0.34815577943726234,0.7832976226003866,0.5227520593061161,0.8347765170012368,0.35314946269236785,0.7164652815249315,0.17555540236632658,0.7140607929868041,medicine
0.1303931241264254,0.3867304772661655,0.7343687343164677,0.891010472021449,0.8746189039210903,0.49492526835201156,0.6238840388566743,0.2155015644226962,0.46898832692645204,0.8480377982241594,0.9230599286347982,0.41264507115405846,marketing
0.3112602467721937,0.20901954180685284,0.909788957500356,0.2996625068319775,0.7606029227147448,0.23223971181031444,0.18900591654738075,0.4172827336056032,0.9994602020491806,0.4520731019183955,0.42010800259713466,0.5034077516558124,graphic_design
0.587417480238993,0.9323384067979009,0.3920429595937518,0.09581440179258885,0.11356765522418297,0.47985153647240153,0.5909688939047156,0.8852314671077265,0.445365625206667,0.2584852039945013,0.39349272931892026,0.624923995370748,software_engineering
0.45673971499019084,0.9605731114711411,0.37970432357546346,0.16483225391544656,0.14648332594015145,0.6237166441621503,0.9103689323426412,0.8332439057311228,0.4738010868778748,0.44462766617365895,0.30033841345318946,0.44975985445535077,data_science
0.40659726844712196,0.5832905723016035,0.20147037090825146,0.8316224780742335,0.3328786300271462,0.7618189708896456,0.7159927485487535,0.7042956343666616,0.5637502360265463,0.7836738579794154,0.08651784967530564,0.729703351617623,medicine
0.06931584394548394,0.26261730206853745,0.6152660218069237,0.8451984146109058,0.9870648199279728,0.8463372264955681,0.7088295082389536,0.3336205293537748,0.7519297001585197,0.9876004559614124,0.7781362727913583,0.4939405125471873,marketing
0.6945243170666869,0.34934412475169446,0.95698300319787,0.10354357057479142,0.34282908168400084,0.232929882156115,0.13393979325524694,0.5950494735482093,0.8545439811239903,0.6637002594819675,0.6390973643055398,0.16757878215204505,graphic_design
0.16224363120653743,0.7601971275285355,0.08584673570580913,0.3146146053884359,0.047699994572798055,0.6178500190533116,0.8239551141396906,0.852710721422573,0.3213821050433362,0.41222587740275085,0.6575806857862457,0.7742338174195639,software_engineering
0.3090669022116622,0.8915986905602199,0.16287776244590144,0.25372936685085257,0.16804441431951206,0.7867583398664042,0.9410321682328814,0.9711905068334423,0.17130054693787347,0.49992247485157165,0.26535093036451635,0.5193223812561922,data_science
0.5881502636126508,0.8118696113532631,0.11792200656221916,0.9418939676977803,0.5105137123064282,0.5588453804877686,0.4429350625131644,0.6189366066725863,0.3225815080072404,0.6894682845134625,0.1600458960805326,0.34499041999632596,medicine
0.3783555613440209,0.2059581502441694,0.30054375302960135,0.697255009120797,0.9995573234967418,0.41372512240957543,0.4302333940418143,0.6806168232838739,0.677290337926476,0.9365298593650176,0.7342279948107194,0.7017998507728612,marketing
0.24111973891659758,0.46289088228087577,0.8926912531368453,0.15385297525616592,0.7626557284738288,0.30854067950908837,0.4395548406637231,0.3214930909649156,0.8863713538451823,0.7470074215945417,0.6517441561807176,0.29467460587894095,graphic_design
0.15878435509330052,0.6011372352778401,0.13768077528499875,0.40574436259922925,0.40802878034636514,0.23948375815286077,0.6107418428291387,0.7040396397979459,0.7337846655274527,0.5915379820419487,0.2622460373443315,0.4991809548421914,software_engineering
0.29191070756591747,0.9736695309012278,0.31283766705553395,0.23894483044990197,0.3333438430834077,0.4685019049897976,0.9467079557591811,0.8082423328835586,0.5268632922194162,0.2780773799500387,0.15279306769557435,0.8032349127653629,data_science
0.7841798638083051,0.8469532461621763,0.8070713067503,0.8837240033113936,0.6462916850625502,0.3313821470209694,0.42864681334548443,0.8472153514062254,0.1297466579907923,0.5167965762113066,0.1809479967511111,0.7207119387701322,medicine
0.159210485349631,0.2885790121922207,0.5510129666111332,0.9512649205077861,0.8502249834587772,0.2713827531805711,0.6056900845624595,0.6342983225334501,0.658639470396061,0.9478073523632241,0.799922455078513,0.678710732051012,marketing
0.16790081137544194,0.22195801359386833,0.9656762833230134,0.5644218153279574,0.5959661035006657,0.4977603669012036,0.3533465251457106,0.2917104083265205,0.7067670059480073,0.3322659590471206,0.23971197872266017,0.18035639807347553,graphic_design
0.5445957525971229,0.8114142643038351,0.206485448352142,0.34609976161810874,0.15395678365673954,0.6890034691807553,0.6538324312547228,0.8885882265810948,0.5715770002155524,0.18408388052679953,0.3146046062600124,0.4550209284627261,software_engineering
0.3811117114251773,0.8609878959599363,0.1924972385709362,0.37679004243001096,0.17064691192384143,0.8586777223989125,0.7940357222815478,0.894665861263235,0.32152183809590973,0.4163769919608891,0.47144599231544115,0.6947613912423798,data_science
0.5947574457843515,0.7516437223957202,0.673083755040138,0.7247422841128497,0.5309907137557159,0.9178359773388065,0.3959868343718982,0.4748739370345782,0.11405054276263356,0.678879766585637,0.2946737746581876,0.7257532220113003,medicine
0.4973853336098487,0.2491620552950748,0.6215492532908345,0.8189758319129834,0.926274605936587,0.4934685357514339,0.48409802957594655,0.6309830896729984,0.7548442057254178,0.9900531602219649,0.8191463735634498,0.3318121547538792,marketing
0.224167992861167,0.2719822810233221,0.924711695934495,0.4285179415004261,0.4471725911509472,0.13876546165261,0.2382048312655105,0.3230361083991084,0.9986672532788627,0.7937158236171689,0.4574675085106952,0.506021423401258,graphic_design
0.3130217956377799,0.6485763251563376,0.16740117982991193,0.5550310078802055,0.07810783045505207,0.5349769626289098,0.8716041703881358,0.843788690535467,0.8015116152419592,0.32162093527072494,0.21934263891788935,0.7476453483792576,software_engineering
0.1590038136529339,0.9689937463713059,0.28874687256762677,0.4279407981475907,0.19406379895865647,0.8475815257490816,0.9118582909010876,0.9843773374002414,0.48097511796680387,0.7137973247862093,0.4200400592487824,0.7868229152082273,data_science
0.15019283011644613,0.8724582813487918,0.17630198837868663,0.8169710643271232,0.203037843623763,0.6845219876937373,0.8841640496226744,0.874798435145517,0.4096504944470405,0.668894915075876,0.12383297078875052,0.3618263286858126,medicine
0.5114103032948385,0.42755400307812746,0.36320092805798204,0.6824709506738755,0.8213317241171976,0.2683377982038778,0.3244844532982104,0.7135916237651864,0.5354470239997083,0.9134705368280607,0.8607019203596363,0.8519856104433671,marketing
0.32124654281975124,0.27453256315684,0.8522172189016006,0.29959241210625914,0.5249829080679395,0.37698440513211856,0.42914906506164613,0.3903614046610696,0.6352419603219202,0.21238880783424807,0.4385926901565578,0.4008606369774826,graphic_design
0.45801761425293736,0.7415835367676813,0.0687144357379624,0.4504553368362758,0.58198137077314,0.7448009666526791,0.7435106701517942,0.9273033118325679,0.6634083732727784,0.5351429819926391,0.5652690324852515,0.4663267570095582,software_engineering
0.3488535941644211,0.8760248641647193,0.13475367121146842,0.10394631327528382,0.18892716708086404,0.5101118358804803,0.949443612635665,0.8994159530274849,0.2281313357413004,0.5488178827407045,0.40244549346518094,0.4051498726303775,data_science
0.5305356073858539,0.9255602976284462,0.22391700975146123,0.7705934304860308,0.32382144440430916,0.4173814286361274,0.1874124589310636,0.8680384271759669,0.1585075836694949,0.8319013609627899,0.024726046953288224,0.6634067971945266,medicine
0.31043100902643217,0.20703763165005049,0.825130903249601,0.8509276853972333,0.9589079859839396,0.5380204773681015,0.42532577648135916,0.6043247400377947,0.6865510351973537,0.9035740871692137,0.6270485618723336,0.39481949399965927,marketing
0.40397363613808474,0.2485085824778691,0.9635070888203114,0.23082863643040466,0.5021048890695136,0.28337378906225363,0.27937152526225006,0.2446296228894441,0.8148897127796961,0.6127349321966398,0.778396494895366,0.5961410640766407,graphic_design
0.7604125768063053,0.8363612945316689,0.4357767479190413,0.26917210935771607,0.3652037926065207,0.37157997053054387,0.6083830210753634,0.8577504882334354,0.6692082676017259,0.6842366826172904,0.42358293771058664,0.672836669220775,software_engineering
0.10033996208827409,0.9584730142761173,0.22406362760166704,0.298197608277444,0.41539385735066703,0.568713629571892,0.9537527207482831,0.7489486990634794,0.6980768740647569,0.32171149703927265,0.2824599138909635,0.5690750093072346,data_science
0.5814068645062643,0.728418756398589,0.1892400269093564,0.9383263042490385,0.46028516685480475,0.7988827416474805,0.3861403519964621,0.7347486317974431,0.16647725091266397,0.7436323857592152,0.19626690356906173,0.798005584740362,medicine
0.12398886780460695,0.31936343196867883,0.3426699203763143,0.8793173725786242,0.7872951948728222,0.6167782762895646,0.2563353950316063,0.604577763458791,0.7389954541854643,0.7808750996215785,0.743283740252704,0.6899056217886338,marketing
0.16209432337252247,0.47008920850384284,0.8072697258507372,0.10276657702181073,0.31539826581019453,0.16703981796716091,0.2855795783741969,0.5736734801585343,0.8332406372429696,0.4524211322134916,0.5412803634465592,0.3246903048791348,graphic_design
0.0780406780400247,0.7515630391551492,0.38533557449757283,0.16846150923393888,0.25190791789204486,0.5575602096835037,0.6153177870171258,0.5729052983671405,0.5915156400220457,0.36922076706011636,0.33719316129468724,0.5239938478402164,software_engineering
0.21643868794528223,0.6272837138979087,0.3797130099752279,0.3965984984506646,0.3039022952252865,0.6282215261096796,0.8385565026438517,0.7651868568191046,0.49881543546385476,0.19194022455191634,0.27723195967110953,0.4974456233924677,data_science
0.4635763942633039,0.5838161496939374,0.15073645051074935,0.8859367845136509,0.4801229370761402,0.7401986483489502,0.6937371145285686,0.7921137162284265,0.1631607288990589,0.8484265702353013,0.20976110246442867,0.5770244928981926,medicine
0.2424640164628027,0.5361981518512581,0.5541213239885037,0.8463392995027182,0.8836802725156219,0.3848305070173299,0.4958982271571715,0.5880038010728433,0.8695092673363173,0.734145463157843,0.6384974951806202,0.5829726119526752,marketing
0.546760504834535,0.556798921148838,0.9956754659481526,0.285419976345941,0.3656078368910149,0.6108764551821244,0.22225667462655924,0.5145673440983823,0.9423559397724081,0.4745292346262195,0.3086097188373243,0.2876942005670077,graphic_design
